{"type":"FeatureCollection","bbox":[0.0,0.0,-1.0,-1.0],"features":[{"type":"Feature","properties":{"deaths_from_cancer_0_to_74_years_2014_to_2018_sdr":82.6503714798382,"deaths_lung_cancer_0_74_years_2014_to_2018_sdr_upper_95pc_ci":76.2776167052582,"deaths_lung_cancer_0_74_years_2014_to_2018_sdr_lower_95pc_ci":67.4073411725945,"deaths_from_lung_cancer_0_to_74_years_2014_to_2018_sig":"**","dths_rsprtry_systm_dsss_0_74_yrs_2014_to_2018_sdr_uppr_95pc_ci":67.0591885977236,"deaths_from_cancer_0_to_74_years_2014_to_2018_sdr_upper_95pc_ci":84.8064715222293,"dths_scde_slf_inflctd_injrs_0_74_yrs_2014_to_2018_avrge_anl_asr":7.95415186016457,"dths_chrnc_obstrctve_plmnry_dsse_0_74_yrs_2013_to_2017_nmbr":369.0,"dths_crcltry_systm_dsss_0_74_yrs_2014_to_2018_sdr_uppr_95pc_ci":74.3846972725526,"dths_rsprtry_systm_dsss_0_74_yrs_2014_to_2018_nmbr":698.0,"deaths_from_cancer_0_to_74_years_2014_to_2018_sig":"**","dths_lng_cnr_0_74_yrs_2014_to_2018_avrge_anl_asr_pr_100000_lwr":13.6538337309173,"dths_crcltry_systm_dsss_0_74_yrs_2014_to_2018_nmbr":2137.0,"deaths_cerebrovascular_diseases_0_74_years_2014_to_2018_sig":"**","phn_code":"PHN202","dths_lng_cnr_0_74_yrs_2014_to_2018_avrge_anl_asr_pr_100000_upr":15.4505707800809,"deaths_respiratory_system_diseases_0_74_years_2014_to_2018_sdr":62.4278479672273,"dths_chrnc_obstrctve_plmnry_dsse_0_74_yrs_2013_to_2017_sg":"**","dths_scde_slf_inflctd_injrs_0_74_yrs_2014_to_2018_nmbr":560.0,"dths_chrn_obstrcve_plmnry_dse_0_74_yrs_2013_to_2017_avrge_anl_0":4.78764115016795,"deaths_circulatory_system_diseases_0_74_years_2014_to_2018_sig":"**","dths_scde_slf_inflctd_injrs_0_74_yrs_2014_to_2018_sdr":64.1230075146589,"dths_chrn_obstrcve_plmnry_dse_0_74_yrs_2013_to_2017_avrge_anl_1":5.87565482009563,"deaths_circulatory_system_diseases_0_74_years_2014_to_2018_sdr":71.3591531036752,"deaths_from_lung_cancer_0_to_74_years_2014_to_2018_number":1008.0,"dths_crlty_sytm_ds_0_74_yrs_2014_to_2018_avrge_anl_asr_pr_10000":30.7489863398978,"dths_rspty_sytm_ds_0_74_yrs_2014_to_2018_avrge_anl_asr_pr_100_1":9.32734782119498,"dths_rspty_sytm_ds_0_74_yrs_2014_to_2018_avrge_anl_asr_pr_100_2":10.8221829567298,"dths_rsprtry_systm_dsss_0_74_yrs_2014_to_2018_sdr_lwr_95pc_ci":57.796507336731,"deaths_from_cancer_0_to_74_years_2014_to_2018_sdr_lower_95pc_ci":80.4942714374471,"dths_cncr_0_74_yrs_2014_to_2018_avrge_annl_asr_pr_100000":81.3635805448805,"dths_scde_slf_inflctd_injrs_0_74_yrs_2014_to_2018_sdr_upr_95pc":69.4340031121051,"dths_scde_slf_inflctd_injrs_0_74_yrs_2014_to_2018_sdr_lwr_95pc":58.8120119172126,"dths_chrn_obstrcve_plmnry_dse_0_74_yrs_2013_to_2017_sdr_upr_95p":60.5962999998162,"deaths_respiratory_system_diseases_0_74_years_2014_to_2018_sig":"**","dths_scde_slf_inflctd_injrs_0_74_yrs_2014_to_2018_avrge_anl_a_0":7.29534830200184,"dths_scde_slf_inflctd_injrs_0_74_yrs_2014_to_2018_avrge_anl_a_1":8.6129554183273,"dths_chrn_obstrcve_plmnry_dse_0_74_yrs_2013_to_2017_sdr_lwr_95p":49.3754906150734,"dths_rspty_sytm_ds_0_74_yrs_2014_to_2018_avrge_anl_asr_pr_10000":10.0747653889624,"deaths_cerebrovascular_diseases_0_74_years_2014_to_2018_sdr":83.7000628635048,"deaths_from_cancer_0_to_74_years_2014_to_2018_number":5645.0,"dths_scde_slf_inflctd_injrs_0_74_yrs_2014_to_2018_sg":"**","deaths_cerebrovascular_diseases_0_74_years_2014_to_2018_number":460.0,"dths_cnr_0_74_yrs_2014_to_2018_avrge_anl_asr_pr_100000_lwr_95pc":79.2410490145207,"dths_cnr_0_74_yrs_2014_to_2018_avrge_anl_asr_pr_100000_upr_95pc":83.4861120752403,"deaths_from_lung_cancer_0_to_74_years_2014_to_2018_sdr":71.8424789389264,"dths_crcltry_systm_dsss_0_74_yrs_2014_to_2018_sdr_lwr_95pc_ci":68.3336089347979,"dths_chrnc_obstrctve_plmnry_dsse_0_74_yrs_2013_to_2017_sdr":54.9858953074448,"dths_chrn_obstrcve_plmnry_dse_0_74_yrs_2013_to_2017_avrge_anl_a":5.33164798513179,"dths_crlty_sytm_ds_0_74_yrs_2014_to_2018_avrge_anl_asr_pr_100_2":32.0527071980251,"dths_crlty_sytm_ds_0_74_yrs_2014_to_2018_avrge_anl_asr_pr_100_1":29.4452654817704,"dths_lng_cncr_0_74_yrs_2014_to_2018_avrge_annl_asr_pr_100000":14.5522022554991},"id":"phidu_premature_mortality_by_cause_phn_2014_18.10"},{"type":"Feature","properties":{"deaths_from_cancer_0_to_74_years_2014_to_2018_sdr":113.097235723913,"deaths_lung_cancer_0_74_years_2014_to_2018_sdr_upper_95pc_ci":121.416235720345,"deaths_lung_cancer_0_74_years_2014_to_2018_sdr_lower_95pc_ci":99.4143542102646,"deaths_from_lung_cancer_0_to_74_years_2014_to_2018_sig":null,"dths_rsprtry_systm_dsss_0_74_yrs_2014_to_2018_sdr_uppr_95pc_ci":118.600439491552,"deaths_from_cancer_0_to_74_years_2014_to_2018_sdr_upper_95pc_ci":118.216498531914,"dths_scde_slf_inflctd_injrs_0_74_yrs_2014_to_2018_avrge_anl_asr":13.0966210937205,"dths_chrnc_obstrctve_plmnry_dsse_0_74_yrs_2013_to_2017_nmbr":206.0,"dths_crcltry_systm_dsss_0_74_yrs_2014_to_2018_sdr_uppr_95pc_ci":117.370235563363,"dths_rsprtry_systm_dsss_0_74_yrs_2014_to_2018_nmbr":298.0,"deaths_from_cancer_0_to_74_years_2014_to_2018_sig":"**","dths_lng_cnr_0_74_yrs_2014_to_2018_avrge_anl_asr_pr_100000_lwr":20.1370806093348,"dths_crcltry_systm_dsss_0_74_yrs_2014_to_2018_nmbr":790.0,"deaths_cerebrovascular_diseases_0_74_years_2014_to_2018_sig":null,"phn_code":"PHN204","dths_lng_cnr_0_74_yrs_2014_to_2018_avrge_anl_asr_pr_100000_upr":24.593717329908,"deaths_respiratory_system_diseases_0_74_years_2014_to_2018_sdr":106.507593764074,"dths_chrnc_obstrctve_plmnry_dsse_0_74_yrs_2013_to_2017_sg":"*","dths_scde_slf_inflctd_injrs_0_74_yrs_2014_to_2018_nmbr":162.0,"dths_chrn_obstrcve_plmnry_dse_0_74_yrs_2013_to_2017_avrge_anl_0":9.99966525692166,"deaths_circulatory_system_diseases_0_74_years_2014_to_2018_sig":"**","dths_scde_slf_inflctd_injrs_0_74_yrs_2014_to_2018_sdr":105.579419097476,"dths_chrn_obstrcve_plmnry_dse_0_74_yrs_2013_to_2017_avrge_anl_1":13.1627118495543,"deaths_circulatory_system_diseases_0_74_years_2014_to_2018_sdr":109.719118686467,"deaths_from_lung_cancer_0_to_74_years_2014_to_2018_number":387.0,"dths_crlty_sytm_ds_0_74_yrs_2014_to_2018_avrge_anl_asr_pr_10000":47.2784714360915,"dths_rspty_sytm_ds_0_74_yrs_2014_to_2018_avrge_anl_asr_pr_100_1":15.2368929364034,"dths_rspty_sytm_ds_0_74_yrs_2014_to_2018_avrge_anl_asr_pr_100_2":19.1400415329467,"dths_rsprtry_systm_dsss_0_74_yrs_2014_to_2018_sdr_lwr_95pc_ci":94.4147480365969,"deaths_from_cancer_0_to_74_years_2014_to_2018_sdr_lower_95pc_ci":107.977972915913,"dths_cncr_0_74_yrs_2014_to_2018_avrge_annl_asr_pr_100000":111.336414869844,"dths_scde_slf_inflctd_injrs_0_74_yrs_2014_to_2018_sdr_upr_95pc":121.837820149389,"dths_scde_slf_inflctd_injrs_0_74_yrs_2014_to_2018_sdr_lwr_95pc":89.3210180455625,"dths_chrn_obstrcve_plmnry_dse_0_74_yrs_2013_to_2017_sdr_upr_95p":135.748552368797,"deaths_respiratory_system_diseases_0_74_years_2014_to_2018_sig":null,"dths_scde_slf_inflctd_injrs_0_74_yrs_2014_to_2018_avrge_anl_a_0":11.079844339436,"dths_scde_slf_inflctd_injrs_0_74_yrs_2014_to_2018_avrge_anl_a_1":15.1133978480051,"dths_chrn_obstrcve_plmnry_dse_0_74_yrs_2013_to_2017_sdr_lwr_95p":103.127691186648,"dths_rspty_sytm_ds_0_74_yrs_2014_to_2018_avrge_anl_asr_pr_10000":17.1884672346751,"deaths_cerebrovascular_diseases_0_74_years_2014_to_2018_sdr":111.135057579187,"deaths_from_cancer_0_to_74_years_2014_to_2018_number":1875.0,"dths_scde_slf_inflctd_injrs_0_74_yrs_2014_to_2018_sg":null,"deaths_cerebrovascular_diseases_0_74_years_2014_to_2018_number":149.0,"dths_cnr_0_74_yrs_2014_to_2018_avrge_anl_asr_pr_100000_lwr_95pc":106.29685431674,"dths_cnr_0_74_yrs_2014_to_2018_avrge_anl_asr_pr_100000_upr_95pc":116.375975422948,"deaths_from_lung_cancer_0_to_74_years_2014_to_2018_sdr":110.415294965305,"dths_crcltry_systm_dsss_0_74_yrs_2014_to_2018_sdr_lwr_95pc_ci":102.068001809571,"dths_chrnc_obstrctve_plmnry_dsse_0_74_yrs_2013_to_2017_sdr":119.438121777723,"dths_chrn_obstrcve_plmnry_dse_0_74_yrs_2013_to_2017_avrge_anl_a":11.581188553238,"dths_crlty_sytm_ds_0_74_yrs_2014_to_2018_avrge_anl_asr_pr_100_2":50.575372787917,"dths_crlty_sytm_ds_0_74_yrs_2014_to_2018_avrge_anl_asr_pr_100_1":43.9815700842661,"dths_lng_cncr_0_74_yrs_2014_to_2018_avrge_annl_asr_pr_100000":22.3653989696214},"id":"phidu_premature_mortality_by_cause_phn_2014_18.11"},{"type":"Feature","properties":{"deaths_from_cancer_0_to_74_years_2014_to_2018_sdr":108.774703415441,"deaths_lung_cancer_0_74_years_2014_to_2018_sdr_upper_95pc_ci":116.657812410974,"deaths_lung_cancer_0_74_years_2014_to_2018_sdr_lower_95pc_ci":101.084692879554,"deaths_from_lung_cancer_0_to_74_years_2014_to_2018_sig":"*","dths_rsprtry_systm_dsss_0_74_yrs_2014_to_2018_sdr_uppr_95pc_ci":128.812345088329,"deaths_from_cancer_0_to_74_years_2014_to_2018_sdr_upper_95pc_ci":112.33795516417,"dths_scde_slf_inflctd_injrs_0_74_yrs_2014_to_2018_avrge_anl_asr":14.1576391016143,"dths_chrnc_obstrctve_plmnry_dsse_0_74_yrs_2013_to_2017_nmbr":439.962200796668,"dths_crcltry_systm_dsss_0_74_yrs_2014_to_2018_sdr_uppr_95pc_ci":116.603601132695,"dths_rsprtry_systm_dsss_0_74_yrs_2014_to_2018_nmbr":656.799987360062,"deaths_from_cancer_0_to_74_years_2014_to_2018_sig":"**","dths_lng_cnr_0_74_yrs_2014_to_2018_avrge_anl_asr_pr_100000_lwr":20.4754195212111,"dths_crcltry_systm_dsss_0_74_yrs_2014_to_2018_nmbr":1591.24388563676,"deaths_cerebrovascular_diseases_0_74_years_2014_to_2018_sig":null,"phn_code":"PHN205","dths_lng_cnr_0_74_yrs_2014_to_2018_avrge_anl_asr_pr_100000_upr":23.6298650319642,"deaths_respiratory_system_diseases_0_74_years_2014_to_2018_sdr":119.660859082633,"dths_chrnc_obstrctve_plmnry_dsse_0_74_yrs_2013_to_2017_sg":"**","dths_scde_slf_inflctd_injrs_0_74_yrs_2014_to_2018_nmbr":384.020055335195,"dths_chrn_obstrcve_plmnry_dse_0_74_yrs_2013_to_2017_avrge_anl_0":11.5237283376768,"deaths_circulatory_system_diseases_0_74_years_2014_to_2018_sig":"**","dths_scde_slf_inflctd_injrs_0_74_yrs_2014_to_2018_sdr":114.132897443055,"dths_chrn_obstrcve_plmnry_dse_0_74_yrs_2013_to_2017_avrge_anl_1":13.8993454585698,"deaths_circulatory_system_diseases_0_74_years_2014_to_2018_sdr":111.142648145853,"deaths_from_lung_cancer_0_to_74_years_2014_to_2018_number":751.012801038346,"dths_crlty_sytm_ds_0_74_yrs_2014_to_2018_avrge_anl_asr_pr_10000":47.8918768087352,"dths_rspty_sytm_ds_0_74_yrs_2014_to_2018_avrge_anl_asr_pr_100_1":17.8342845906836,"dths_rspty_sytm_ds_0_74_yrs_2014_to_2018_avrge_anl_asr_pr_100_2":20.7880649137267,"dths_rsprtry_systm_dsss_0_74_yrs_2014_to_2018_sdr_lwr_95pc_ci":110.509373076937,"deaths_from_cancer_0_to_74_years_2014_to_2018_sdr_lower_95pc_ci":105.211451666713,"dths_cncr_0_74_yrs_2014_to_2018_avrge_annl_asr_pr_100000":107.081180448738,"dths_scde_slf_inflctd_injrs_0_74_yrs_2014_to_2018_sdr_upr_95pc":125.548266614588,"dths_scde_slf_inflctd_injrs_0_74_yrs_2014_to_2018_sdr_lwr_95pc":102.717528271521,"dths_chrn_obstrcve_plmnry_dse_0_74_yrs_2013_to_2017_sdr_upr_95p":143.345539007493,"deaths_respiratory_system_diseases_0_74_years_2014_to_2018_sig":"**","dths_scde_slf_inflctd_injrs_0_74_yrs_2014_to_2018_avrge_anl_a_0":12.7416172484681,"dths_scde_slf_inflctd_injrs_0_74_yrs_2014_to_2018_avrge_anl_a_1":15.5736609547606,"dths_chrn_obstrcve_plmnry_dse_0_74_yrs_2013_to_2017_sdr_lwr_95p":118.845528004466,"dths_rspty_sytm_ds_0_74_yrs_2014_to_2018_avrge_anl_asr_pr_10000":19.3111747522051,"deaths_cerebrovascular_diseases_0_74_years_2014_to_2018_sdr":109.106038663184,"deaths_from_cancer_0_to_74_years_2014_to_2018_number":3579.93337710556,"dths_scde_slf_inflctd_injrs_0_74_yrs_2014_to_2018_sg":"**","deaths_cerebrovascular_diseases_0_74_years_2014_to_2018_number":289.365988402973,"dths_cnr_0_74_yrs_2014_to_2018_avrge_anl_asr_pr_100000_lwr_95pc":103.573405281265,"dths_cnr_0_74_yrs_2014_to_2018_avrge_anl_asr_pr_100000_upr_95pc":110.58895561621,"deaths_from_lung_cancer_0_to_74_years_2014_to_2018_sdr":108.871252645264,"dths_crcltry_systm_dsss_0_74_yrs_2014_to_2018_sdr_lwr_95pc_ci":105.681695159011,"dths_chrnc_obstrctve_plmnry_dsse_0_74_yrs_2013_to_2017_sdr":131.095533505979,"dths_chrn_obstrcve_plmnry_dse_0_74_yrs_2013_to_2017_avrge_anl_a":12.7115368981233,"dths_crlty_sytm_ds_0_74_yrs_2014_to_2018_avrge_anl_asr_pr_100_2":50.2450264958015,"dths_crlty_sytm_ds_0_74_yrs_2014_to_2018_avrge_anl_asr_pr_100_1":45.538727121669,"dths_lng_cncr_0_74_yrs_2014_to_2018_avrge_annl_asr_pr_100000":22.0526422765877},"id":"phidu_premature_mortality_by_cause_phn_2014_18.14"},{"type":"Feature","properties":{"deaths_from_cancer_0_to_74_years_2014_to_2018_sdr":94.7194382468659,"deaths_lung_cancer_0_74_years_2014_to_2018_sdr_upper_95pc_ci":100.57355653981,"deaths_lung_cancer_0_74_years_2014_to_2018_sdr_lower_95pc_ci":89.7073338504924,"deaths_from_lung_cancer_0_to_74_years_2014_to_2018_sig":null,"dths_rsprtry_systm_dsss_0_74_yrs_2014_to_2018_sdr_uppr_95pc_ci":91.0512118485347,"deaths_from_cancer_0_to_74_years_2014_to_2018_sdr_upper_95pc_ci":97.1438043559583,"dths_scde_slf_inflctd_injrs_0_74_yrs_2014_to_2018_avrge_anl_asr":8.83470095702873,"dths_chrnc_obstrctve_plmnry_dsse_0_74_yrs_2013_to_2017_nmbr":480.0,"dths_crcltry_systm_dsss_0_74_yrs_2014_to_2018_sdr_uppr_95pc_ci":105.560478207528,"dths_rsprtry_systm_dsss_0_74_yrs_2014_to_2018_nmbr":845.0,"deaths_from_cancer_0_to_74_years_2014_to_2018_sig":"**","dths_lng_cnr_0_74_yrs_2014_to_2018_avrge_anl_asr_pr_100000_lwr":18.170854977091,"dths_crcltry_systm_dsss_0_74_yrs_2014_to_2018_nmbr":2780.0,"deaths_cerebrovascular_diseases_0_74_years_2014_to_2018_sig":null,"phn_code":"PHN201","dths_lng_cnr_0_74_yrs_2014_to_2018_avrge_anl_asr_pr_100000_upr":20.371885240296,"deaths_respiratory_system_diseases_0_74_years_2014_to_2018_sdr":85.2997843429423,"dths_chrnc_obstrctve_plmnry_dsse_0_74_yrs_2013_to_2017_sg":"**","dths_scde_slf_inflctd_injrs_0_74_yrs_2014_to_2018_nmbr":731.0,"dths_chrn_obstrcve_plmnry_dse_0_74_yrs_2013_to_2017_avrge_anl_0":7.3269258641196,"deaths_circulatory_system_diseases_0_74_years_2014_to_2018_sig":null,"dths_scde_slf_inflctd_injrs_0_74_yrs_2014_to_2018_sdr":71.2216218418536,"dths_chrn_obstrcve_plmnry_dse_0_74_yrs_2013_to_2017_avrge_anl_1":8.76668174417377,"deaths_circulatory_system_diseases_0_74_years_2014_to_2018_sdr":101.777066507348,"deaths_from_lung_cancer_0_to_74_years_2014_to_2018_number":1178.0,"dths_crlty_sytm_ds_0_74_yrs_2014_to_2018_avrge_anl_asr_pr_10000":43.8562047282501,"dths_rspty_sytm_ds_0_74_yrs_2014_to_2018_avrge_anl_asr_pr_100_1":12.8377167932249,"dths_rspty_sytm_ds_0_74_yrs_2014_to_2018_avrge_anl_asr_pr_100_2":14.694076884346,"dths_rsprtry_systm_dsss_0_74_yrs_2014_to_2018_sdr_lwr_95pc_ci":79.5483568373499,"deaths_from_cancer_0_to_74_years_2014_to_2018_sdr_lower_95pc_ci":92.2950721377735,"dths_cncr_0_74_yrs_2014_to_2018_avrge_annl_asr_pr_100000":93.244742945223,"dths_scde_slf_inflctd_injrs_0_74_yrs_2014_to_2018_sdr_upr_95pc":76.3847064503904,"dths_scde_slf_inflctd_injrs_0_74_yrs_2014_to_2018_sdr_lwr_95pc":66.0585372333168,"dths_chrn_obstrcve_plmnry_dse_0_74_yrs_2013_to_2017_sdr_upr_95p":90.4117912366098,"deaths_respiratory_system_diseases_0_74_years_2014_to_2018_sig":"**","dths_scde_slf_inflctd_injrs_0_74_yrs_2014_to_2018_avrge_anl_a_0":8.1942450483786,"dths_scde_slf_inflctd_injrs_0_74_yrs_2014_to_2018_avrge_anl_a_1":9.47515686567886,"dths_chrn_obstrcve_plmnry_dse_0_74_yrs_2013_to_2017_sdr_lwr_95p":75.5634242195626,"dths_rspty_sytm_ds_0_74_yrs_2014_to_2018_avrge_anl_asr_pr_10000":13.7658968387854,"deaths_cerebrovascular_diseases_0_74_years_2014_to_2018_sdr":98.9680140131022,"deaths_from_cancer_0_to_74_years_2014_to_2018_number":5864.0,"dths_scde_slf_inflctd_injrs_0_74_yrs_2014_to_2018_sg":"**","deaths_cerebrovascular_diseases_0_74_years_2014_to_2018_number":489.0,"dths_cnr_0_74_yrs_2014_to_2018_avrge_anl_asr_pr_100000_lwr_95pc":90.8581220062532,"dths_cnr_0_74_yrs_2014_to_2018_avrge_anl_asr_pr_100000_upr_95pc":95.6313638841929,"deaths_from_lung_cancer_0_to_74_years_2014_to_2018_sdr":95.1404451951512,"dths_crcltry_systm_dsss_0_74_yrs_2014_to_2018_sdr_lwr_95pc_ci":97.9936548071688,"dths_chrnc_obstrctve_plmnry_dsse_0_74_yrs_2013_to_2017_sdr":82.9876077280862,"dths_chrn_obstrcve_plmnry_dse_0_74_yrs_2013_to_2017_avrge_anl_a":8.04680380414668,"dths_crlty_sytm_ds_0_74_yrs_2014_to_2018_avrge_anl_asr_pr_100_2":45.4864941813496,"dths_crlty_sytm_ds_0_74_yrs_2014_to_2018_avrge_anl_asr_pr_100_1":42.2259152751506,"dths_lng_cncr_0_74_yrs_2014_to_2018_avrge_annl_asr_pr_100000":19.2713701086935},"id":"phidu_premature_mortality_by_cause_phn_2014_18.18"},{"type":"Feature","properties":{"deaths_from_cancer_0_to_74_years_2014_to_2018_sdr":90.61593558196,"deaths_lung_cancer_0_74_years_2014_to_2018_sdr_upper_95pc_ci":96.1972057076565,"deaths_lung_cancer_0_74_years_2014_to_2018_sdr_lower_95pc_ci":86.0336758205299,"deaths_from_lung_cancer_0_to_74_years_2014_to_2018_sig":"**","dths_rsprtry_systm_dsss_0_74_yrs_2014_to_2018_sdr_uppr_95pc_ci":83.5029949569419,"deaths_from_cancer_0_to_74_years_2014_to_2018_sdr_upper_95pc_ci":92.9076895194623,"dths_scde_slf_inflctd_injrs_0_74_yrs_2014_to_2018_avrge_anl_asr":10.2901153040921,"dths_chrnc_obstrctve_plmnry_dsse_0_74_yrs_2013_to_2017_nmbr":494.0,"dths_crcltry_systm_dsss_0_74_yrs_2014_to_2018_sdr_uppr_95pc_ci":87.7372548117756,"dths_rsprtry_systm_dsss_0_74_yrs_2014_to_2018_nmbr":847.0,"deaths_from_cancer_0_to_74_years_2014_to_2018_sig":"**","dths_lng_cnr_0_74_yrs_2014_to_2018_avrge_anl_asr_pr_100000_lwr":17.4267295591054,"dths_crcltry_systm_dsss_0_74_yrs_2014_to_2018_nmbr":2457.0,"deaths_cerebrovascular_diseases_0_74_years_2014_to_2018_sig":"**","phn_code":"PHN203","dths_lng_cnr_0_74_yrs_2014_to_2018_avrge_anl_asr_pr_100000_upr":19.4854244250357,"deaths_respiratory_system_diseases_0_74_years_2014_to_2018_sdr":78.2342032454946,"dths_chrnc_obstrctve_plmnry_dsse_0_74_yrs_2013_to_2017_sg":"**","dths_scde_slf_inflctd_injrs_0_74_yrs_2014_to_2018_nmbr":732.0,"dths_chrn_obstrcve_plmnry_dse_0_74_yrs_2013_to_2017_avrge_anl_0":6.75178010186446,"deaths_circulatory_system_diseases_0_74_years_2014_to_2018_sig":"**","dths_scde_slf_inflctd_injrs_0_74_yrs_2014_to_2018_sdr":82.9545566354519,"dths_chrn_obstrcve_plmnry_dse_0_74_yrs_2013_to_2017_avrge_anl_1":8.05775233790503,"deaths_circulatory_system_diseases_0_74_years_2014_to_2018_sdr":84.3999514205417,"deaths_from_lung_cancer_0_to_74_years_2014_to_2018_number":1235.0,"dths_crlty_sytm_ds_0_74_yrs_2014_to_2018_avrge_anl_asr_pr_10000":36.3683261423769,"dths_rspty_sytm_ds_0_74_yrs_2014_to_2018_avrge_anl_asr_pr_100_1":11.7753442838607,"dths_rspty_sytm_ds_0_74_yrs_2014_to_2018_avrge_anl_asr_pr_100_2":13.4759263831831,"dths_rsprtry_systm_dsss_0_74_yrs_2014_to_2018_sdr_lwr_95pc_ci":72.9654115340472,"deaths_from_cancer_0_to_74_years_2014_to_2018_sdr_lower_95pc_ci":88.3241816444578,"dths_cncr_0_74_yrs_2014_to_2018_avrge_annl_asr_pr_100000":89.2051280758132,"dths_scde_slf_inflctd_injrs_0_74_yrs_2014_to_2018_sdr_upr_95pc":88.96409036863,"dths_scde_slf_inflctd_injrs_0_74_yrs_2014_to_2018_sdr_lwr_95pc":76.9450229022737,"dths_chrn_obstrcve_plmnry_dse_0_74_yrs_2013_to_2017_sdr_upr_95p":83.1005212086245,"deaths_respiratory_system_diseases_0_74_years_2014_to_2018_sig":"**","dths_scde_slf_inflctd_injrs_0_74_yrs_2014_to_2018_avrge_anl_a_0":9.54466143698285,"dths_scde_slf_inflctd_injrs_0_74_yrs_2014_to_2018_avrge_anl_a_1":11.0355691712014,"dths_chrn_obstrcve_plmnry_dse_0_74_yrs_2013_to_2017_sdr_lwr_95p":69.6318802095168,"dths_rspty_sytm_ds_0_74_yrs_2014_to_2018_avrge_anl_asr_pr_10000":12.6256353335219,"deaths_cerebrovascular_diseases_0_74_years_2014_to_2018_sdr":87.5748020699613,"deaths_from_cancer_0_to_74_years_2014_to_2018_number":6006.0,"dths_scde_slf_inflctd_injrs_0_74_yrs_2014_to_2018_sg":"**","deaths_cerebrovascular_diseases_0_74_years_2014_to_2018_number":467.0,"dths_cnr_0_74_yrs_2014_to_2018_avrge_anl_asr_pr_100000_lwr_95pc":86.949054657819,"dths_cnr_0_74_yrs_2014_to_2018_avrge_anl_asr_pr_100000_upr_95pc":91.4612014938075,"deaths_from_lung_cancer_0_to_74_years_2014_to_2018_sdr":91.1154407640932,"dths_crcltry_systm_dsss_0_74_yrs_2014_to_2018_sdr_lwr_95pc_ci":81.0626480293078,"dths_chrnc_obstrctve_plmnry_dsse_0_74_yrs_2013_to_2017_sdr":76.3662007090706,"dths_chrn_obstrcve_plmnry_dse_0_74_yrs_2013_to_2017_avrge_anl_a":7.40476621988474,"dths_crlty_sytm_ds_0_74_yrs_2014_to_2018_avrge_anl_asr_pr_100_2":37.8063854792087,"dths_crlty_sytm_ds_0_74_yrs_2014_to_2018_avrge_anl_asr_pr_100_1":34.9302668055452,"dths_lng_cncr_0_74_yrs_2014_to_2018_avrge_annl_asr_pr_100000":18.4560769920706},"id":"phidu_premature_mortality_by_cause_phn_2014_18.24"},{"type":"Feature","properties":{"deaths_from_cancer_0_to_74_years_2014_to_2018_sdr":106.87054579279,"deaths_lung_cancer_0_74_years_2014_to_2018_sdr_upper_95pc_ci":110.848292335226,"deaths_lung_cancer_0_74_years_2014_to_2018_sdr_lower_95pc_ci":95.7568434811503,"deaths_from_lung_cancer_0_to_74_years_2014_to_2018_sig":null,"dths_rsprtry_systm_dsss_0_74_yrs_2014_to_2018_sdr_uppr_95pc_ci":132.449124039793,"deaths_from_cancer_0_to_74_years_2014_to_2018_sdr_upper_95pc_ci":110.368458410901,"dths_scde_slf_inflctd_injrs_0_74_yrs_2014_to_2018_avrge_anl_asr":13.3571588452949,"dths_chrnc_obstrctve_plmnry_dsse_0_74_yrs_2013_to_2017_nmbr":414.0,"dths_crcltry_systm_dsss_0_74_yrs_2014_to_2018_sdr_uppr_95pc_ci":113.822322201364,"dths_rsprtry_systm_dsss_0_74_yrs_2014_to_2018_nmbr":688.0,"deaths_from_cancer_0_to_74_years_2014_to_2018_sig":"**","dths_lng_cnr_0_74_yrs_2014_to_2018_avrge_anl_asr_pr_100000_lwr":19.3962259413469,"dths_crcltry_systm_dsss_0_74_yrs_2014_to_2018_nmbr":1576.0,"deaths_cerebrovascular_diseases_0_74_years_2014_to_2018_sig":"*","phn_code":"PHN206","dths_lng_cnr_0_74_yrs_2014_to_2018_avrge_anl_asr_pr_100000_upr":22.4531056495169,"deaths_respiratory_system_diseases_0_74_years_2014_to_2018_sdr":123.240094325564,"dths_chrnc_obstrctve_plmnry_dsse_0_74_yrs_2013_to_2017_sg":"**","dths_scde_slf_inflctd_injrs_0_74_yrs_2014_to_2018_nmbr":382.0,"dths_chrn_obstrcve_plmnry_dse_0_74_yrs_2013_to_2017_avrge_anl_0":10.6525554869924,"deaths_circulatory_system_diseases_0_74_years_2014_to_2018_sig":"**","dths_scde_slf_inflctd_injrs_0_74_yrs_2014_to_2018_sdr":107.679764237443,"dths_chrn_obstrcve_plmnry_dse_0_74_yrs_2013_to_2017_avrge_anl_1":12.9236187564009,"deaths_circulatory_system_diseases_0_74_years_2014_to_2018_sdr":108.467117647057,"deaths_from_lung_cancer_0_to_74_years_2014_to_2018_number":720.0,"dths_crlty_sytm_ds_0_74_yrs_2014_to_2018_avrge_anl_asr_pr_10000":46.7389784462796,"dths_rspty_sytm_ds_0_74_yrs_2014_to_2018_avrge_anl_asr_pr_100_1":18.4026241560644,"dths_rspty_sytm_ds_0_74_yrs_2014_to_2018_avrge_anl_asr_pr_100_2":21.3749775801179,"dths_rsprtry_systm_dsss_0_74_yrs_2014_to_2018_sdr_lwr_95pc_ci":114.031064611335,"deaths_from_cancer_0_to_74_years_2014_to_2018_sdr_lower_95pc_ci":103.37263317468,"dths_cncr_0_74_yrs_2014_to_2018_avrge_annl_asr_pr_100000":105.206668824328,"dths_scde_slf_inflctd_injrs_0_74_yrs_2014_to_2018_sdr_upr_95pc":118.478141240678,"dths_scde_slf_inflctd_injrs_0_74_yrs_2014_to_2018_sdr_lwr_95pc":96.8813872342072,"dths_chrn_obstrcve_plmnry_dse_0_74_yrs_2013_to_2017_sdr_upr_95p":133.282757960478,"deaths_respiratory_system_diseases_0_74_years_2014_to_2018_sig":"**","dths_scde_slf_inflctd_injrs_0_74_yrs_2014_to_2018_avrge_anl_a_0":12.0176719145328,"dths_scde_slf_inflctd_injrs_0_74_yrs_2014_to_2018_avrge_anl_a_1":14.696645776057,"dths_chrn_obstrcve_plmnry_dse_0_74_yrs_2013_to_2017_sdr_lwr_95p":109.861022782815,"dths_rspty_sytm_ds_0_74_yrs_2014_to_2018_avrge_anl_asr_pr_10000":19.8888008680911,"deaths_cerebrovascular_diseases_0_74_years_2014_to_2018_sdr":115.057171019029,"deaths_from_cancer_0_to_74_years_2014_to_2018_number":3586.0,"dths_scde_slf_inflctd_injrs_0_74_yrs_2014_to_2018_sg":null,"deaths_cerebrovascular_diseases_0_74_years_2014_to_2018_number":311.0,"dths_cnr_0_74_yrs_2014_to_2018_avrge_anl_asr_pr_100000_lwr_95pc":101.763215516777,"dths_cnr_0_74_yrs_2014_to_2018_avrge_anl_asr_pr_100000_upr_95pc":108.650122131879,"deaths_from_lung_cancer_0_to_74_years_2014_to_2018_sdr":103.302567908188,"dths_crcltry_systm_dsss_0_74_yrs_2014_to_2018_sdr_lwr_95pc_ci":103.11191309275,"dths_chrnc_obstrctve_plmnry_dsse_0_74_yrs_2013_to_2017_sdr":121.571890371646,"dths_chrn_obstrcve_plmnry_dse_0_74_yrs_2013_to_2017_avrge_anl_a":11.7880871216966,"dths_crlty_sytm_ds_0_74_yrs_2014_to_2018_avrge_anl_asr_pr_100_2":49.0465606487829,"dths_crlty_sytm_ds_0_74_yrs_2014_to_2018_avrge_anl_asr_pr_100_1":44.4313962437763,"dths_lng_cncr_0_74_yrs_2014_to_2018_avrge_annl_asr_pr_100000":20.9246657954319},"id":"phidu_premature_mortality_by_cause_phn_2014_18.31"}]}