{"type":"FeatureCollection","bbox":[0.0,0.0,-1.0,-1.0],"features":[{"type":"Feature","properties":{"dth_lung_canc_0_74_yrs_2011_15_sdr":95,"dth_suic_slf_inj_0_74_yrs_2011_15_avg_yr_asr_100k":8.491,"dth_circ_sys_dise_0_74_yrs_2011_15_avg_yr_asr_100k_lo_95pc_ci":44.359,"dth_canc_0_74_yrs_2011_15_avg_yr_asr_100k":95.18,"dth_lung_canc_0_74_yrs_2011_15_avg_yr_asr_100k":19.928,"dth_circ_sys_dise_0_74_yrs_2011_15_sdr_lo_95pc_ci":99,"dth_isch_hrt_dise_0_74_yrs_2011_15_sdr_up_95pc_ci":105,"dth_suic_slf_inj_0_74_yrs_2011_15_sdr_lo_95pc_ci":68,"dth_canc_0_74_yrs_2011_15_num":5504,"dth_isch_hrt_dise_0_74_yrs_2011_15_avg_yr_asr_100k_up_95pc_ci":24.652,"dth_isch_hrt_dise_0_74_yrs_2011_15_num":1354,"dth_copd_0_74_yrs_2011_15_sdr_up_95pc_ci":94,"dth_cereb_dise_0_74_yrs_2011_15_sdr_lo_95pc_ci":95,"dth_resp_sys_dise_0_74_yrs_2011_15_avg_yr_asr_100k_lo_95pc_ci":12.434,"dth_suic_slf_inj_0_74_yrs_2011_15_avg_yr_asr_100k_lo_95pc_ci":7.828,"dth_lung_canc_0_74_yrs_2011_15_sig":null,"dth_lung_canc_0_74_yrs_2011_15_avg_yr_asr_100k_lo_95pc_ci":18.763,"dth_resp_sys_dise_0_74_yrs_2011_15_sig":"**","dth_copd_0_74_yrs_2011_15_avg_yr_asr_100k_up_95pc_ci":8.261,"dth_resp_sys_dise_0_74_yrs_2011_15_num":760,"dth_suic_slf_inj_0_74_yrs_2011_15_avg_yr_asr_100k_up_95pc_ci":9.155,"dth_cereb_dise_0_74_yrs_2011_15_sdr_up_95pc_ci":114,"phn_code":"PHN201","dth_lung_canc_0_74_yrs_2011_15_sdr_lo_95pc_ci":89,"dth_isch_hrt_dise_0_74_yrs_2011_15_avg_yr_asr_100k":23.405,"phn_name":"North Western Melbourne","dth_resp_sys_dise_0_74_yrs_2011_15_sdr_up_95pc_ci":95,"dth_circ_sys_dise_0_74_yrs_2011_15_avg_yr_asr_100k_up_95pc_ci":47.845,"dth_copd_0_74_yrs_2011_15_sdr_lo_95pc_ci":77,"dth_circ_sys_dise_0_74_yrs_2011_15_sig":null,"dth_cereb_dise_0_74_yrs_2011_15_avg_yr_asr_100k":8.434,"dth_cereb_dise_0_74_yrs_2011_15_avg_yr_asr_100k_up_95pc_ci":9.184,"dth_lung_canc_0_74_yrs_2011_15_num":1124,"dth_lung_canc_0_74_yrs_2011_15_sdr_up_95pc_ci":101,"dth_canc_0_74_yrs_2011_15_sig":"**","dth_circ_sys_dise_0_74_yrs_2011_15_sdr":103,"dth_canc_0_74_yrs_2011_15_sdr":95,"dth_isch_hrt_dise_0_74_yrs_2011_15_sdr_lo_95pc_ci":94,"dth_cereb_dise_0_74_yrs_2011_15_num":486,"dth_isch_hrt_dise_0_74_yrs_2011_15_avg_yr_asr_100k_lo_95pc_ci":22.159,"dth_cereb_dise_0_74_yrs_2011_15_sdr":104,"dth_cereb_dise_0_74_yrs_2011_15_avg_yr_asr_100k_lo_95pc_ci":7.684,"dth_copd_0_74_yrs_2011_15_num":416,"dth_suic_slf_inj_0_74_yrs_2011_15_sdr_up_95pc_ci":79,"dth_suic_slf_inj_0_74_yrs_2011_15_sig":"**","dth_copd_0_74_yrs_2011_15_avg_yr_asr_100k":7.537,"dth_canc_0_74_yrs_2011_15_avg_yr_asr_100k_lo_95pc_ci":92.665,"dth_resp_sys_dise_0_74_yrs_2011_15_avg_yr_asr_100k":13.386,"dth_suic_slf_inj_0_74_yrs_2011_15_sdr":74,"dth_resp_sys_dise_0_74_yrs_2011_15_sdr_lo_95pc_ci":83,"dth_canc_0_74_yrs_2011_15_sdr_lo_95pc_ci":92,"dth_copd_0_74_yrs_2011_15_avg_yr_asr_100k_lo_95pc_ci":6.813,"dth_suic_slf_inj_0_74_yrs_2011_15_num":629,"dth_resp_sys_dise_0_74_yrs_2011_15_sdr":89,"dth_circ_sys_dise_0_74_yrs_2011_15_num":2688,"dth_resp_sys_dise_0_74_yrs_2011_15_avg_yr_asr_100k_up_95pc_ci":14.338,"dth_isch_hrt_dise_0_74_yrs_2011_15_sdr":99,"dth_canc_0_74_yrs_2011_15_avg_yr_asr_100k_up_95pc_ci":97.694,"dth_isch_hrt_dise_0_74_yrs_2011_15_sig":null,"dth_lung_canc_0_74_yrs_2011_15_avg_yr_asr_100k_up_95pc_ci":21.093,"dth_circ_sys_dise_0_74_yrs_2011_15_avg_yr_asr_100k":46.102,"dth_copd_0_74_yrs_2011_15_sdr":85,"dth_copd_0_74_yrs_2011_15_sig":"**","dth_cereb_dise_0_74_yrs_2011_15_sig":null,"dth_circ_sys_dise_0_74_yrs_2011_15_sdr_up_95pc_ci":107,"dth_canc_0_74_yrs_2011_15_sdr_up_95pc_ci":97},"id":"phidu_premature_mortality_by_cause_phn_2011_15.PHN201"},{"type":"Feature","properties":{"dth_lung_canc_0_74_yrs_2011_15_sdr":72,"dth_suic_slf_inj_0_74_yrs_2011_15_avg_yr_asr_100k":7.957,"dth_circ_sys_dise_0_74_yrs_2011_15_avg_yr_asr_100k_lo_95pc_ci":30.38,"dth_canc_0_74_yrs_2011_15_avg_yr_asr_100k":83.916,"dth_lung_canc_0_74_yrs_2011_15_avg_yr_asr_100k":15.168,"dth_circ_sys_dise_0_74_yrs_2011_15_sdr_lo_95pc_ci":68,"dth_isch_hrt_dise_0_74_yrs_2011_15_sdr_up_95pc_ci":69,"dth_suic_slf_inj_0_74_yrs_2011_15_sdr_lo_95pc_ci":63,"dth_canc_0_74_yrs_2011_15_num":5681,"dth_isch_hrt_dise_0_74_yrs_2011_15_avg_yr_asr_100k_up_95pc_ci":16.339,"dth_isch_hrt_dise_0_74_yrs_2011_15_num":1044,"dth_copd_0_74_yrs_2011_15_sdr_up_95pc_ci":61,"dth_cereb_dise_0_74_yrs_2011_15_sdr_lo_95pc_ci":75,"dth_resp_sys_dise_0_74_yrs_2011_15_avg_yr_asr_100k_lo_95pc_ci":8.486,"dth_suic_slf_inj_0_74_yrs_2011_15_avg_yr_asr_100k_lo_95pc_ci":7.281,"dth_lung_canc_0_74_yrs_2011_15_sig":"**","dth_lung_canc_0_74_yrs_2011_15_avg_yr_asr_100k_lo_95pc_ci":14.24,"dth_resp_sys_dise_0_74_yrs_2011_15_sig":"**","dth_copd_0_74_yrs_2011_15_avg_yr_asr_100k_up_95pc_ci":5.415,"dth_resp_sys_dise_0_74_yrs_2011_15_num":624,"dth_suic_slf_inj_0_74_yrs_2011_15_avg_yr_asr_100k_up_95pc_ci":8.632,"dth_cereb_dise_0_74_yrs_2011_15_sdr_up_95pc_ci":90,"phn_code":"PHN202","dth_lung_canc_0_74_yrs_2011_15_sdr_lo_95pc_ci":68,"dth_isch_hrt_dise_0_74_yrs_2011_15_avg_yr_asr_100k":15.405,"phn_name":"Eastern Melbourne","dth_resp_sys_dise_0_74_yrs_2011_15_sdr_up_95pc_ci":66,"dth_circ_sys_dise_0_74_yrs_2011_15_avg_yr_asr_100k_up_95pc_ci":33.062,"dth_copd_0_74_yrs_2011_15_sdr_lo_95pc_ci":49,"dth_circ_sys_dise_0_74_yrs_2011_15_sig":"**","dth_cereb_dise_0_74_yrs_2011_15_avg_yr_asr_100k":6.633,"dth_cereb_dise_0_74_yrs_2011_15_avg_yr_asr_100k_up_95pc_ci":7.245,"dth_lung_canc_0_74_yrs_2011_15_num":1028,"dth_lung_canc_0_74_yrs_2011_15_sdr_up_95pc_ci":77,"dth_canc_0_74_yrs_2011_15_sig":"**","dth_circ_sys_dise_0_74_yrs_2011_15_sdr":71,"dth_canc_0_74_yrs_2011_15_sdr":83,"dth_isch_hrt_dise_0_74_yrs_2011_15_sdr_lo_95pc_ci":62,"dth_cereb_dise_0_74_yrs_2011_15_num":450,"dth_isch_hrt_dise_0_74_yrs_2011_15_avg_yr_asr_100k_lo_95pc_ci":14.471,"dth_cereb_dise_0_74_yrs_2011_15_sdr":82,"dth_cereb_dise_0_74_yrs_2011_15_avg_yr_asr_100k_lo_95pc_ci":6.02,"dth_copd_0_74_yrs_2011_15_num":332,"dth_suic_slf_inj_0_74_yrs_2011_15_sdr_up_95pc_ci":75,"dth_suic_slf_inj_0_74_yrs_2011_15_sig":"**","dth_copd_0_74_yrs_2011_15_avg_yr_asr_100k":4.889,"dth_canc_0_74_yrs_2011_15_avg_yr_asr_100k_lo_95pc_ci":81.734,"dth_resp_sys_dise_0_74_yrs_2011_15_avg_yr_asr_100k":9.209,"dth_suic_slf_inj_0_74_yrs_2011_15_sdr":69,"dth_resp_sys_dise_0_74_yrs_2011_15_sdr_lo_95pc_ci":56,"dth_canc_0_74_yrs_2011_15_sdr_lo_95pc_ci":81,"dth_copd_0_74_yrs_2011_15_avg_yr_asr_100k_lo_95pc_ci":4.363,"dth_suic_slf_inj_0_74_yrs_2011_15_num":533,"dth_resp_sys_dise_0_74_yrs_2011_15_sdr":61,"dth_circ_sys_dise_0_74_yrs_2011_15_num":2149,"dth_resp_sys_dise_0_74_yrs_2011_15_avg_yr_asr_100k_up_95pc_ci":9.931,"dth_isch_hrt_dise_0_74_yrs_2011_15_sdr":65,"dth_canc_0_74_yrs_2011_15_avg_yr_asr_100k_up_95pc_ci":86.098,"dth_isch_hrt_dise_0_74_yrs_2011_15_sig":"**","dth_lung_canc_0_74_yrs_2011_15_avg_yr_asr_100k_up_95pc_ci":16.095,"dth_circ_sys_dise_0_74_yrs_2011_15_avg_yr_asr_100k":31.721,"dth_copd_0_74_yrs_2011_15_sdr":55,"dth_copd_0_74_yrs_2011_15_sig":"**","dth_cereb_dise_0_74_yrs_2011_15_sig":"**","dth_circ_sys_dise_0_74_yrs_2011_15_sdr_up_95pc_ci":74,"dth_canc_0_74_yrs_2011_15_sdr_up_95pc_ci":86},"id":"phidu_premature_mortality_by_cause_phn_2011_15.PHN202"},{"type":"Feature","properties":{"dth_lung_canc_0_74_yrs_2011_15_sdr":91,"dth_suic_slf_inj_0_74_yrs_2011_15_avg_yr_asr_100k":9.956,"dth_circ_sys_dise_0_74_yrs_2011_15_avg_yr_asr_100k_lo_95pc_ci":37.524,"dth_canc_0_74_yrs_2011_15_avg_yr_asr_100k":93.883,"dth_lung_canc_0_74_yrs_2011_15_avg_yr_asr_100k":19.08,"dth_circ_sys_dise_0_74_yrs_2011_15_sdr_lo_95pc_ci":84,"dth_isch_hrt_dise_0_74_yrs_2011_15_sdr_up_95pc_ci":86,"dth_suic_slf_inj_0_74_yrs_2011_15_sdr_lo_95pc_ci":80,"dth_canc_0_74_yrs_2011_15_num":5917,"dth_isch_hrt_dise_0_74_yrs_2011_15_avg_yr_asr_100k_up_95pc_ci":20.194,"dth_isch_hrt_dise_0_74_yrs_2011_15_num":1206,"dth_copd_0_74_yrs_2011_15_sdr_up_95pc_ci":85,"dth_cereb_dise_0_74_yrs_2011_15_sdr_lo_95pc_ci":84,"dth_resp_sys_dise_0_74_yrs_2011_15_avg_yr_asr_100k_lo_95pc_ci":11.174,"dth_suic_slf_inj_0_74_yrs_2011_15_avg_yr_asr_100k_lo_95pc_ci":9.195,"dth_lung_canc_0_74_yrs_2011_15_sig":"**","dth_lung_canc_0_74_yrs_2011_15_avg_yr_asr_100k_lo_95pc_ci":17.999,"dth_resp_sys_dise_0_74_yrs_2011_15_sig":"**","dth_copd_0_74_yrs_2011_15_avg_yr_asr_100k_up_95pc_ci":7.498,"dth_resp_sys_dise_0_74_yrs_2011_15_num":757,"dth_suic_slf_inj_0_74_yrs_2011_15_avg_yr_asr_100k_up_95pc_ci":10.717,"dth_cereb_dise_0_74_yrs_2011_15_sdr_up_95pc_ci":101,"phn_code":"PHN203","dth_lung_canc_0_74_yrs_2011_15_sdr_lo_95pc_ci":86,"dth_isch_hrt_dise_0_74_yrs_2011_15_avg_yr_asr_100k":19.116,"phn_name":"South Eastern Melbourne","dth_resp_sys_dise_0_74_yrs_2011_15_sdr_up_95pc_ci":86,"dth_circ_sys_dise_0_74_yrs_2011_15_avg_yr_asr_100k_up_95pc_ci":40.606,"dth_copd_0_74_yrs_2011_15_sdr_lo_95pc_ci":70,"dth_circ_sys_dise_0_74_yrs_2011_15_sig":"**","dth_cereb_dise_0_74_yrs_2011_15_avg_yr_asr_100k":7.478,"dth_cereb_dise_0_74_yrs_2011_15_avg_yr_asr_100k_up_95pc_ci":8.152,"dth_lung_canc_0_74_yrs_2011_15_num":1197,"dth_lung_canc_0_74_yrs_2011_15_sdr_up_95pc_ci":96,"dth_canc_0_74_yrs_2011_15_sig":"**","dth_circ_sys_dise_0_74_yrs_2011_15_sdr":87,"dth_canc_0_74_yrs_2011_15_sdr":93,"dth_isch_hrt_dise_0_74_yrs_2011_15_sdr_lo_95pc_ci":77,"dth_cereb_dise_0_74_yrs_2011_15_num":472,"dth_isch_hrt_dise_0_74_yrs_2011_15_avg_yr_asr_100k_lo_95pc_ci":18.037,"dth_cereb_dise_0_74_yrs_2011_15_sdr":93,"dth_cereb_dise_0_74_yrs_2011_15_avg_yr_asr_100k_lo_95pc_ci":6.803,"dth_copd_0_74_yrs_2011_15_num":429,"dth_suic_slf_inj_0_74_yrs_2011_15_sdr_up_95pc_ci":93,"dth_suic_slf_inj_0_74_yrs_2011_15_sig":"**","dth_copd_0_74_yrs_2011_15_avg_yr_asr_100k":6.849,"dth_canc_0_74_yrs_2011_15_avg_yr_asr_100k_lo_95pc_ci":91.491,"dth_resp_sys_dise_0_74_yrs_2011_15_avg_yr_asr_100k":12.031,"dth_suic_slf_inj_0_74_yrs_2011_15_sdr":86,"dth_resp_sys_dise_0_74_yrs_2011_15_sdr_lo_95pc_ci":74,"dth_canc_0_74_yrs_2011_15_sdr_lo_95pc_ci":91,"dth_copd_0_74_yrs_2011_15_avg_yr_asr_100k_lo_95pc_ci":6.201,"dth_suic_slf_inj_0_74_yrs_2011_15_num":657,"dth_resp_sys_dise_0_74_yrs_2011_15_sdr":80,"dth_circ_sys_dise_0_74_yrs_2011_15_num":2469,"dth_resp_sys_dise_0_74_yrs_2011_15_avg_yr_asr_100k_up_95pc_ci":12.888,"dth_isch_hrt_dise_0_74_yrs_2011_15_sdr":81,"dth_canc_0_74_yrs_2011_15_avg_yr_asr_100k_up_95pc_ci":96.275,"dth_isch_hrt_dise_0_74_yrs_2011_15_sig":"**","dth_lung_canc_0_74_yrs_2011_15_avg_yr_asr_100k_up_95pc_ci":20.161,"dth_circ_sys_dise_0_74_yrs_2011_15_avg_yr_asr_100k":39.065,"dth_copd_0_74_yrs_2011_15_sdr":78,"dth_copd_0_74_yrs_2011_15_sig":"**","dth_cereb_dise_0_74_yrs_2011_15_sig":null,"dth_circ_sys_dise_0_74_yrs_2011_15_sdr_up_95pc_ci":91,"dth_canc_0_74_yrs_2011_15_sdr_up_95pc_ci":96},"id":"phidu_premature_mortality_by_cause_phn_2011_15.PHN203"},{"type":"Feature","properties":{"dth_lung_canc_0_74_yrs_2011_15_sdr":113,"dth_suic_slf_inj_0_74_yrs_2011_15_avg_yr_asr_100k":13.708,"dth_circ_sys_dise_0_74_yrs_2011_15_avg_yr_asr_100k_lo_95pc_ci":46.146,"dth_canc_0_74_yrs_2011_15_avg_yr_asr_100k":107.827,"dth_lung_canc_0_74_yrs_2011_15_avg_yr_asr_100k":23.649,"dth_circ_sys_dise_0_74_yrs_2011_15_sdr_lo_95pc_ci":103,"dth_isch_hrt_dise_0_74_yrs_2011_15_sdr_up_95pc_ci":124,"dth_suic_slf_inj_0_74_yrs_2011_15_sdr_lo_95pc_ci":101,"dth_canc_0_74_yrs_2011_15_num":1696,"dth_isch_hrt_dise_0_74_yrs_2011_15_avg_yr_asr_100k_up_95pc_ci":29.16,"dth_isch_hrt_dise_0_74_yrs_2011_15_num":418,"dth_copd_0_74_yrs_2011_15_sdr_up_95pc_ci":123,"dth_cereb_dise_0_74_yrs_2011_15_sdr_lo_95pc_ci":96,"dth_resp_sys_dise_0_74_yrs_2011_15_avg_yr_asr_100k_lo_95pc_ci":12.868,"dth_suic_slf_inj_0_74_yrs_2011_15_avg_yr_asr_100k_lo_95pc_ci":11.604,"dth_lung_canc_0_74_yrs_2011_15_sig":"*","dth_lung_canc_0_74_yrs_2011_15_avg_yr_asr_100k_lo_95pc_ci":21.274,"dth_resp_sys_dise_0_74_yrs_2011_15_sig":null,"dth_copd_0_74_yrs_2011_15_avg_yr_asr_100k_up_95pc_ci":10.889,"dth_resp_sys_dise_0_74_yrs_2011_15_num":238,"dth_suic_slf_inj_0_74_yrs_2011_15_avg_yr_asr_100k_up_95pc_ci":15.813,"dth_cereb_dise_0_74_yrs_2011_15_sdr_up_95pc_ci":134,"phn_code":"PHN204","dth_lung_canc_0_74_yrs_2011_15_sdr_lo_95pc_ci":101,"dth_isch_hrt_dise_0_74_yrs_2011_15_avg_yr_asr_100k":26.609,"phn_name":"Gippsland","dth_resp_sys_dise_0_74_yrs_2011_15_sdr_up_95pc_ci":111,"dth_circ_sys_dise_0_74_yrs_2011_15_avg_yr_asr_100k_up_95pc_ci":53.131,"dth_copd_0_74_yrs_2011_15_sdr_lo_95pc_ci":90,"dth_circ_sys_dise_0_74_yrs_2011_15_sig":"**","dth_cereb_dise_0_74_yrs_2011_15_avg_yr_asr_100k":9.265,"dth_cereb_dise_0_74_yrs_2011_15_avg_yr_asr_100k_up_95pc_ci":10.795,"dth_lung_canc_0_74_yrs_2011_15_num":381,"dth_lung_canc_0_74_yrs_2011_15_sdr_up_95pc_ci":124,"dth_canc_0_74_yrs_2011_15_sig":"**","dth_circ_sys_dise_0_74_yrs_2011_15_sdr":111,"dth_canc_0_74_yrs_2011_15_sdr":107,"dth_isch_hrt_dise_0_74_yrs_2011_15_sdr_lo_95pc_ci":102,"dth_cereb_dise_0_74_yrs_2011_15_num":141,"dth_isch_hrt_dise_0_74_yrs_2011_15_avg_yr_asr_100k_lo_95pc_ci":24.058,"dth_cereb_dise_0_74_yrs_2011_15_sdr":115,"dth_cereb_dise_0_74_yrs_2011_15_avg_yr_asr_100k_lo_95pc_ci":7.736,"dth_copd_0_74_yrs_2011_15_num":156,"dth_suic_slf_inj_0_74_yrs_2011_15_sdr_up_95pc_ci":137,"dth_suic_slf_inj_0_74_yrs_2011_15_sig":"*","dth_copd_0_74_yrs_2011_15_avg_yr_asr_100k":9.412,"dth_canc_0_74_yrs_2011_15_avg_yr_asr_100k_lo_95pc_ci":102.695,"dth_resp_sys_dise_0_74_yrs_2011_15_avg_yr_asr_100k":14.74,"dth_suic_slf_inj_0_74_yrs_2011_15_sdr":119,"dth_resp_sys_dise_0_74_yrs_2011_15_sdr_lo_95pc_ci":86,"dth_canc_0_74_yrs_2011_15_sdr_lo_95pc_ci":102,"dth_copd_0_74_yrs_2011_15_avg_yr_asr_100k_lo_95pc_ci":7.935,"dth_suic_slf_inj_0_74_yrs_2011_15_num":163,"dth_resp_sys_dise_0_74_yrs_2011_15_sdr":98,"dth_circ_sys_dise_0_74_yrs_2011_15_num":776,"dth_resp_sys_dise_0_74_yrs_2011_15_avg_yr_asr_100k_up_95pc_ci":16.613,"dth_isch_hrt_dise_0_74_yrs_2011_15_sdr":113,"dth_canc_0_74_yrs_2011_15_avg_yr_asr_100k_up_95pc_ci":112.959,"dth_isch_hrt_dise_0_74_yrs_2011_15_sig":"*","dth_lung_canc_0_74_yrs_2011_15_avg_yr_asr_100k_up_95pc_ci":26.023,"dth_circ_sys_dise_0_74_yrs_2011_15_avg_yr_asr_100k":49.638,"dth_copd_0_74_yrs_2011_15_sdr":107,"dth_copd_0_74_yrs_2011_15_sig":null,"dth_cereb_dise_0_74_yrs_2011_15_sig":null,"dth_circ_sys_dise_0_74_yrs_2011_15_sdr_up_95pc_ci":119,"dth_canc_0_74_yrs_2011_15_sdr_up_95pc_ci":112},"id":"phidu_premature_mortality_by_cause_phn_2011_15.PHN204"},{"type":"Feature","properties":{"dth_lung_canc_0_74_yrs_2011_15_sdr":110,"dth_suic_slf_inj_0_74_yrs_2011_15_avg_yr_asr_100k":12.917,"dth_circ_sys_dise_0_74_yrs_2011_15_avg_yr_asr_100k_lo_95pc_ci":45.902,"dth_canc_0_74_yrs_2011_15_avg_yr_asr_100k":107.391,"dth_lung_canc_0_74_yrs_2011_15_avg_yr_asr_100k":22.972,"dth_circ_sys_dise_0_74_yrs_2011_15_sdr_lo_95pc_ci":103,"dth_isch_hrt_dise_0_74_yrs_2011_15_sdr_up_95pc_ci":113,"dth_suic_slf_inj_0_74_yrs_2011_15_sdr_lo_95pc_ci":100,"dth_canc_0_74_yrs_2011_15_num":3385,"dth_isch_hrt_dise_0_74_yrs_2011_15_avg_yr_asr_100k_up_95pc_ci":26.603,"dth_isch_hrt_dise_0_74_yrs_2011_15_num":783,"dth_copd_0_74_yrs_2011_15_sdr_up_95pc_ci":147,"dth_cereb_dise_0_74_yrs_2011_15_sdr_lo_95pc_ci":100,"dth_resp_sys_dise_0_74_yrs_2011_15_avg_yr_asr_100k_lo_95pc_ci":16.361,"dth_suic_slf_inj_0_74_yrs_2011_15_avg_yr_asr_100k_lo_95pc_ci":11.536,"dth_lung_canc_0_74_yrs_2011_15_sig":"*","dth_lung_canc_0_74_yrs_2011_15_avg_yr_asr_100k_lo_95pc_ci":21.312,"dth_resp_sys_dise_0_74_yrs_2011_15_sig":"**","dth_copd_0_74_yrs_2011_15_avg_yr_asr_100k_up_95pc_ci":12.961,"dth_resp_sys_dise_0_74_yrs_2011_15_num":571,"dth_suic_slf_inj_0_74_yrs_2011_15_avg_yr_asr_100k_up_95pc_ci":14.299,"dth_cereb_dise_0_74_yrs_2011_15_sdr_up_95pc_ci":126,"phn_code":"PHN205","dth_lung_canc_0_74_yrs_2011_15_sdr_lo_95pc_ci":102,"dth_isch_hrt_dise_0_74_yrs_2011_15_avg_yr_asr_100k":24.861,"phn_name":"Murray","dth_resp_sys_dise_0_74_yrs_2011_15_sdr_up_95pc_ci":128,"dth_circ_sys_dise_0_74_yrs_2011_15_avg_yr_asr_100k_up_95pc_ci":50.715,"dth_copd_0_74_yrs_2011_15_sdr_lo_95pc_ci":120,"dth_circ_sys_dise_0_74_yrs_2011_15_sig":"**","dth_cereb_dise_0_74_yrs_2011_15_avg_yr_asr_100k":9.134,"dth_cereb_dise_0_74_yrs_2011_15_avg_yr_asr_100k_up_95pc_ci":10.186,"dth_lung_canc_0_74_yrs_2011_15_num":736,"dth_lung_canc_0_74_yrs_2011_15_sdr_up_95pc_ci":117,"dth_canc_0_74_yrs_2011_15_sig":"**","dth_circ_sys_dise_0_74_yrs_2011_15_sdr":108,"dth_canc_0_74_yrs_2011_15_sdr":107,"dth_isch_hrt_dise_0_74_yrs_2011_15_sdr_lo_95pc_ci":98,"dth_cereb_dise_0_74_yrs_2011_15_num":289,"dth_isch_hrt_dise_0_74_yrs_2011_15_avg_yr_asr_100k_lo_95pc_ci":23.12,"dth_cereb_dise_0_74_yrs_2011_15_sdr":113,"dth_cereb_dise_0_74_yrs_2011_15_avg_yr_asr_100k_lo_95pc_ci":8.081,"dth_copd_0_74_yrs_2011_15_num":384,"dth_suic_slf_inj_0_74_yrs_2011_15_sdr_up_95pc_ci":124,"dth_suic_slf_inj_0_74_yrs_2011_15_sig":"*","dth_copd_0_74_yrs_2011_15_avg_yr_asr_100k":11.784,"dth_canc_0_74_yrs_2011_15_avg_yr_asr_100k_lo_95pc_ci":103.773,"dth_resp_sys_dise_0_74_yrs_2011_15_avg_yr_asr_100k":17.823,"dth_suic_slf_inj_0_74_yrs_2011_15_sdr":112,"dth_resp_sys_dise_0_74_yrs_2011_15_sdr_lo_95pc_ci":109,"dth_canc_0_74_yrs_2011_15_sdr_lo_95pc_ci":103,"dth_copd_0_74_yrs_2011_15_avg_yr_asr_100k_lo_95pc_ci":10.606,"dth_suic_slf_inj_0_74_yrs_2011_15_num":336,"dth_resp_sys_dise_0_74_yrs_2011_15_sdr":119,"dth_circ_sys_dise_0_74_yrs_2011_15_num":1548,"dth_resp_sys_dise_0_74_yrs_2011_15_avg_yr_asr_100k_up_95pc_ci":19.285,"dth_isch_hrt_dise_0_74_yrs_2011_15_sdr":106,"dth_canc_0_74_yrs_2011_15_avg_yr_asr_100k_up_95pc_ci":111.009,"dth_isch_hrt_dise_0_74_yrs_2011_15_sig":null,"dth_lung_canc_0_74_yrs_2011_15_avg_yr_asr_100k_up_95pc_ci":24.632,"dth_circ_sys_dise_0_74_yrs_2011_15_avg_yr_asr_100k":48.308,"dth_copd_0_74_yrs_2011_15_sdr":134,"dth_copd_0_74_yrs_2011_15_sig":"**","dth_cereb_dise_0_74_yrs_2011_15_sig":"*","dth_circ_sys_dise_0_74_yrs_2011_15_sdr_up_95pc_ci":113,"dth_canc_0_74_yrs_2011_15_sdr_up_95pc_ci":110},"id":"phidu_premature_mortality_by_cause_phn_2011_15.PHN205"},{"type":"Feature","properties":{"dth_lung_canc_0_74_yrs_2011_15_sdr":105,"dth_suic_slf_inj_0_74_yrs_2011_15_avg_yr_asr_100k":12.207,"dth_circ_sys_dise_0_74_yrs_2011_15_avg_yr_asr_100k_lo_95pc_ci":45.324,"dth_canc_0_74_yrs_2011_15_avg_yr_asr_100k":110.005,"dth_lung_canc_0_74_yrs_2011_15_avg_yr_asr_100k":21.929,"dth_circ_sys_dise_0_74_yrs_2011_15_sdr_lo_95pc_ci":101,"dth_isch_hrt_dise_0_74_yrs_2011_15_sdr_up_95pc_ci":113,"dth_suic_slf_inj_0_74_yrs_2011_15_sdr_lo_95pc_ci":95,"dth_canc_0_74_yrs_2011_15_num":3527,"dth_isch_hrt_dise_0_74_yrs_2011_15_avg_yr_asr_100k_up_95pc_ci":26.536,"dth_isch_hrt_dise_0_74_yrs_2011_15_num":785,"dth_copd_0_74_yrs_2011_15_sdr_up_95pc_ci":133,"dth_cereb_dise_0_74_yrs_2011_15_sdr_lo_95pc_ci":97,"dth_resp_sys_dise_0_74_yrs_2011_15_avg_yr_asr_100k_lo_95pc_ci":16.312,"dth_suic_slf_inj_0_74_yrs_2011_15_avg_yr_asr_100k_lo_95pc_ci":10.894,"dth_lung_canc_0_74_yrs_2011_15_sig":null,"dth_lung_canc_0_74_yrs_2011_15_avg_yr_asr_100k_lo_95pc_ci":20.319,"dth_resp_sys_dise_0_74_yrs_2011_15_sig":"**","dth_copd_0_74_yrs_2011_15_avg_yr_asr_100k_up_95pc_ci":11.749,"dth_resp_sys_dise_0_74_yrs_2011_15_num":577,"dth_suic_slf_inj_0_74_yrs_2011_15_avg_yr_asr_100k_up_95pc_ci":13.52,"dth_cereb_dise_0_74_yrs_2011_15_sdr_up_95pc_ci":123,"phn_code":"PHN206","dth_lung_canc_0_74_yrs_2011_15_sdr_lo_95pc_ci":97,"dth_isch_hrt_dise_0_74_yrs_2011_15_avg_yr_asr_100k":24.801,"phn_name":"Western Victoria","dth_resp_sys_dise_0_74_yrs_2011_15_sdr_up_95pc_ci":128,"dth_circ_sys_dise_0_74_yrs_2011_15_avg_yr_asr_100k_up_95pc_ci":50.116,"dth_copd_0_74_yrs_2011_15_sdr_lo_95pc_ci":108,"dth_circ_sys_dise_0_74_yrs_2011_15_sig":"*","dth_cereb_dise_0_74_yrs_2011_15_avg_yr_asr_100k":8.888,"dth_cereb_dise_0_74_yrs_2011_15_avg_yr_asr_100k_up_95pc_ci":9.918,"dth_lung_canc_0_74_yrs_2011_15_num":713,"dth_lung_canc_0_74_yrs_2011_15_sdr_up_95pc_ci":112,"dth_canc_0_74_yrs_2011_15_sig":"**","dth_circ_sys_dise_0_74_yrs_2011_15_sdr":107,"dth_canc_0_74_yrs_2011_15_sdr":109,"dth_isch_hrt_dise_0_74_yrs_2011_15_sdr_lo_95pc_ci":98,"dth_cereb_dise_0_74_yrs_2011_15_num":286,"dth_isch_hrt_dise_0_74_yrs_2011_15_avg_yr_asr_100k_lo_95pc_ci":23.066,"dth_cereb_dise_0_74_yrs_2011_15_sdr":110,"dth_cereb_dise_0_74_yrs_2011_15_avg_yr_asr_100k_lo_95pc_ci":7.858,"dth_copd_0_74_yrs_2011_15_num":351,"dth_suic_slf_inj_0_74_yrs_2011_15_sdr_up_95pc_ci":117,"dth_suic_slf_inj_0_74_yrs_2011_15_sig":null,"dth_copd_0_74_yrs_2011_15_avg_yr_asr_100k":10.637,"dth_canc_0_74_yrs_2011_15_avg_yr_asr_100k_lo_95pc_ci":106.375,"dth_resp_sys_dise_0_74_yrs_2011_15_avg_yr_asr_100k":17.762,"dth_suic_slf_inj_0_74_yrs_2011_15_sdr":106,"dth_resp_sys_dise_0_74_yrs_2011_15_sdr_lo_95pc_ci":109,"dth_canc_0_74_yrs_2011_15_sdr_lo_95pc_ci":106,"dth_copd_0_74_yrs_2011_15_avg_yr_asr_100k_lo_95pc_ci":9.524,"dth_suic_slf_inj_0_74_yrs_2011_15_num":332,"dth_resp_sys_dise_0_74_yrs_2011_15_sdr":118,"dth_circ_sys_dise_0_74_yrs_2011_15_num":1524,"dth_resp_sys_dise_0_74_yrs_2011_15_avg_yr_asr_100k_up_95pc_ci":19.211,"dth_isch_hrt_dise_0_74_yrs_2011_15_sdr":105,"dth_canc_0_74_yrs_2011_15_avg_yr_asr_100k_up_95pc_ci":113.636,"dth_isch_hrt_dise_0_74_yrs_2011_15_sig":null,"dth_lung_canc_0_74_yrs_2011_15_avg_yr_asr_100k_up_95pc_ci":23.539,"dth_circ_sys_dise_0_74_yrs_2011_15_avg_yr_asr_100k":47.72,"dth_copd_0_74_yrs_2011_15_sdr":121,"dth_copd_0_74_yrs_2011_15_sig":"**","dth_cereb_dise_0_74_yrs_2011_15_sig":null,"dth_circ_sys_dise_0_74_yrs_2011_15_sdr_up_95pc_ci":112,"dth_canc_0_74_yrs_2011_15_sdr_up_95pc_ci":113},"id":"phidu_premature_mortality_by_cause_phn_2011_15.PHN206"}]}