{"organisation":"TUA_PHIDU","name":"lga_prematuremortality_byselectedcause","title":"LGA Premature Mortality by Selected Cause 2003-2007","legal":{"attribution":"{datasource.organisationTitle}, ({dataset.attributionYear}): {dataset.title}; accessed from SUDO on {dateOfAccess}.","attributionYear":"2014","clickthrough":false,"copyrightNotice":"&copy; {datasource.organisationTitle} {dataset.copyrightYear}","copyrightYear":"2014","licenceType":"Creative Commons Attribution-NonCommercial-ShareAlike 3.0 Australia (CC BY-NC-SA 3.0 AU)"},"referenceSystemIdentifier":"urn:x-ogc:def:crs:EPSG:4283","geoLevel":"lga","key":"area_code","keyRegex":null,"availability":"true","geomField":"wkb_geometry","keyword":"deaths, mortality, premature mortality, cancer, cerebrovascular, circulatory system, colorectal cancer, copd, chronic obstructive pulmonary disease, external causes, ischaemic heart disease, lung cancer, respiratory system disease, road traffic injuries, suicide, population, health","theme":null,"temporalExtent":{"beginDate":"2003-01-01T00:00:00","endDate":"2007-12-31T00:00:00","selectTime":false},"type":"dataset","_id":"dataset-TUA_PHIDU-lga_prematuremortality_byselectedcause-lga","bbox":[112.921114016,-43.740509602057614,159.109219008,-9.142175976703609],"abstract":"Premature mortality by selected causes by LGA, from 2003 to 2007.","selectedAttributes":[{"name":"area_code","type":"Integer","title":"Local Government Area Code","description":"Local Government Area code","stype":"nominal","isDimension":false},{"name":"area_name","type":"String","title":"Local Government Area Name","description":"Local Government Area name","stype":"nominal","isDimension":false},{"name":"dths_can_15_64_1_no_1_03_12_07","type":"Double","title":"Deaths from Cancer - 15 to 64 Years - Count","description":"Deaths from cancer, 15 to 64 years - count. Source: Data produced by PHIDU from deaths data supplied by ABS on behalf of State and Territory Registrars of deaths for 2003 to 2007, and ABS Estimated Resident Population, 30 June 2003 to 2007","stype":"ratio","isDimension":false},{"name":"dths_can_15_64_2_rate_1_03_12_07","type":"Double","title":"Deaths from Cancer - 15 to 64 Years - Rate per 100000","description":"Deaths from cancer, 15 to 64 years - average annual rate per 100000. Source: Data produced by PHIDU from deaths data supplied by ABS on behalf of State and Territory Registrars of deaths for 2003 to 2007, and ABS Estimated Resident Population, 30 June 2003 to 2007","stype":"ratio","isDimension":false},{"name":"dths_canc_0_74_1_no_1_03_12_07","type":"Double","title":"Deaths from Cancer - 0 to 74 Years - Count","description":"Deaths from cancer, 0 to 74 years - count. Source: Data produced by PHIDU from deaths data supplied by ABS on behalf of State and Territory Registrars of deaths for 2003 to 2007, and ABS Estimated Resident Population, 30 June 2003 to 2007","stype":"ratio","isDimension":false},{"name":"dths_canc_0_74_2_rate_1_03_12_07","type":"Double","title":"Deaths from Cancer - 0 to 74 Years - Rate per 100000","description":"Deaths from cancer, 0 to 74 years - average annual rate per 100000. Source: Data produced by PHIDU from deaths data supplied by ABS on behalf of State and Territory Registrars of deaths for 2003 to 2007, and ABS Estimated Resident Population, 30 June 2003 to 2007","stype":"ratio","isDimension":false},{"name":"dths_cerb_0_74_1_no_1_03_12_07","type":"Double","title":"Deaths from Cerebrovascular Diseases - 0 to 74 Years - Count","description":"Deaths from cerebrovascular diseases, 0 to 74 years - count. Source: Data produced by PHIDU from deaths data supplied by ABS on behalf of State and Territory Registrars of deaths for 2003 to 2007, and ABS Estimated Resident Population, 30 June 2003 to 2007","stype":"ratio","isDimension":false},{"name":"dths_cerb_0_74_2_rate_1_03_12_07","type":"Double","title":"Deaths from Cerebrovascular Diseases - 0 to 74 Years - Rate per 100000","description":"Deaths from cerebrovascular diseases, 0 to 74 years - average annual rate per 100000. Source: Data produced by PHIDU from deaths data supplied by ABS on behalf of State and Territory Registrars of deaths for 2003 to 2007, and ABS Estimated Resident Population, 30 June 2003 to 2007","stype":"ratio","isDimension":false},{"name":"dths_cir_0_74_1_no_1_03_12_07","type":"Double","title":"Deaths from Circulatory System Diseases - 0 to 74 Years - Count","description":"Deaths from circulatory system diseases, 0 to 74 years - count. Source: Data produced by PHIDU from deaths data supplied by ABS on behalf of State and Territory Registrars of deaths for 2003 to 2007, and ABS Estimated Resident Population, 30 June 2003 to 2007","stype":"ratio","isDimension":false},{"name":"dths_cir_0_74_2_rate_1_03_12_07","type":"Double","title":"Deaths from Circulatory System Diseases - 0 to 74 Years - Rate per 100000","description":"Deaths from circulatory system diseases, 0 to 74 years - average annual rate per 100000. Source: Data produced by PHIDU from deaths data supplied by ABS on behalf of State and Territory Registrars of deaths for 2003 to 2007, and ABS Estimated Resident Population, 30 June 2003 to 2007","stype":"ratio","isDimension":false},{"name":"dths_cir_15_64_1_no_1_03_12_07","type":"Double","title":"Deaths from Circulatory System Diseases - 15 to 64 Years - Count","description":"Deaths from circulatory system diseases, 15 to 64 years - count. Source: Data produced by PHIDU from deaths data supplied by ABS on behalf of State and Territory Registrars of deaths for 2003 to 2007, and ABS Estimated Resident Population, 30 June 2003 to 2007","stype":"ratio","isDimension":false},{"name":"dths_cir_15_64_2_rate_1_03_12_07","type":"Double","title":"Deaths from Circulatory System Diseases - 15 to 64 Years - Rate per 100000","description":"Deaths from circulatory system diseases, 15 to 64 years - average annual rate per 100000. Source: Data produced by PHIDU from deaths data supplied by ABS on behalf of State and Territory Registrars of deaths for 2003 to 2007, and ABS Estimated Resident Population, 30 June 2003 to 2007","stype":"ratio","isDimension":false},{"name":"dths_colo_0_74_1_no_1_03_12_07","type":"Double","title":"Deaths from Colorectal Cancer - 0 to 74 Years - Count","description":"Deaths from colorectal cancer, 0 to 74 years - count. Source: Data produced by PHIDU from deaths data supplied by ABS on behalf of State and Territory Registrars of deaths for 2003 to 2007, and ABS Estimated Resident Population, 30 June 2003 to 2007","stype":"ratio","isDimension":false},{"name":"dths_colo_0_74_2_rate_1_03_12_07","type":"Double","title":"Deaths from Colorectal Cancer - 0 to 74 Years - Rate per 100000","description":"Deaths from colorectal cancer, 0 to 74 years - average annual rate per 100000. Source: Data produced by PHIDU from deaths data supplied by ABS on behalf of State and Territory Registrars of deaths for 2003 to 2007, and ABS Estimated Resident Population, 30 June 2003 to 2007","stype":"ratio","isDimension":false},{"name":"dths_cop_45_74_1_no_1_03_12_07","type":"Double","title":"Deaths from Chronic Obstructive Pulmonary Disease - 45 to 74 Years - Count","description":"Deaths from chronic obstructive pulmonary disease, 45 to 74 years - count. Source: Data produced by PHIDU from deaths data supplied by ABS on behalf of State and Territory Registrars of deaths for 2003 to 2007, and ABS Estimated Resident Population, 30 June 2003 to 2007","stype":"ratio","isDimension":false},{"name":"dths_cop_45_74_2_rate_1_03_12_07","type":"Double","title":"Deaths from Chronic Obstructive Pulmonary Disease - 45 to 74 Years - Rate per 100000","description":"Deaths from chronic obstructive pulmonary disease, 45 to 74 years - average annual rate per 100000. Source: Data produced by PHIDU from deaths data supplied by ABS on behalf of State and Territory Registrars of deaths for 2003 to 2007, and ABS Estimated Resident Population, 30 June 2003 to 2007","stype":"ratio","isDimension":false},{"name":"dths_isch_0_74_1_no_1_03_12_07","type":"Double","title":"Deaths from Ischaemic Heart Disease - 0 to 74 Years - Count","description":"Deaths from ischaemic heart disease, 0 to 74 years - count. Source: Data produced by PHIDU from deaths data supplied by ABS on behalf of State and Territory Registrars of deaths for 2003 to 2007, and ABS Estimated Resident Population, 30 June 2003 to 2007","stype":"ratio","isDimension":false},{"name":"dths_isch_0_74_2_rate_1_03_12_07","type":"Double","title":"Deaths from Ischaemic Heart Disease - 0 to 74 Years - Rate per 100000","description":"Deaths from ischaemic heart disease, 0 to 74 years - average annual rate per 100000. Source: Data produced by PHIDU from deaths data supplied by ABS on behalf of State and Territory Registrars of deaths for 2003 to 2007, and ABS Estimated Resident Population, 30 June 2003 to 2007","stype":"ratio","isDimension":false},{"name":"dths_lung_0_74_1_no_1_03_12_07","type":"Double","title":"Deaths from Lung Cancer - 0 to 74 Years - Count","description":"Deaths from lung cancer, 0 to 74 years - count. Source: Data produced by PHIDU from deaths data supplied by ABS on behalf of State and Territory Registrars of deaths for 2003 to 2007, and ABS Estimated Resident Population, 30 June 2003 to 2007","stype":"ratio","isDimension":false},{"name":"dths_lung_0_74_2_rate_1_03_12_07","type":"Double","title":"Deaths from Lung Cancer - 0 to 74 Years - Rate per 100000","description":"Deaths from lung cancer, 0 to 74 years - average annual rate per 100000. Source: Data produced by PHIDU from deaths data supplied by ABS on behalf of State and Territory Registrars of deaths for 2003 to 2007, and ABS Estimated Resident Population, 30 June 2003 to 2007","stype":"ratio","isDimension":false},{"name":"dths_res_15_64_1_no_1_03_12_07","type":"Double","title":"Deaths from Respiratory System Diseases - 15 to 64 Years - Count","description":"Deaths from respiratory system diseases, 15 to 64 years - count. Source: Data produced by PHIDU from deaths data supplied by ABS on behalf of State and Territory Registrars of deaths for 2003 to 2007, and ABS Estimated Resident Population, 30 June 2003 to 2007","stype":"ratio","isDimension":false},{"name":"dths_res_15_64_2_rate_1_03_12_07","type":"Double","title":"Deaths from Respiratory System Diseases - 15 to 64 Years - Rate per 100000","description":"Deaths from respiratory system diseases, 15 to 64 years - average annual rate per 100000. Source: Data produced by PHIDU from deaths data supplied by ABS on behalf of State and Territory Registrars of deaths for 2003 to 2007, and ABS Estimated Resident Population, 30 June 2003 to 2007","stype":"ratio","isDimension":false},{"name":"dths_resp_0_74_1_no_1_03_12_07","type":"Double","title":"Deaths from Respiratory System Diseases - 0 to 74 Years - Count","description":"Deaths from respiratory system diseases, 0 to 74 years - count. Source: Data produced by PHIDU from deaths data supplied by ABS on behalf of State and Territory Registrars of deaths for 2003 to 2007, and ABS Estimated Resident Population, 30 June 2003 to 2007","stype":"ratio","isDimension":false},{"name":"dths_resp_0_74_2_rate_1_03_12_07","type":"Double","title":"Deaths from Respiratory System Diseases - 0 to 74 Years - Rate per 100000","description":"Deaths from respiratory system diseases, 0 to 74 years - average annual rate per 100000. Source: Data produced by PHIDU from deaths data supplied by ABS on behalf of State and Territory Registrars of deaths for 2003 to 2007, and ABS Estimated Resident Population, 30 June 2003 to 2007","stype":"ratio","isDimension":false}],"filter":{"filterType":"tabular","feature":{"key":"area_code","geoLevel":"lga","geoField":"ignored","year":"2006","featureBbox":[140.961681984,-39.159189527500004,149.976679008,-33.9806475865],"featureType":"ste","featureInstance":"2","featureName":"Victoria","referenceSystemIdentifier":"urn:x-ogc:def:crs:EPSG:4283","prefix":"","keyTransform":null},"states":["2"]}}