{"organisation":"TUA_PHIDU","name":"phidu_cancer_incidence_persons_lga_2010_14","title":"PHIDU - Cancer Incidence - Persons (LGA) 2010-2014","legal":{"copyrightYear":"2021","attributionYear":"2021","attribution":"{datasource.organisationTitle}, ({dataset.attributionYear}): {dataset.title}; accessed from SUDO on {dateOfAccess}.","clickthrough":false,"licenceType":"Creative Commons Attribution-NonCommercial-ShareAlike 3.0 Australia (CC BY-NC-SA 3.0 AU)","copyrightNotice":"&copy; {datasource.organisationTitle} {dataset.copyrightYear}","suggestedCitation":"{datasource.organisationTitle}, ({dataset.attributionYear}): {dataset.title}; accessed from SUDO on {dateOfAccess}."},"referenceSystemIdentifier":"urn:x-ogc:def:crs:EPSG:4283","geoLevel":"lga2016","key":"lga_code","keyRegex":null,"availability":"true","geomField":"geom","keyword":"HEALTH SCIENCES,Public health,HUMAN SOCIETY,Demography","theme":"","temporalExtent":{"beginDate":"2010-01-01T00:00:00","endDate":"2014-12-31T00:00:00","selectTime":false},"type":"dataset","_id":"dataset-TUA_PHIDU-phidu_cancer_incidence_persons_lga_2010_14-lga2016","bbox":[96.81,-43.75,159.11,-9.14],"abstract":"This dataset, released September 2020, contains data on the total cancer incidences during 2010-2014 by Colorectal Cancer, Melanoma of the skin, Lung cancer, Lymphoma cancer, Leukaemia cancer, Pancreatic cancer, and All cancers combined. The data is by Local Government Area (LGA) 2016 geographic boundaries.<br/><br/>\n\nFor more information please see the <a href=\"https://phidu.torrens.edu.au/current/data/sha-aust/notes/phidu_data_sources_notes.pdf\" target=\"_blank\">data source notes</a> on the data. <br/><br/>\n\nSource: Compiled by PHIDU from an analysis by the Australian Institute of Health and Welfare (AIHW) of the Australian Cancer Database (ACD) 2015. The ACD is compiled at the AIHW from cancer data provided by state and territory cancer registries: for further information on the ACD see <a href=https://www.aihw.gov.au/about-our-data/our-data-collections/australian-cancer-database\" target=\"_blank\">link</a>. SUDO has spatially enabled the <a href= \"https://phidu.torrens.edu.au/social-health-atlases/data#social-health-atlases-of-australia-local-government-areas\" target=\"_blank\">original data</a>. Data that was not shown/not applicable/not published/not available for the specific area ('#', '..', '^', 'np, 'n.a.', 'n.y.a.' in original PHIDU data) was removed.It has been replaced by by Blank cells. For other keys and abbreviations refer to <a href=\"https://cloudstor.aarnet.edu.au/plus/s/1ryaKpnBQB6cMCp\" target=\"_blank\">PHIDU Keys</a>.","selectedAttributes":[{"name":"lga_code","type":"Integer","title":"LGA Code 2016","description":"lga_code","stype":"nominal","isDimension":false},{"name":"colorectal_cancer_2010_to_2014_asr_per_100000","type":"Double","title":"Colorectal Cancer 2010 To 2014 Asr Per 100,000","description":"colorectal_cancer_2010_to_2014_asr_per_100000","stype":"nominal","isDimension":false},{"name":"colorectal_cancer_2010_to_2014_number","type":"Double","title":"Colorectal Cancer 2010 To 2014 Number","description":"colorectal_cancer_2010_to_2014_number","stype":"nominal","isDimension":false},{"name":"colorectal_cancer_2010_to_2014_sr","type":"Double","title":"Colorectal Cancer 2010 To 2014 Sr","description":"colorectal_cancer_2010_to_2014_sr","stype":"nominal","isDimension":false},{"name":"lga_name","type":"String","title":"LGA Name 2016","description":"lga_name","stype":"nominal","isDimension":false},{"name":"lung_cancer_2010_to_2014_asr_per_100000","type":"Double","title":"Lung Cancer 2010 To 2014 Asr Per 100,000","description":"lung_cancer_2010_to_2014_asr_per_100000","stype":"nominal","isDimension":false},{"name":"lung_cancer_2010_to_2014_number","type":"Double","title":"Lung Cancer 2010 To 2014 Number","description":"lung_cancer_2010_to_2014_number","stype":"nominal","isDimension":false},{"name":"lung_cancer_2010_to_2014_sr","type":"Double","title":"Lung Cancer 2010 To 2014 Sr","description":"lung_cancer_2010_to_2014_sr","stype":"nominal","isDimension":false},{"name":"lymphoma_2010_to_2014_asr_per_100000","type":"Double","title":"Lymphoma 2010 To 2014 Asr Per 100,000","description":"lymphoma_2010_to_2014_asr_per_100000","stype":"nominal","isDimension":false},{"name":"lymphoma_2010_to_2014_number","type":"Double","title":"Lymphoma 2010 To 2014 Number","description":"lymphoma_2010_to_2014_number","stype":"nominal","isDimension":false},{"name":"lymphoma_2010_to_2014_sr","type":"Double","title":"Lymphoma 2010 To 2014 Sr","description":"lymphoma_2010_to_2014_sr","stype":"nominal","isDimension":false},{"name":"melanoma_of_the_skin_2010_to_2014_asr_per_100000","type":"Double","title":"Melanoma Of The Skin 2010 To 2014 Asr Per 100,000","description":"melanoma_of_the_skin_2010_to_2014_asr_per_100000","stype":"nominal","isDimension":false},{"name":"melanoma_of_the_skin_2010_to_2014_number","type":"Double","title":"Melanoma Of The Skin 2010 To 2014 Number","description":"melanoma_of_the_skin_2010_to_2014_number","stype":"nominal","isDimension":false},{"name":"melanoma_of_the_skin_2010_to_2014_sr","type":"Double","title":"Melanoma Of The Skin 2010 To 2014 Sr","description":"melanoma_of_the_skin_2010_to_2014_sr","stype":"nominal","isDimension":false}],"filter":{"filterType":"tabular","feature":{"key":"lga_code","geoLevel":"lga2016","geoField":"ignored","year":"2006","featureBbox":[140.961681984,-39.159189527500004,149.976679008,-33.9806475865],"featureType":"ste","featureInstance":"2","featureName":"Victoria","referenceSystemIdentifier":"urn:x-ogc:def:crs:EPSG:4283","prefix":"","keyTransform":null},"states":["2"]}}