{"type":"FeatureCollection","bbox":[0.0,0.0,-1.0,-1.0],"features":[{"type":"Feature","properties":{"melanoma_of_the_skin_2010_to_2014_sr":83.0,"lung_cancer_2010_to_2014_asr_per_100000":40.96478,"colorectal_cancer_2010_to_2014_number":53.10407,"lga_name":"Alpine (S)","lga_code":20110,"melanoma_of_the_skin_2010_to_2014_asr_per_100000":45.11338,"lung_cancer_2010_to_2014_number":36.99999,"colorectal_cancer_2010_to_2014_sr":92.0,"melanoma_of_the_skin_2010_to_2014_number":36.99999,"lymphoma_2010_to_2014_sr":107.0,"lymphoma_2010_to_2014_number":21.0,"lung_cancer_2010_to_2014_sr":84.0,"colorectal_cancer_2010_to_2014_asr_per_100000":60.45025,"lymphoma_2010_to_2014_asr_per_100000":25.47347},"id":"phidu_cancer_incidence_persons_lga_2010_14.131"},{"type":"Feature","properties":{"melanoma_of_the_skin_2010_to_2014_sr":89.0,"lung_cancer_2010_to_2014_asr_per_100000":49.10033,"colorectal_cancer_2010_to_2014_number":62.70539,"lga_name":"Ararat (RC)","lga_code":20260,"melanoma_of_the_skin_2010_to_2014_asr_per_100000":47.93013,"lung_cancer_2010_to_2014_number":39.16257,"colorectal_cancer_2010_to_2014_sr":122.0,"melanoma_of_the_skin_2010_to_2014_number":34.92467,"lymphoma_2010_to_2014_sr":79.0,"lymphoma_2010_to_2014_number":13.88,"lung_cancer_2010_to_2014_sr":101.0,"colorectal_cancer_2010_to_2014_asr_per_100000":80.47811,"lymphoma_2010_to_2014_asr_per_100000":18.89215},"id":"phidu_cancer_incidence_persons_lga_2010_14.132"},{"type":"Feature","properties":{"melanoma_of_the_skin_2010_to_2014_sr":103.0,"lung_cancer_2010_to_2014_asr_per_100000":46.22435,"colorectal_cancer_2010_to_2014_number":353.3206,"lga_name":"Ballarat (C)","lga_code":20570,"melanoma_of_the_skin_2010_to_2014_asr_per_100000":55.51388,"lung_cancer_2010_to_2014_number":238.3149,"colorectal_cancer_2010_to_2014_sr":105.0,"melanoma_of_the_skin_2010_to_2014_number":276.3837,"lymphoma_2010_to_2014_sr":112.0,"lymphoma_2010_to_2014_number":134.7074,"lung_cancer_2010_to_2014_sr":95.0,"colorectal_cancer_2010_to_2014_asr_per_100000":68.92624,"lymphoma_2010_to_2014_asr_per_100000":26.75055},"id":"phidu_cancer_incidence_persons_lga_2010_14.133"},{"type":"Feature","properties":{"melanoma_of_the_skin_2010_to_2014_sr":81.0,"lung_cancer_2010_to_2014_asr_per_100000":37.89237,"colorectal_cancer_2010_to_2014_number":395.0,"lga_name":"Banyule (C)","lga_code":20660,"melanoma_of_the_skin_2010_to_2014_asr_per_100000":43.80168,"lung_cancer_2010_to_2014_number":260.0,"colorectal_cancer_2010_to_2014_sr":88.0,"melanoma_of_the_skin_2010_to_2014_number":292.0,"lymphoma_2010_to_2014_sr":117.0,"lymphoma_2010_to_2014_number":186.0,"lung_cancer_2010_to_2014_sr":78.0,"colorectal_cancer_2010_to_2014_asr_per_100000":57.73539,"lymphoma_2010_to_2014_asr_per_100000":27.8429},"id":"phidu_cancer_incidence_persons_lga_2010_14.134"},{"type":"Feature","properties":{"melanoma_of_the_skin_2010_to_2014_sr":84.0,"lung_cancer_2010_to_2014_asr_per_100000":47.30894,"colorectal_cancer_2010_to_2014_number":152.806,"lga_name":"Bass Coast (S)","lga_code":20740,"melanoma_of_the_skin_2010_to_2014_asr_per_100000":45.67114,"lung_cancer_2010_to_2014_number":114.1385,"colorectal_cancer_2010_to_2014_sr":100.0,"melanoma_of_the_skin_2010_to_2014_number":97.13847,"lymphoma_2010_to_2014_sr":109.0,"lymphoma_2010_to_2014_number":56.13847,"lung_cancer_2010_to_2014_sr":97.0,"colorectal_cancer_2010_to_2014_asr_per_100000":65.52551,"lymphoma_2010_to_2014_asr_per_100000":26.02179},"id":"phidu_cancer_incidence_persons_lga_2010_14.135"},{"type":"Feature","properties":{"melanoma_of_the_skin_2010_to_2014_sr":86.0,"lung_cancer_2010_to_2014_asr_per_100000":35.71931,"colorectal_cancer_2010_to_2014_number":159.996,"lga_name":"Baw Baw (S)","lga_code":20830,"melanoma_of_the_skin_2010_to_2014_asr_per_100000":46.68709,"lung_cancer_2010_to_2014_number":93.64623,"colorectal_cancer_2010_to_2014_sr":94.0,"melanoma_of_the_skin_2010_to_2014_number":116.1466,"lymphoma_2010_to_2014_sr":94.0,"lymphoma_2010_to_2014_number":56.04639,"lung_cancer_2010_to_2014_sr":74.0,"colorectal_cancer_2010_to_2014_asr_per_100000":62.1245,"lymphoma_2010_to_2014_asr_per_100000":22.39719},"id":"phidu_cancer_incidence_persons_lga_2010_14.136"},{"type":"Feature","properties":{"melanoma_of_the_skin_2010_to_2014_sr":106.0,"lung_cancer_2010_to_2014_asr_per_100000":32.55908,"colorectal_cancer_2010_to_2014_number":354.0,"lga_name":"Bayside (C)","lga_code":20910,"melanoma_of_the_skin_2010_to_2014_asr_per_100000":57.37423,"lung_cancer_2010_to_2014_number":196.0,"colorectal_cancer_2010_to_2014_sr":89.0,"melanoma_of_the_skin_2010_to_2014_number":328.0,"lymphoma_2010_to_2014_sr":122.0,"lymphoma_2010_to_2014_number":167.0,"lung_cancer_2010_to_2014_sr":67.0,"colorectal_cancer_2010_to_2014_asr_per_100000":58.86677,"lymphoma_2010_to_2014_asr_per_100000":29.22624},"id":"phidu_cancer_incidence_persons_lga_2010_14.137"},{"type":"Feature","properties":{"melanoma_of_the_skin_2010_to_2014_sr":113.0,"lung_cancer_2010_to_2014_asr_per_100000":50.59252,"colorectal_cancer_2010_to_2014_number":62.84483,"lga_name":"Benalla (RC)","lga_code":21010,"melanoma_of_the_skin_2010_to_2014_asr_per_100000":61.12079,"lung_cancer_2010_to_2014_number":52.73535,"colorectal_cancer_2010_to_2014_sr":94.0,"melanoma_of_the_skin_2010_to_2014_number":56.84182,"lymphoma_2010_to_2014_sr":84.0,"lymphoma_2010_to_2014_number":18.94827,"lung_cancer_2010_to_2014_sr":104.0,"colorectal_cancer_2010_to_2014_asr_per_100000":61.77342,"lymphoma_2010_to_2014_asr_per_100000":20.08122},"id":"phidu_cancer_incidence_persons_lga_2010_14.138"},{"type":"Feature","properties":{"melanoma_of_the_skin_2010_to_2014_sr":74.0,"lung_cancer_2010_to_2014_asr_per_100000":32.5078,"colorectal_cancer_2010_to_2014_number":538.0,"lga_name":"Boroondara (C)","lga_code":21110,"melanoma_of_the_skin_2010_to_2014_asr_per_100000":40.26229,"lung_cancer_2010_to_2014_number":289.0,"colorectal_cancer_2010_to_2014_sr":91.0,"melanoma_of_the_skin_2010_to_2014_number":353.0,"lymphoma_2010_to_2014_sr":99.0,"lymphoma_2010_to_2014_number":209.0,"lung_cancer_2010_to_2014_sr":67.0,"colorectal_cancer_2010_to_2014_asr_per_100000":60.06485,"lymphoma_2010_to_2014_asr_per_100000":23.739},"id":"phidu_cancer_incidence_persons_lga_2010_14.139"},{"type":"Feature","properties":{"melanoma_of_the_skin_2010_to_2014_sr":33.0,"lung_cancer_2010_to_2014_asr_per_100000":53.33287,"colorectal_cancer_2010_to_2014_number":498.0,"lga_name":"Brimbank (C)","lga_code":21180,"melanoma_of_the_skin_2010_to_2014_asr_per_100000":17.73116,"lung_cancer_2010_to_2014_number":446.0,"colorectal_cancer_2010_to_2014_sr":90.0,"melanoma_of_the_skin_2010_to_2014_number":156.0,"lymphoma_2010_to_2014_sr":97.0,"lymphoma_2010_to_2014_number":202.0,"lung_cancer_2010_to_2014_sr":110.0,"colorectal_cancer_2010_to_2014_asr_per_100000":59.13736,"lymphoma_2010_to_2014_asr_per_100000":23.05442},"id":"phidu_cancer_incidence_persons_lga_2010_14.140"},{"type":"Feature","properties":{"melanoma_of_the_skin_2010_to_2014_sr":105.0,"lung_cancer_2010_to_2014_asr_per_100000":60.47606,"colorectal_cancer_2010_to_2014_number":47.9739,"lga_name":"Buloke (S)","lga_code":21270,"melanoma_of_the_skin_2010_to_2014_asr_per_100000":56.57204,"lung_cancer_2010_to_2014_number":31.99999,"colorectal_cancer_2010_to_2014_sr":141.0,"melanoma_of_the_skin_2010_to_2014_number":25.99999,"lymphoma_2010_to_2014_sr":null,"lymphoma_2010_to_2014_number":null,"lung_cancer_2010_to_2014_sr":124.0,"colorectal_cancer_2010_to_2014_asr_per_100000":92.92231,"lymphoma_2010_to_2014_asr_per_100000":null},"id":"phidu_cancer_incidence_persons_lga_2010_14.141"},{"type":"Feature","properties":{"melanoma_of_the_skin_2010_to_2014_sr":98.0,"lung_cancer_2010_to_2014_asr_per_100000":47.15578,"colorectal_cancer_2010_to_2014_number":187.0541,"lga_name":"Campaspe (S)","lga_code":21370,"melanoma_of_the_skin_2010_to_2014_asr_per_100000":52.78595,"lung_cancer_2010_to_2014_number":117.0,"colorectal_cancer_2010_to_2014_sr":117.0,"melanoma_of_the_skin_2010_to_2014_number":119.5271,"lymphoma_2010_to_2014_sr":91.0,"lymphoma_2010_to_2014_number":49.88,"lung_cancer_2010_to_2014_sr":97.0,"colorectal_cancer_2010_to_2014_asr_per_100000":77.08004,"lymphoma_2010_to_2014_asr_per_100000":21.74954},"id":"phidu_cancer_incidence_persons_lga_2010_14.142"},{"type":"Feature","properties":{"melanoma_of_the_skin_2010_to_2014_sr":82.0,"lung_cancer_2010_to_2014_asr_per_100000":55.27657,"colorectal_cancer_2010_to_2014_number":223.316,"lga_name":"Cardinia (S)","lga_code":21450,"melanoma_of_the_skin_2010_to_2014_asr_per_100000":44.21521,"lung_cancer_2010_to_2014_number":175.0,"colorectal_cancer_2010_to_2014_sr":106.0,"melanoma_of_the_skin_2010_to_2014_number":150.658,"lymphoma_2010_to_2014_sr":112.0,"lymphoma_2010_to_2014_number":90.65799,"lung_cancer_2010_to_2014_sr":114.0,"colorectal_cancer_2010_to_2014_asr_per_100000":69.63595,"lymphoma_2010_to_2014_asr_per_100000":26.84538},"id":"phidu_cancer_incidence_persons_lga_2010_14.143"},{"type":"Feature","properties":{"melanoma_of_the_skin_2010_to_2014_sr":62.0,"lung_cancer_2010_to_2014_asr_per_100000":48.46388,"colorectal_cancer_2010_to_2014_number":597.9956,"lga_name":"Casey (C)","lga_code":21610,"melanoma_of_the_skin_2010_to_2014_asr_per_100000":33.57199,"lung_cancer_2010_to_2014_number":460.9913,"colorectal_cancer_2010_to_2014_sr":93.0,"melanoma_of_the_skin_2010_to_2014_number":361.0,"lymphoma_2010_to_2014_sr":90.0,"lymphoma_2010_to_2014_number":227.0,"lung_cancer_2010_to_2014_sr":100.0,"colorectal_cancer_2010_to_2014_asr_per_100000":61.0516,"lymphoma_2010_to_2014_asr_per_100000":21.41765},"id":"phidu_cancer_incidence_persons_lga_2010_14.144"},{"type":"Feature","properties":{"melanoma_of_the_skin_2010_to_2014_sr":83.0,"lung_cancer_2010_to_2014_asr_per_100000":73.61329,"colorectal_cancer_2010_to_2014_number":77.88981,"lga_name":"Central Goldfields (S)","lga_code":21670,"melanoma_of_the_skin_2010_to_2014_asr_per_100000":44.8564,"lung_cancer_2010_to_2014_number":76.99365,"colorectal_cancer_2010_to_2014_sr":117.0,"melanoma_of_the_skin_2010_to_2014_number":40.73695,"lymphoma_2010_to_2014_sr":103.0,"lymphoma_2010_to_2014_number":22.79151,"lung_cancer_2010_to_2014_sr":152.0,"colorectal_cancer_2010_to_2014_asr_per_100000":77.17279,"lymphoma_2010_to_2014_asr_per_100000":24.6171},"id":"phidu_cancer_incidence_persons_lga_2010_14.145"},{"type":"Feature","properties":{"melanoma_of_the_skin_2010_to_2014_sr":98.0,"lung_cancer_2010_to_2014_asr_per_100000":41.04494,"colorectal_cancer_2010_to_2014_number":98.91764,"lga_name":"Colac-Otway (S)","lga_code":21750,"melanoma_of_the_skin_2010_to_2014_asr_per_100000":52.94193,"lung_cancer_2010_to_2014_number":56.0,"colorectal_cancer_2010_to_2014_sr":112.0,"melanoma_of_the_skin_2010_to_2014_number":66.75291,"lymphoma_2010_to_2014_sr":92.0,"lymphoma_2010_to_2014_number":27.83528,"lung_cancer_2010_to_2014_sr":84.0,"colorectal_cancer_2010_to_2014_asr_per_100000":73.81643,"lymphoma_2010_to_2014_asr_per_100000":21.86748},"id":"phidu_cancer_incidence_persons_lga_2010_14.146"},{"type":"Feature","properties":{"melanoma_of_the_skin_2010_to_2014_sr":101.0,"lung_cancer_2010_to_2014_asr_per_100000":43.14076,"colorectal_cancer_2010_to_2014_number":100.3026,"lga_name":"Corangamite (S)","lga_code":21830,"melanoma_of_the_skin_2010_to_2014_asr_per_100000":54.75923,"lung_cancer_2010_to_2014_number":46.79058,"colorectal_cancer_2010_to_2014_sr":143.0,"melanoma_of_the_skin_2010_to_2014_number":54.33152,"lymphoma_2010_to_2014_sr":112.0,"lymphoma_2010_to_2014_number":26.96104,"lung_cancer_2010_to_2014_sr":89.0,"colorectal_cancer_2010_to_2014_asr_per_100000":94.45735,"lymphoma_2010_to_2014_asr_per_100000":26.82914},"id":"phidu_cancer_incidence_persons_lga_2010_14.147"},{"type":"Feature","properties":{"melanoma_of_the_skin_2010_to_2014_sr":43.0,"lung_cancer_2010_to_2014_asr_per_100000":49.95489,"colorectal_cancer_2010_to_2014_number":456.0,"lga_name":"Darebin (C)","lga_code":21890,"melanoma_of_the_skin_2010_to_2014_asr_per_100000":23.52587,"lung_cancer_2010_to_2014_number":360.0,"colorectal_cancer_2010_to_2014_sr":95.0,"melanoma_of_the_skin_2010_to_2014_number":169.0,"lymphoma_2010_to_2014_sr":107.0,"lymphoma_2010_to_2014_number":184.0,"lung_cancer_2010_to_2014_sr":103.0,"colorectal_cancer_2010_to_2014_asr_per_100000":62.59785,"lymphoma_2010_to_2014_asr_per_100000":25.51381},"id":"phidu_cancer_incidence_persons_lga_2010_14.148"},{"type":"Feature","properties":{"melanoma_of_the_skin_2010_to_2014_sr":103.0,"lung_cancer_2010_to_2014_asr_per_100000":56.34066,"colorectal_cancer_2010_to_2014_number":252.2794,"lga_name":"East Gippsland (S)","lga_code":22110,"melanoma_of_the_skin_2010_to_2014_asr_per_100000":55.58924,"lung_cancer_2010_to_2014_number":190.8976,"colorectal_cancer_2010_to_2014_sr":117.0,"melanoma_of_the_skin_2010_to_2014_number":166.2589,"lymphoma_2010_to_2014_sr":112.0,"lymphoma_2010_to_2014_number":81.00001,"lung_cancer_2010_to_2014_sr":116.0,"colorectal_cancer_2010_to_2014_asr_per_100000":77.24186,"lymphoma_2010_to_2014_asr_per_100000":26.68992},"id":"phidu_cancer_incidence_persons_lga_2010_14.149"},{"type":"Feature","properties":{"melanoma_of_the_skin_2010_to_2014_sr":88.0,"lung_cancer_2010_to_2014_asr_per_100000":53.52829,"colorectal_cancer_2010_to_2014_number":385.0,"lga_name":"Frankston (C)","lga_code":22170,"melanoma_of_the_skin_2010_to_2014_asr_per_100000":47.4618,"lung_cancer_2010_to_2014_number":350.0,"colorectal_cancer_2010_to_2014_sr":89.0,"melanoma_of_the_skin_2010_to_2014_number":313.0,"lymphoma_2010_to_2014_sr":98.0,"lymphoma_2010_to_2014_number":153.0,"lung_cancer_2010_to_2014_sr":110.0,"colorectal_cancer_2010_to_2014_asr_per_100000":58.76093,"lymphoma_2010_to_2014_asr_per_100000":23.27722},"id":"phidu_cancer_incidence_persons_lga_2010_14.150"},{"type":"Feature","properties":{"melanoma_of_the_skin_2010_to_2014_sr":114.0,"lung_cancer_2010_to_2014_asr_per_100000":39.31287,"colorectal_cancer_2010_to_2014_number":80.03758,"lga_name":"Gannawarra (S)","lga_code":22250,"melanoma_of_the_skin_2010_to_2014_asr_per_100000":61.54856,"lung_cancer_2010_to_2014_number":33.01656,"colorectal_cancer_2010_to_2014_sr":149.0,"melanoma_of_the_skin_2010_to_2014_number":45.02103,"lymphoma_2010_to_2014_sr":79.0,"lymphoma_2010_to_2014_number":14.02103,"lung_cancer_2010_to_2014_sr":81.0,"colorectal_cancer_2010_to_2014_asr_per_100000":98.3148,"lymphoma_2010_to_2014_asr_per_100000":18.78622},"id":"phidu_cancer_incidence_persons_lga_2010_14.151"},{"type":"Feature","properties":{"melanoma_of_the_skin_2010_to_2014_sr":71.0,"lung_cancer_2010_to_2014_asr_per_100000":43.42921,"colorectal_cancer_2010_to_2014_number":455.0,"lga_name":"Glen Eira (C)","lga_code":22310,"melanoma_of_the_skin_2010_to_2014_asr_per_100000":38.3611,"lung_cancer_2010_to_2014_number":314.0,"colorectal_cancer_2010_to_2014_sr":94.0,"melanoma_of_the_skin_2010_to_2014_number":275.0,"lymphoma_2010_to_2014_sr":122.0,"lymphoma_2010_to_2014_number":209.0,"lung_cancer_2010_to_2014_sr":89.0,"colorectal_cancer_2010_to_2014_asr_per_100000":62.06237,"lymphoma_2010_to_2014_asr_per_100000":29.15309},"id":"phidu_cancer_incidence_persons_lga_2010_14.152"},{"type":"Feature","properties":{"melanoma_of_the_skin_2010_to_2014_sr":78.0,"lung_cancer_2010_to_2014_asr_per_100000":42.78914,"colorectal_cancer_2010_to_2014_number":113.8572,"lga_name":"Glenelg (S)","lga_code":22410,"melanoma_of_the_skin_2010_to_2014_asr_per_100000":42.26538,"lung_cancer_2010_to_2014_number":54.07939,"colorectal_cancer_2010_to_2014_sr":139.0,"melanoma_of_the_skin_2010_to_2014_number":50.33464,"lymphoma_2010_to_2014_sr":95.0,"lymphoma_2010_to_2014_number":27.06288,"lung_cancer_2010_to_2014_sr":88.0,"colorectal_cancer_2010_to_2014_asr_per_100000":91.72853,"lymphoma_2010_to_2014_asr_per_100000":22.67719},"id":"phidu_cancer_incidence_persons_lga_2010_14.153"},{"type":"Feature","properties":{"melanoma_of_the_skin_2010_to_2014_sr":97.0,"lung_cancer_2010_to_2014_asr_per_100000":56.72771,"colorectal_cancer_2010_to_2014_number":69.0,"lga_name":"Golden Plains (S)","lga_code":22490,"melanoma_of_the_skin_2010_to_2014_asr_per_100000":52.38514,"lung_cancer_2010_to_2014_number":48.0,"colorectal_cancer_2010_to_2014_sr":123.0,"melanoma_of_the_skin_2010_to_2014_number":48.0,"lymphoma_2010_to_2014_sr":70.0,"lymphoma_2010_to_2014_number":15.0,"lung_cancer_2010_to_2014_sr":117.0,"colorectal_cancer_2010_to_2014_asr_per_100000":81.28124,"lymphoma_2010_to_2014_asr_per_100000":16.80295},"id":"phidu_cancer_incidence_persons_lga_2010_14.154"},{"type":"Feature","properties":{"melanoma_of_the_skin_2010_to_2014_sr":74.0,"lung_cancer_2010_to_2014_asr_per_100000":54.73437,"colorectal_cancer_2010_to_2014_number":404.8021,"lga_name":"Greater Bendigo (C)","lga_code":22620,"melanoma_of_the_skin_2010_to_2014_asr_per_100000":39.84477,"lung_cancer_2010_to_2014_number":317.2343,"colorectal_cancer_2010_to_2014_sr":107.0,"melanoma_of_the_skin_2010_to_2014_number":221.1838,"lymphoma_2010_to_2014_sr":113.0,"lymphoma_2010_to_2014_number":150.7097,"lung_cancer_2010_to_2014_sr":113.0,"colorectal_cancer_2010_to_2014_asr_per_100000":70.43917,"lymphoma_2010_to_2014_asr_per_100000":26.88541},"id":"phidu_cancer_incidence_persons_lga_2010_14.155"},{"type":"Feature","properties":{"melanoma_of_the_skin_2010_to_2014_sr":35.0,"lung_cancer_2010_to_2014_asr_per_100000":51.16414,"colorectal_cancer_2010_to_2014_number":440.0,"lga_name":"Greater Dandenong (C)","lga_code":22670,"melanoma_of_the_skin_2010_to_2014_asr_per_100000":19.10802,"lung_cancer_2010_to_2014_number":363.0,"colorectal_cancer_2010_to_2014_sr":94.0,"melanoma_of_the_skin_2010_to_2014_number":135.0,"lymphoma_2010_to_2014_sr":91.0,"lymphoma_2010_to_2014_number":154.0,"lung_cancer_2010_to_2014_sr":105.0,"colorectal_cancer_2010_to_2014_asr_per_100000":61.99192,"lymphoma_2010_to_2014_asr_per_100000":21.63299},"id":"phidu_cancer_incidence_persons_lga_2010_14.156"},{"type":"Feature","properties":{"melanoma_of_the_skin_2010_to_2014_sr":87.0,"lung_cancer_2010_to_2014_asr_per_100000":51.21985,"colorectal_cancer_2010_to_2014_number":864.2641,"lga_name":"Greater Geelong (C)","lga_code":22750,"melanoma_of_the_skin_2010_to_2014_asr_per_100000":47.12554,"lung_cancer_2010_to_2014_number":657.1321,"colorectal_cancer_2010_to_2014_sr":103.0,"melanoma_of_the_skin_2010_to_2014_number":573.3962,"lymphoma_2010_to_2014_sr":102.0,"lymphoma_2010_to_2014_number":300.0,"lung_cancer_2010_to_2014_sr":105.0,"colorectal_cancer_2010_to_2014_asr_per_100000":67.96156,"lymphoma_2010_to_2014_asr_per_100000":24.42754},"id":"phidu_cancer_incidence_persons_lga_2010_14.157"},{"type":"Feature","properties":{"melanoma_of_the_skin_2010_to_2014_sr":93.0,"lung_cancer_2010_to_2014_asr_per_100000":40.50072,"colorectal_cancer_2010_to_2014_number":269.9459,"lga_name":"Greater Shepparton (C)","lga_code":22830,"melanoma_of_the_skin_2010_to_2014_asr_per_100000":50.46994,"lung_cancer_2010_to_2014_number":135.2129,"colorectal_cancer_2010_to_2014_sr":123.0,"melanoma_of_the_skin_2010_to_2014_number":163.5794,"lymphoma_2010_to_2014_sr":84.0,"lymphoma_2010_to_2014_number":65.12,"lung_cancer_2010_to_2014_sr":83.0,"colorectal_cancer_2010_to_2014_asr_per_100000":81.29849,"lymphoma_2010_to_2014_asr_per_100000":19.97195},"id":"phidu_cancer_incidence_persons_lga_2010_14.158"},{"type":"Feature","properties":{"melanoma_of_the_skin_2010_to_2014_sr":133.0,"lung_cancer_2010_to_2014_asr_per_100000":46.88412,"colorectal_cancer_2010_to_2014_number":64.43669,"lga_name":"Hepburn (S)","lga_code":22910,"melanoma_of_the_skin_2010_to_2014_asr_per_100000":72.05916,"lung_cancer_2010_to_2014_number":48.77145,"colorectal_cancer_2010_to_2014_sr":96.0,"melanoma_of_the_skin_2010_to_2014_number":69.9084,"lymphoma_2010_to_2014_sr":92.0,"lymphoma_2010_to_2014_number":21.12903,"lung_cancer_2010_to_2014_sr":96.0,"colorectal_cancer_2010_to_2014_asr_per_100000":63.47522,"lymphoma_2010_to_2014_asr_per_100000":21.86697},"id":"phidu_cancer_incidence_persons_lga_2010_14.159"},{"type":"Feature","properties":{"melanoma_of_the_skin_2010_to_2014_sr":66.0,"lung_cancer_2010_to_2014_asr_per_100000":57.62387,"colorectal_cancer_2010_to_2014_number":37.84906,"lga_name":"Hindmarsh (S)","lga_code":22980,"melanoma_of_the_skin_2010_to_2014_asr_per_100000":35.93525,"lung_cancer_2010_to_2014_number":27.69812,"colorectal_cancer_2010_to_2014_sr":122.0,"melanoma_of_the_skin_2010_to_2014_number":14.99999,"lymphoma_2010_to_2014_sr":98.0,"lymphoma_2010_to_2014_number":10.0,"lung_cancer_2010_to_2014_sr":119.0,"colorectal_cancer_2010_to_2014_asr_per_100000":80.4035,"lymphoma_2010_to_2014_asr_per_100000":23.4846},"id":"phidu_cancer_incidence_persons_lga_2010_14.160"},{"type":"Feature","properties":{"melanoma_of_the_skin_2010_to_2014_sr":65.0,"lung_cancer_2010_to_2014_asr_per_100000":52.62115,"colorectal_cancer_2010_to_2014_number":301.2339,"lga_name":"Hobsons Bay (C)","lga_code":23110,"melanoma_of_the_skin_2010_to_2014_asr_per_100000":34.93096,"lung_cancer_2010_to_2014_number":230.5531,"colorectal_cancer_2010_to_2014_sr":104.0,"melanoma_of_the_skin_2010_to_2014_number":155.0,"lymphoma_2010_to_2014_sr":105.0,"lymphoma_2010_to_2014_number":110.9574,"lung_cancer_2010_to_2014_sr":108.0,"colorectal_cancer_2010_to_2014_asr_per_100000":68.2303,"lymphoma_2010_to_2014_asr_per_100000":25.15506},"id":"phidu_cancer_incidence_persons_lga_2010_14.161"},{"type":"Feature","properties":{"melanoma_of_the_skin_2010_to_2014_sr":77.0,"lung_cancer_2010_to_2014_asr_per_100000":35.24778,"colorectal_cancer_2010_to_2014_number":98.98381,"lga_name":"Horsham (RC)","lga_code":23190,"melanoma_of_the_skin_2010_to_2014_asr_per_100000":41.56415,"lung_cancer_2010_to_2014_number":43.0,"colorectal_cancer_2010_to_2014_sr":125.0,"melanoma_of_the_skin_2010_to_2014_number":46.90914,"lymphoma_2010_to_2014_sr":77.0,"lymphoma_2010_to_2014_number":21.0,"lung_cancer_2010_to_2014_sr":73.0,"colorectal_cancer_2010_to_2014_asr_per_100000":82.12273,"lymphoma_2010_to_2014_asr_per_100000":18.33939},"id":"phidu_cancer_incidence_persons_lga_2010_14.162"},{"type":"Feature","properties":{"melanoma_of_the_skin_2010_to_2014_sr":50.0,"lung_cancer_2010_to_2014_asr_per_100000":55.93061,"colorectal_cancer_2010_to_2014_number":448.0,"lga_name":"Hume (C)","lga_code":23270,"melanoma_of_the_skin_2010_to_2014_asr_per_100000":27.08609,"lung_cancer_2010_to_2014_number":357.0,"colorectal_cancer_2010_to_2014_sr":104.0,"melanoma_of_the_skin_2010_to_2014_number":194.0,"lymphoma_2010_to_2014_sr":110.0,"lymphoma_2010_to_2014_number":186.0,"lung_cancer_2010_to_2014_sr":115.0,"colorectal_cancer_2010_to_2014_asr_per_100000":68.71581,"lymphoma_2010_to_2014_asr_per_100000":26.23148},"id":"phidu_cancer_incidence_persons_lga_2010_14.163"},{"type":"Feature","properties":{"melanoma_of_the_skin_2010_to_2014_sr":86.0,"lung_cancer_2010_to_2014_asr_per_100000":41.66411,"colorectal_cancer_2010_to_2014_number":69.71048,"lga_name":"Indigo (S)","lga_code":23350,"melanoma_of_the_skin_2010_to_2014_asr_per_100000":46.64815,"lung_cancer_2010_to_2014_number":39.87637,"colorectal_cancer_2010_to_2014_sr":113.0,"melanoma_of_the_skin_2010_to_2014_number":43.0,"lymphoma_2010_to_2014_sr":105.0,"lymphoma_2010_to_2014_number":23.0,"lung_cancer_2010_to_2014_sr":86.0,"colorectal_cancer_2010_to_2014_asr_per_100000":74.12204,"lymphoma_2010_to_2014_asr_per_100000":25.13001},"id":"phidu_cancer_incidence_persons_lga_2010_14.164"},{"type":"Feature","properties":{"melanoma_of_the_skin_2010_to_2014_sr":80.0,"lung_cancer_2010_to_2014_asr_per_100000":48.25763,"colorectal_cancer_2010_to_2014_number":553.0,"lga_name":"Kingston (C)","lga_code":23430,"melanoma_of_the_skin_2010_to_2014_asr_per_100000":43.18637,"lung_cancer_2010_to_2014_number":406.0,"colorectal_cancer_2010_to_2014_sr":100.0,"melanoma_of_the_skin_2010_to_2014_number":353.0,"lymphoma_2010_to_2014_sr":110.0,"lymphoma_2010_to_2014_number":215.0,"lung_cancer_2010_to_2014_sr":99.0,"colorectal_cancer_2010_to_2014_asr_per_100000":65.82435,"lymphoma_2010_to_2014_asr_per_100000":26.29179},"id":"phidu_cancer_incidence_persons_lga_2010_14.165"},{"type":"Feature","properties":{"melanoma_of_the_skin_2010_to_2014_sr":69.0,"lung_cancer_2010_to_2014_asr_per_100000":45.8042,"colorectal_cancer_2010_to_2014_number":465.7722,"lga_name":"Knox (C)","lga_code":23670,"melanoma_of_the_skin_2010_to_2014_asr_per_100000":37.50263,"lung_cancer_2010_to_2014_number":345.0,"colorectal_cancer_2010_to_2014_sr":94.0,"melanoma_of_the_skin_2010_to_2014_number":290.0,"lymphoma_2010_to_2014_sr":95.0,"lymphoma_2010_to_2014_number":173.7722,"lung_cancer_2010_to_2014_sr":94.0,"colorectal_cancer_2010_to_2014_asr_per_100000":61.5712,"lymphoma_2010_to_2014_asr_per_100000":22.64828},"id":"phidu_cancer_incidence_persons_lga_2010_14.166"},{"type":"Feature","properties":{"melanoma_of_the_skin_2010_to_2014_sr":83.0,"lung_cancer_2010_to_2014_asr_per_100000":63.74457,"colorectal_cancer_2010_to_2014_number":263.2365,"lga_name":"Latrobe (C)","lga_code":23810,"melanoma_of_the_skin_2010_to_2014_asr_per_100000":45.16777,"lung_cancer_2010_to_2014_number":262.0606,"colorectal_cancer_2010_to_2014_sr":98.0,"melanoma_of_the_skin_2010_to_2014_number":178.7562,"lymphoma_2010_to_2014_sr":117.0,"lymphoma_2010_to_2014_number":111.1707,"lung_cancer_2010_to_2014_sr":131.0,"colorectal_cancer_2010_to_2014_asr_per_100000":64.70677,"lymphoma_2010_to_2014_asr_per_100000":27.88966},"id":"phidu_cancer_incidence_persons_lga_2010_14.167"},{"type":"Feature","properties":{"melanoma_of_the_skin_2010_to_2014_sr":71.0,"lung_cancer_2010_to_2014_asr_per_100000":63.00439,"colorectal_cancer_2010_to_2014_number":46.34383,"lga_name":"Loddon (S)","lga_code":23940,"melanoma_of_the_skin_2010_to_2014_asr_per_100000":38.16471,"lung_cancer_2010_to_2014_number":38.64479,"colorectal_cancer_2010_to_2014_sr":118.0,"melanoma_of_the_skin_2010_to_2014_number":20.68875,"lymphoma_2010_to_2014_sr":89.0,"lymphoma_2010_to_2014_number":11.61626,"lung_cancer_2010_to_2014_sr":130.0,"colorectal_cancer_2010_to_2014_asr_per_100000":78.00025,"lymphoma_2010_to_2014_asr_per_100000":21.20347},"id":"phidu_cancer_incidence_persons_lga_2010_14.168"},{"type":"Feature","properties":{"melanoma_of_the_skin_2010_to_2014_sr":89.0,"lung_cancer_2010_to_2014_asr_per_100000":46.06006,"colorectal_cancer_2010_to_2014_number":148.9734,"lga_name":"Macedon Ranges (S)","lga_code":24130,"melanoma_of_the_skin_2010_to_2014_asr_per_100000":48.23967,"lung_cancer_2010_to_2014_number":102.9467,"colorectal_cancer_2010_to_2014_sr":102.0,"melanoma_of_the_skin_2010_to_2014_number":109.8402,"lymphoma_2010_to_2014_sr":95.0,"lymphoma_2010_to_2014_number":50.92012,"lung_cancer_2010_to_2014_sr":95.0,"colorectal_cancer_2010_to_2014_asr_per_100000":67.0645,"lymphoma_2010_to_2014_asr_per_100000":22.71856},"id":"phidu_cancer_incidence_persons_lga_2010_14.169"},{"type":"Feature","properties":{"melanoma_of_the_skin_2010_to_2014_sr":71.0,"lung_cancer_2010_to_2014_asr_per_100000":31.42349,"colorectal_cancer_2010_to_2014_number":437.8162,"lga_name":"Manningham (C)","lga_code":24210,"melanoma_of_the_skin_2010_to_2014_asr_per_100000":38.30399,"lung_cancer_2010_to_2014_number":240.8162,"colorectal_cancer_2010_to_2014_sr":89.0,"melanoma_of_the_skin_2010_to_2014_number":271.265,"lymphoma_2010_to_2014_sr":108.0,"lymphoma_2010_to_2014_number":183.8162,"lung_cancer_2010_to_2014_sr":65.0,"colorectal_cancer_2010_to_2014_asr_per_100000":58.31649,"lymphoma_2010_to_2014_asr_per_100000":25.66119},"id":"phidu_cancer_incidence_persons_lga_2010_14.170"},{"type":"Feature","properties":{"melanoma_of_the_skin_2010_to_2014_sr":141.0,"lung_cancer_2010_to_2014_asr_per_100000":43.67719,"colorectal_cancer_2010_to_2014_number":32.90727,"lga_name":"Mansfield (S)","lga_code":24250,"melanoma_of_the_skin_2010_to_2014_asr_per_100000":76.35937,"lung_cancer_2010_to_2014_number":24.00022,"colorectal_cancer_2010_to_2014_sr":94.0,"melanoma_of_the_skin_2010_to_2014_number":38.95383,"lymphoma_2010_to_2014_sr":90.0,"lymphoma_2010_to_2014_number":11.00001,"lung_cancer_2010_to_2014_sr":90.0,"colorectal_cancer_2010_to_2014_asr_per_100000":61.68756,"lymphoma_2010_to_2014_asr_per_100000":21.53193},"id":"phidu_cancer_incidence_persons_lga_2010_14.171"},{"type":"Feature","properties":{"melanoma_of_the_skin_2010_to_2014_sr":38.0,"lung_cancer_2010_to_2014_asr_per_100000":48.26004,"colorectal_cancer_2010_to_2014_number":194.0,"lga_name":"Maribyrnong (C)","lga_code":24330,"melanoma_of_the_skin_2010_to_2014_asr_per_100000":20.80459,"lung_cancer_2010_to_2014_number":139.0,"colorectal_cancer_2010_to_2014_sr":98.0,"melanoma_of_the_skin_2010_to_2014_number":67.0,"lymphoma_2010_to_2014_sr":76.0,"lymphoma_2010_to_2014_number":58.0,"lung_cancer_2010_to_2014_sr":99.0,"colorectal_cancer_2010_to_2014_asr_per_100000":64.7375,"lymphoma_2010_to_2014_asr_per_100000":18.23837},"id":"phidu_cancer_incidence_persons_lga_2010_14.172"},{"type":"Feature","properties":{"melanoma_of_the_skin_2010_to_2014_sr":89.0,"lung_cancer_2010_to_2014_asr_per_100000":44.02901,"colorectal_cancer_2010_to_2014_number":360.0,"lga_name":"Maroondah (C)","lga_code":24410,"melanoma_of_the_skin_2010_to_2014_asr_per_100000":47.93552,"lung_cancer_2010_to_2014_number":250.0,"colorectal_cancer_2010_to_2014_sr":96.0,"melanoma_of_the_skin_2010_to_2014_number":269.0,"lymphoma_2010_to_2014_sr":86.0,"lymphoma_2010_to_2014_number":115.0,"lung_cancer_2010_to_2014_sr":91.0,"colorectal_cancer_2010_to_2014_asr_per_100000":63.31294,"lymphoma_2010_to_2014_asr_per_100000":20.49082},"id":"phidu_cancer_incidence_persons_lga_2010_14.173"},{"type":"Feature","properties":{"melanoma_of_the_skin_2010_to_2014_sr":60.0,"lung_cancer_2010_to_2014_asr_per_100000":44.25371,"colorectal_cancer_2010_to_2014_number":135.992,"lga_name":"Melbourne (C)","lga_code":24600,"melanoma_of_the_skin_2010_to_2014_asr_per_100000":32.48052,"lung_cancer_2010_to_2014_number":120.9799,"colorectal_cancer_2010_to_2014_sr":70.0,"melanoma_of_the_skin_2010_to_2014_number":113.0,"lymphoma_2010_to_2014_sr":86.0,"lymphoma_2010_to_2014_number":73.0,"lung_cancer_2010_to_2014_sr":91.0,"colorectal_cancer_2010_to_2014_asr_per_100000":46.4123,"lymphoma_2010_to_2014_asr_per_100000":20.43353},"id":"phidu_cancer_incidence_persons_lga_2010_14.174"},{"type":"Feature","properties":{"melanoma_of_the_skin_2010_to_2014_sr":44.0,"lung_cancer_2010_to_2014_asr_per_100000":47.27443,"colorectal_cancer_2010_to_2014_number":212.0,"lga_name":"Melton (C)","lga_code":24650,"melanoma_of_the_skin_2010_to_2014_asr_per_100000":23.80622,"lung_cancer_2010_to_2014_number":159.0,"colorectal_cancer_2010_to_2014_sr":91.0,"melanoma_of_the_skin_2010_to_2014_number":99.0,"lymphoma_2010_to_2014_sr":92.0,"lymphoma_2010_to_2014_number":89.0,"lung_cancer_2010_to_2014_sr":97.0,"colorectal_cancer_2010_to_2014_asr_per_100000":60.04915,"lymphoma_2010_to_2014_asr_per_100000":21.98746},"id":"phidu_cancer_incidence_persons_lga_2010_14.175"},{"type":"Feature","properties":{"melanoma_of_the_skin_2010_to_2014_sr":77.0,"lung_cancer_2010_to_2014_asr_per_100000":55.27254,"colorectal_cancer_2010_to_2014_number":221.0,"lga_name":"Mildura (RC)","lga_code":24780,"melanoma_of_the_skin_2010_to_2014_asr_per_100000":41.7374,"lung_cancer_2010_to_2014_number":166.0,"colorectal_cancer_2010_to_2014_sr":113.0,"melanoma_of_the_skin_2010_to_2014_number":119.0,"lymphoma_2010_to_2014_sr":102.0,"lymphoma_2010_to_2014_number":70.0,"lung_cancer_2010_to_2014_sr":114.0,"colorectal_cancer_2010_to_2014_asr_per_100000":74.3196,"lymphoma_2010_to_2014_asr_per_100000":24.30588},"id":"phidu_cancer_incidence_persons_lga_2010_14.176"},{"type":"Feature","properties":{"melanoma_of_the_skin_2010_to_2014_sr":77.0,"lung_cancer_2010_to_2014_asr_per_100000":55.94776,"colorectal_cancer_2010_to_2014_number":152.3503,"lga_name":"Mitchell (S)","lga_code":24850,"melanoma_of_the_skin_2010_to_2014_asr_per_100000":41.61582,"lung_cancer_2010_to_2014_number":88.24538,"colorectal_cancer_2010_to_2014_sr":146.0,"melanoma_of_the_skin_2010_to_2014_number":69.23215,"lymphoma_2010_to_2014_sr":123.0,"lymphoma_2010_to_2014_number":48.1858,"lung_cancer_2010_to_2014_sr":115.0,"colorectal_cancer_2010_to_2014_asr_per_100000":96.01659,"lymphoma_2010_to_2014_asr_per_100000":29.25236},"id":"phidu_cancer_incidence_persons_lga_2010_14.177"},{"type":"Feature","properties":{"melanoma_of_the_skin_2010_to_2014_sr":76.0,"lung_cancer_2010_to_2014_asr_per_100000":57.10186,"colorectal_cancer_2010_to_2014_number":149.0,"lga_name":"Moira (S)","lga_code":24900,"melanoma_of_the_skin_2010_to_2014_asr_per_100000":41.01291,"lung_cancer_2010_to_2014_number":119.0,"colorectal_cancer_2010_to_2014_sr":112.0,"melanoma_of_the_skin_2010_to_2014_number":76.0,"lymphoma_2010_to_2014_sr":73.0,"lymphoma_2010_to_2014_number":33.0,"lung_cancer_2010_to_2014_sr":118.0,"colorectal_cancer_2010_to_2014_asr_per_100000":73.5008,"lymphoma_2010_to_2014_asr_per_100000":17.49232},"id":"phidu_cancer_incidence_persons_lga_2010_14.178"},{"type":"Feature","properties":{"melanoma_of_the_skin_2010_to_2014_sr":59.0,"lung_cancer_2010_to_2014_asr_per_100000":39.62193,"colorectal_cancer_2010_to_2014_number":556.0,"lga_name":"Monash (C)","lga_code":24970,"melanoma_of_the_skin_2010_to_2014_asr_per_100000":31.70069,"lung_cancer_2010_to_2014_number":409.0,"colorectal_cancer_2010_to_2014_sr":83.0,"melanoma_of_the_skin_2010_to_2014_number":309.0,"lymphoma_2010_to_2014_sr":102.0,"lymphoma_2010_to_2014_number":241.0,"lung_cancer_2010_to_2014_sr":82.0,"colorectal_cancer_2010_to_2014_asr_per_100000":54.34535,"lymphoma_2010_to_2014_asr_per_100000":24.28745},"id":"phidu_cancer_incidence_persons_lga_2010_14.179"},{"type":"Feature","properties":{"melanoma_of_the_skin_2010_to_2014_sr":60.0,"lung_cancer_2010_to_2014_asr_per_100000":43.38868,"colorectal_cancer_2010_to_2014_number":400.008,"lga_name":"Moonee Valley (C)","lga_code":25060,"melanoma_of_the_skin_2010_to_2014_asr_per_100000":32.20809,"lung_cancer_2010_to_2014_number":266.0201,"colorectal_cancer_2010_to_2014_sr":99.0,"melanoma_of_the_skin_2010_to_2014_number":193.0,"lymphoma_2010_to_2014_sr":102.0,"lymphoma_2010_to_2014_number":147.0,"lung_cancer_2010_to_2014_sr":89.0,"colorectal_cancer_2010_to_2014_asr_per_100000":65.1756,"lymphoma_2010_to_2014_asr_per_100000":24.43256},"id":"phidu_cancer_incidence_persons_lga_2010_14.180"},{"type":"Feature","properties":{"melanoma_of_the_skin_2010_to_2014_sr":91.0,"lung_cancer_2010_to_2014_asr_per_100000":66.45545,"colorectal_cancer_2010_to_2014_number":109.1373,"lga_name":"Moorabool (S)","lga_code":25150,"melanoma_of_the_skin_2010_to_2014_asr_per_100000":49.52579,"lung_cancer_2010_to_2014_number":94.88869,"colorectal_cancer_2010_to_2014_sr":116.0,"melanoma_of_the_skin_2010_to_2014_number":72.69544,"lymphoma_2010_to_2014_sr":96.0,"lymphoma_2010_to_2014_number":33.28467,"lung_cancer_2010_to_2014_sr":137.0,"colorectal_cancer_2010_to_2014_asr_per_100000":76.56772,"lymphoma_2010_to_2014_asr_per_100000":22.95182},"id":"phidu_cancer_incidence_persons_lga_2010_14.181"},{"type":"Feature","properties":{"melanoma_of_the_skin_2010_to_2014_sr":51.0,"lung_cancer_2010_to_2014_asr_per_100000":51.94083,"colorectal_cancer_2010_to_2014_number":526.0,"lga_name":"Moreland (C)","lga_code":25250,"melanoma_of_the_skin_2010_to_2014_asr_per_100000":27.49055,"lung_cancer_2010_to_2014_number":406.0,"colorectal_cancer_2010_to_2014_sr":101.0,"melanoma_of_the_skin_2010_to_2014_number":212.0,"lymphoma_2010_to_2014_sr":112.0,"lymphoma_2010_to_2014_number":209.0,"lung_cancer_2010_to_2014_sr":107.0,"colorectal_cancer_2010_to_2014_asr_per_100000":66.47503,"lymphoma_2010_to_2014_asr_per_100000":26.82632},"id":"phidu_cancer_incidence_persons_lga_2010_14.182"},{"type":"Feature","properties":{"melanoma_of_the_skin_2010_to_2014_sr":115.0,"lung_cancer_2010_to_2014_asr_per_100000":43.66931,"colorectal_cancer_2010_to_2014_number":676.0,"lga_name":"Mornington Peninsula (S)","lga_code":25340,"melanoma_of_the_skin_2010_to_2014_asr_per_100000":62.23399,"lung_cancer_2010_to_2014_number":476.0,"colorectal_cancer_2010_to_2014_sr":97.0,"melanoma_of_the_skin_2010_to_2014_number":608.0,"lymphoma_2010_to_2014_sr":103.0,"lymphoma_2010_to_2014_number":243.0,"lung_cancer_2010_to_2014_sr":90.0,"colorectal_cancer_2010_to_2014_asr_per_100000":63.64782,"lymphoma_2010_to_2014_asr_per_100000":24.50944},"id":"phidu_cancer_incidence_persons_lga_2010_14.183"},{"type":"Feature","properties":{"melanoma_of_the_skin_2010_to_2014_sr":105.0,"lung_cancer_2010_to_2014_asr_per_100000":48.70256,"colorectal_cancer_2010_to_2014_number":93.99085,"lga_name":"Mount Alexander (S)","lga_code":25430,"melanoma_of_the_skin_2010_to_2014_asr_per_100000":56.74024,"lung_cancer_2010_to_2014_number":64.18056,"colorectal_cancer_2010_to_2014_sr":111.0,"melanoma_of_the_skin_2010_to_2014_number":68.55022,"lymphoma_2010_to_2014_sr":86.0,"lymphoma_2010_to_2014_number":24.96245,"lung_cancer_2010_to_2014_sr":100.0,"colorectal_cancer_2010_to_2014_asr_per_100000":73.00763,"lymphoma_2010_to_2014_asr_per_100000":20.605},"id":"phidu_cancer_incidence_persons_lga_2010_14.184"},{"type":"Feature","properties":{"melanoma_of_the_skin_2010_to_2014_sr":115.0,"lung_cancer_2010_to_2014_asr_per_100000":43.53317,"colorectal_cancer_2010_to_2014_number":64.90832,"lga_name":"Moyne (S)","lga_code":25490,"melanoma_of_the_skin_2010_to_2014_asr_per_100000":62.36677,"lung_cancer_2010_to_2014_number":41.1567,"colorectal_cancer_2010_to_2014_sr":106.0,"melanoma_of_the_skin_2010_to_2014_number":56.95791,"lymphoma_2010_to_2014_sr":112.0,"lymphoma_2010_to_2014_number":24.40585,"lung_cancer_2010_to_2014_sr":90.0,"colorectal_cancer_2010_to_2014_asr_per_100000":69.53601,"lymphoma_2010_to_2014_asr_per_100000":26.80031},"id":"phidu_cancer_incidence_persons_lga_2010_14.185"},{"type":"Feature","properties":{"melanoma_of_the_skin_2010_to_2014_sr":117.0,"lung_cancer_2010_to_2014_asr_per_100000":65.87234,"colorectal_cancer_2010_to_2014_number":52.10762,"lga_name":"Murrindindi (S)","lga_code":25620,"melanoma_of_the_skin_2010_to_2014_asr_per_100000":63.07898,"lung_cancer_2010_to_2014_number":57.99769,"colorectal_cancer_2010_to_2014_sr":92.0,"melanoma_of_the_skin_2010_to_2014_number":52.82028,"lymphoma_2010_to_2014_sr":101.0,"lymphoma_2010_to_2014_number":20.0,"lung_cancer_2010_to_2014_sr":136.0,"colorectal_cancer_2010_to_2014_asr_per_100000":60.69222,"lymphoma_2010_to_2014_asr_per_100000":24.06876},"id":"phidu_cancer_incidence_persons_lga_2010_14.186"},{"type":"Feature","properties":{"melanoma_of_the_skin_2010_to_2014_sr":83.0,"lung_cancer_2010_to_2014_asr_per_100000":30.94286,"colorectal_cancer_2010_to_2014_number":161.0,"lga_name":"Nillumbik (S)","lga_code":25710,"melanoma_of_the_skin_2010_to_2014_asr_per_100000":44.83409,"lung_cancer_2010_to_2014_number":80.0,"colorectal_cancer_2010_to_2014_sr":93.0,"melanoma_of_the_skin_2010_to_2014_number":129.0,"lymphoma_2010_to_2014_sr":112.0,"lymphoma_2010_to_2014_number":75.0,"lung_cancer_2010_to_2014_sr":64.0,"colorectal_cancer_2010_to_2014_asr_per_100000":61.33164,"lymphoma_2010_to_2014_asr_per_100000":26.76297},"id":"phidu_cancer_incidence_persons_lga_2010_14.187"},{"type":"Feature","properties":{"melanoma_of_the_skin_2010_to_2014_sr":104.0,"lung_cancer_2010_to_2014_asr_per_100000":45.33925,"colorectal_cancer_2010_to_2014_number":81.04445,"lga_name":"Northern Grampians (S)","lga_code":25810,"melanoma_of_the_skin_2010_to_2014_asr_per_100000":56.54218,"lung_cancer_2010_to_2014_number":38.82036,"colorectal_cancer_2010_to_2014_sr":147.0,"melanoma_of_the_skin_2010_to_2014_number":44.0,"lymphoma_2010_to_2014_sr":144.0,"lymphoma_2010_to_2014_number":27.0,"lung_cancer_2010_to_2014_sr":93.0,"colorectal_cancer_2010_to_2014_asr_per_100000":96.81328,"lymphoma_2010_to_2014_asr_per_100000":34.36943},"id":"phidu_cancer_incidence_persons_lga_2010_14.188"},{"type":"Feature","properties":{"melanoma_of_the_skin_2010_to_2014_sr":80.0,"lung_cancer_2010_to_2014_asr_per_100000":51.20934,"colorectal_cancer_2010_to_2014_number":250.0,"lga_name":"Port Phillip (C)","lga_code":25900,"melanoma_of_the_skin_2010_to_2014_asr_per_100000":43.46252,"lung_cancer_2010_to_2014_number":196.0,"colorectal_cancer_2010_to_2014_sr":96.0,"melanoma_of_the_skin_2010_to_2014_number":192.0,"lymphoma_2010_to_2014_sr":106.0,"lymphoma_2010_to_2014_number":108.0,"lung_cancer_2010_to_2014_sr":105.0,"colorectal_cancer_2010_to_2014_asr_per_100000":63.01171,"lymphoma_2010_to_2014_asr_per_100000":25.2747},"id":"phidu_cancer_incidence_persons_lga_2010_14.189"},{"type":"Feature","properties":{"melanoma_of_the_skin_2010_to_2014_sr":68.0,"lung_cancer_2010_to_2014_asr_per_100000":42.79316,"colorectal_cancer_2010_to_2014_number":33.4,"lga_name":"Pyrenees (S)","lga_code":25990,"melanoma_of_the_skin_2010_to_2014_asr_per_100000":36.58194,"lung_cancer_2010_to_2014_number":21.86239,"colorectal_cancer_2010_to_2014_sr":103.0,"melanoma_of_the_skin_2010_to_2014_number":17.08781,"lymphoma_2010_to_2014_sr":99.0,"lymphoma_2010_to_2014_number":10.99886,"lung_cancer_2010_to_2014_sr":88.0,"colorectal_cancer_2010_to_2014_asr_per_100000":67.7305,"lymphoma_2010_to_2014_asr_per_100000":23.52275},"id":"phidu_cancer_incidence_persons_lga_2010_14.190"},{"type":"Feature","properties":{"melanoma_of_the_skin_2010_to_2014_sr":165.0,"lung_cancer_2010_to_2014_asr_per_100000":30.37834,"colorectal_cancer_2010_to_2014_number":19.73585,"lga_name":"Queenscliffe (B)","lga_code":26080,"melanoma_of_the_skin_2010_to_2014_asr_per_100000":89.12295,"lung_cancer_2010_to_2014_number":9.867924,"colorectal_cancer_2010_to_2014_sr":96.0,"melanoma_of_the_skin_2010_to_2014_number":23.60377,"lymphoma_2010_to_2014_sr":null,"lymphoma_2010_to_2014_number":8.0,"lung_cancer_2010_to_2014_sr":63.0,"colorectal_cancer_2010_to_2014_asr_per_100000":63.40273,"lymphoma_2010_to_2014_asr_per_100000":null},"id":"phidu_cancer_incidence_persons_lga_2010_14.191"},{"type":"Feature","properties":{"melanoma_of_the_skin_2010_to_2014_sr":100.0,"lung_cancer_2010_to_2014_asr_per_100000":46.82681,"colorectal_cancer_2010_to_2014_number":110.9614,"lga_name":"South Gippsland (S)","lga_code":26170,"melanoma_of_the_skin_2010_to_2014_asr_per_100000":54.37582,"lung_cancer_2010_to_2014_number":90.15471,"colorectal_cancer_2010_to_2014_sr":90.0,"melanoma_of_the_skin_2010_to_2014_number":95.95873,"lymphoma_2010_to_2014_sr":129.0,"lymphoma_2010_to_2014_number":54.64447,"lung_cancer_2010_to_2014_sr":96.0,"colorectal_cancer_2010_to_2014_asr_per_100000":59.12368,"lymphoma_2010_to_2014_asr_per_100000":30.75315},"id":"phidu_cancer_incidence_persons_lga_2010_14.192"},{"type":"Feature","properties":{"melanoma_of_the_skin_2010_to_2014_sr":85.0,"lung_cancer_2010_to_2014_asr_per_100000":51.5149,"colorectal_cancer_2010_to_2014_number":87.09877,"lga_name":"Southern Grampians (S)","lga_code":26260,"melanoma_of_the_skin_2010_to_2014_asr_per_100000":45.95735,"lung_cancer_2010_to_2014_number":58.86784,"colorectal_cancer_2010_to_2014_sr":118.0,"melanoma_of_the_skin_2010_to_2014_number":47.62575,"lymphoma_2010_to_2014_sr":123.0,"lymphoma_2010_to_2014_number":30.88408,"lung_cancer_2010_to_2014_sr":106.0,"colorectal_cancer_2010_to_2014_asr_per_100000":77.56496,"lymphoma_2010_to_2014_asr_per_100000":29.40102},"id":"phidu_cancer_incidence_persons_lga_2010_14.193"},{"type":"Feature","properties":{"melanoma_of_the_skin_2010_to_2014_sr":91.0,"lung_cancer_2010_to_2014_asr_per_100000":36.35024,"colorectal_cancer_2010_to_2014_number":261.0,"lga_name":"Stonnington (C)","lga_code":26350,"melanoma_of_the_skin_2010_to_2014_asr_per_100000":49.2075,"lung_cancer_2010_to_2014_number":184.0,"colorectal_cancer_2010_to_2014_sr":78.0,"melanoma_of_the_skin_2010_to_2014_number":250.0,"lymphoma_2010_to_2014_sr":100.0,"lymphoma_2010_to_2014_number":122.0,"lung_cancer_2010_to_2014_sr":75.0,"colorectal_cancer_2010_to_2014_asr_per_100000":51.188,"lymphoma_2010_to_2014_asr_per_100000":23.92463},"id":"phidu_cancer_incidence_persons_lga_2010_14.194"},{"type":"Feature","properties":{"melanoma_of_the_skin_2010_to_2014_sr":100.0,"lung_cancer_2010_to_2014_asr_per_100000":60.36268,"colorectal_cancer_2010_to_2014_number":61.78359,"lga_name":"Strathbogie (S)","lga_code":26430,"melanoma_of_the_skin_2010_to_2014_asr_per_100000":54.25178,"lung_cancer_2010_to_2014_number":49.80636,"colorectal_cancer_2010_to_2014_sr":118.0,"melanoma_of_the_skin_2010_to_2014_number":39.03702,"lymphoma_2010_to_2014_sr":80.0,"lymphoma_2010_to_2014_number":13.86593,"lung_cancer_2010_to_2014_sr":124.0,"colorectal_cancer_2010_to_2014_asr_per_100000":77.56249,"lymphoma_2010_to_2014_asr_per_100000":18.98791},"id":"phidu_cancer_incidence_persons_lga_2010_14.195"},{"type":"Feature","properties":{"melanoma_of_the_skin_2010_to_2014_sr":98.0,"lung_cancer_2010_to_2014_asr_per_100000":37.2153,"colorectal_cancer_2010_to_2014_number":91.08236,"lga_name":"Surf Coast (S)","lga_code":26490,"melanoma_of_the_skin_2010_to_2014_asr_per_100000":53.24293,"lung_cancer_2010_to_2014_number":54.0,"colorectal_cancer_2010_to_2014_sr":96.0,"melanoma_of_the_skin_2010_to_2014_number":77.24709,"lymphoma_2010_to_2014_sr":111.0,"lymphoma_2010_to_2014_number":38.16472,"lung_cancer_2010_to_2014_sr":77.0,"colorectal_cancer_2010_to_2014_asr_per_100000":63.1149,"lymphoma_2010_to_2014_asr_per_100000":26.59886},"id":"phidu_cancer_incidence_persons_lga_2010_14.196"},{"type":"Feature","properties":{"melanoma_of_the_skin_2010_to_2014_sr":77.0,"lung_cancer_2010_to_2014_asr_per_100000":59.31344,"colorectal_cancer_2010_to_2014_number":103.9885,"lga_name":"Swan Hill (RC)","lga_code":26610,"melanoma_of_the_skin_2010_to_2014_asr_per_100000":41.92972,"lung_cancer_2010_to_2014_number":71.98345,"colorectal_cancer_2010_to_2014_sr":132.0,"melanoma_of_the_skin_2010_to_2014_number":47.97898,"lymphoma_2010_to_2014_sr":98.0,"lymphoma_2010_to_2014_number":26.97898,"lung_cancer_2010_to_2014_sr":122.0,"colorectal_cancer_2010_to_2014_asr_per_100000":86.65584,"lymphoma_2010_to_2014_asr_per_100000":23.2936},"id":"phidu_cancer_incidence_persons_lga_2010_14.197"},{"type":"Feature","properties":{"melanoma_of_the_skin_2010_to_2014_sr":68.0,"lung_cancer_2010_to_2014_asr_per_100000":40.41329,"colorectal_cancer_2010_to_2014_number":33.18544,"lga_name":"Towong (S)","lga_code":26670,"melanoma_of_the_skin_2010_to_2014_asr_per_100000":37.02418,"lung_cancer_2010_to_2014_number":18.12363,"colorectal_cancer_2010_to_2014_sr":115.0,"melanoma_of_the_skin_2010_to_2014_number":15.0,"lymphoma_2010_to_2014_sr":null,"lymphoma_2010_to_2014_number":8.0,"lung_cancer_2010_to_2014_sr":83.0,"colorectal_cancer_2010_to_2014_asr_per_100000":75.99529,"lymphoma_2010_to_2014_asr_per_100000":null},"id":"phidu_cancer_incidence_persons_lga_2010_14.198"},{"type":"Feature","properties":{"melanoma_of_the_skin_2010_to_2014_sr":108.0,"lung_cancer_2010_to_2014_asr_per_100000":39.1978,"colorectal_cancer_2010_to_2014_number":124.0,"lga_name":"Wangaratta (RC)","lga_code":26700,"melanoma_of_the_skin_2010_to_2014_asr_per_100000":58.72405,"lung_cancer_2010_to_2014_number":72.0,"colorectal_cancer_2010_to_2014_sr":104.0,"melanoma_of_the_skin_2010_to_2014_number":99.0,"lymphoma_2010_to_2014_sr":79.0,"lymphoma_2010_to_2014_number":32.0,"lung_cancer_2010_to_2014_sr":81.0,"colorectal_cancer_2010_to_2014_asr_per_100000":68.69149,"lymphoma_2010_to_2014_asr_per_100000":18.79547},"id":"phidu_cancer_incidence_persons_lga_2010_14.199"},{"type":"Feature","properties":{"melanoma_of_the_skin_2010_to_2014_sr":97.0,"lung_cancer_2010_to_2014_asr_per_100000":48.7876,"colorectal_cancer_2010_to_2014_number":143.8331,"lga_name":"Warrnambool (C)","lga_code":26730,"melanoma_of_the_skin_2010_to_2014_asr_per_100000":52.26406,"lung_cancer_2010_to_2014_number":91.10549,"colorectal_cancer_2010_to_2014_sr":118.0,"melanoma_of_the_skin_2010_to_2014_number":92.75018,"lymphoma_2010_to_2014_sr":97.0,"lymphoma_2010_to_2014_number":41.68615,"lung_cancer_2010_to_2014_sr":100.0,"colorectal_cancer_2010_to_2014_asr_per_100000":77.50165,"lymphoma_2010_to_2014_asr_per_100000":23.19699},"id":"phidu_cancer_incidence_persons_lga_2010_14.200"},{"type":"Feature","properties":{"melanoma_of_the_skin_2010_to_2014_sr":74.0,"lung_cancer_2010_to_2014_asr_per_100000":56.46261,"colorectal_cancer_2010_to_2014_number":176.7206,"lga_name":"Wellington (S)","lga_code":26810,"melanoma_of_the_skin_2010_to_2014_asr_per_100000":40.12743,"lung_cancer_2010_to_2014_number":145.1024,"colorectal_cancer_2010_to_2014_sr":106.0,"melanoma_of_the_skin_2010_to_2014_number":97.74108,"lymphoma_2010_to_2014_sr":75.0,"lymphoma_2010_to_2014_number":43.99999,"lung_cancer_2010_to_2014_sr":116.0,"colorectal_cancer_2010_to_2014_asr_per_100000":69.92306,"lymphoma_2010_to_2014_asr_per_100000":17.98064},"id":"phidu_cancer_incidence_persons_lga_2010_14.201"},{"type":"Feature","properties":{"melanoma_of_the_skin_2010_to_2014_sr":80.0,"lung_cancer_2010_to_2014_asr_per_100000":64.22934,"colorectal_cancer_2010_to_2014_number":29.0162,"lga_name":"West Wimmera (S)","lga_code":26890,"melanoma_of_the_skin_2010_to_2014_asr_per_100000":43.12291,"lung_cancer_2010_to_2014_number":20.0,"colorectal_cancer_2010_to_2014_sr":145.0,"melanoma_of_the_skin_2010_to_2014_number":12.03239,"lymphoma_2010_to_2014_sr":null,"lymphoma_2010_to_2014_number":6.0,"lung_cancer_2010_to_2014_sr":132.0,"colorectal_cancer_2010_to_2014_asr_per_100000":95.57699,"lymphoma_2010_to_2014_asr_per_100000":null},"id":"phidu_cancer_incidence_persons_lga_2010_14.202"},{"type":"Feature","properties":{"melanoma_of_the_skin_2010_to_2014_sr":72.0,"lung_cancer_2010_to_2014_asr_per_100000":37.80251,"colorectal_cancer_2010_to_2014_number":637.0,"lga_name":"Whitehorse (C)","lga_code":26980,"melanoma_of_the_skin_2010_to_2014_asr_per_100000":39.01331,"lung_cancer_2010_to_2014_number":352.0,"colorectal_cancer_2010_to_2014_sr":104.0,"melanoma_of_the_skin_2010_to_2014_number":343.0,"lymphoma_2010_to_2014_sr":109.0,"lymphoma_2010_to_2014_number":232.0,"lung_cancer_2010_to_2014_sr":78.0,"colorectal_cancer_2010_to_2014_asr_per_100000":68.69393,"lymphoma_2010_to_2014_asr_per_100000":26.04072},"id":"phidu_cancer_incidence_persons_lga_2010_14.203"},{"type":"Feature","properties":{"melanoma_of_the_skin_2010_to_2014_sr":44.0,"lung_cancer_2010_to_2014_asr_per_100000":48.8193,"colorectal_cancer_2010_to_2014_number":495.0,"lga_name":"Whittlesea (C)","lga_code":27070,"melanoma_of_the_skin_2010_to_2014_asr_per_100000":23.54754,"lung_cancer_2010_to_2014_number":329.0,"colorectal_cancer_2010_to_2014_sr":110.0,"melanoma_of_the_skin_2010_to_2014_number":171.0,"lymphoma_2010_to_2014_sr":95.0,"lymphoma_2010_to_2014_number":163.0,"lung_cancer_2010_to_2014_sr":100.0,"colorectal_cancer_2010_to_2014_asr_per_100000":72.50299,"lymphoma_2010_to_2014_asr_per_100000":22.60637},"id":"phidu_cancer_incidence_persons_lga_2010_14.204"},{"type":"Feature","properties":{"melanoma_of_the_skin_2010_to_2014_sr":97.0,"lung_cancer_2010_to_2014_asr_per_100000":60.68107,"colorectal_cancer_2010_to_2014_number":127.0,"lga_name":"Wodonga (C)","lga_code":27170,"melanoma_of_the_skin_2010_to_2014_asr_per_100000":52.41163,"lung_cancer_2010_to_2014_number":101.0,"colorectal_cancer_2010_to_2014_sr":115.0,"melanoma_of_the_skin_2010_to_2014_number":89.0,"lymphoma_2010_to_2014_sr":81.0,"lymphoma_2010_to_2014_number":33.0,"lung_cancer_2010_to_2014_sr":125.0,"colorectal_cancer_2010_to_2014_asr_per_100000":75.98472,"lymphoma_2010_to_2014_asr_per_100000":19.37744},"id":"phidu_cancer_incidence_persons_lga_2010_14.205"},{"type":"Feature","properties":{"melanoma_of_the_skin_2010_to_2014_sr":47.0,"lung_cancer_2010_to_2014_asr_per_100000":58.79529,"colorectal_cancer_2010_to_2014_number":315.7661,"lga_name":"Wyndham (C)","lga_code":27260,"melanoma_of_the_skin_2010_to_2014_asr_per_100000":25.25126,"lung_cancer_2010_to_2014_number":294.4469,"colorectal_cancer_2010_to_2014_sr":91.0,"melanoma_of_the_skin_2010_to_2014_number":157.0,"lymphoma_2010_to_2014_sr":104.0,"lymphoma_2010_to_2014_number":151.0426,"lung_cancer_2010_to_2014_sr":121.0,"colorectal_cancer_2010_to_2014_asr_per_100000":59.79126,"lymphoma_2010_to_2014_asr_per_100000":24.93895},"id":"phidu_cancer_incidence_persons_lga_2010_14.206"},{"type":"Feature","properties":{"melanoma_of_the_skin_2010_to_2014_sr":60.0,"lung_cancer_2010_to_2014_asr_per_100000":54.71692,"colorectal_cancer_2010_to_2014_number":181.0,"lga_name":"Yarra (C)","lga_code":27350,"melanoma_of_the_skin_2010_to_2014_asr_per_100000":32.71203,"lung_cancer_2010_to_2014_number":163.0,"colorectal_cancer_2010_to_2014_sr":89.0,"melanoma_of_the_skin_2010_to_2014_number":112.0,"lymphoma_2010_to_2014_sr":119.0,"lymphoma_2010_to_2014_number":95.0,"lung_cancer_2010_to_2014_sr":113.0,"colorectal_cancer_2010_to_2014_asr_per_100000":58.58599,"lymphoma_2010_to_2014_asr_per_100000":28.30874},"id":"phidu_cancer_incidence_persons_lga_2010_14.207"},{"type":"Feature","properties":{"melanoma_of_the_skin_2010_to_2014_sr":81.0,"lung_cancer_2010_to_2014_asr_per_100000":45.97018,"colorectal_cancer_2010_to_2014_number":449.0999,"lga_name":"Yarra Ranges (S)","lga_code":27450,"melanoma_of_the_skin_2010_to_2014_asr_per_100000":43.80693,"lung_cancer_2010_to_2014_number":329.1925,"colorectal_cancer_2010_to_2014_sr":95.0,"melanoma_of_the_skin_2010_to_2014_number":324.077,"lymphoma_2010_to_2014_sr":97.0,"lymphoma_2010_to_2014_number":168.7535,"lung_cancer_2010_to_2014_sr":95.0,"colorectal_cancer_2010_to_2014_asr_per_100000":62.72433,"lymphoma_2010_to_2014_asr_per_100000":23.06811},"id":"phidu_cancer_incidence_persons_lga_2010_14.208"},{"type":"Feature","properties":{"melanoma_of_the_skin_2010_to_2014_sr":101.0,"lung_cancer_2010_to_2014_asr_per_100000":41.20557,"colorectal_cancer_2010_to_2014_number":40.10649,"lga_name":"Yarriambiack (S)","lga_code":27630,"melanoma_of_the_skin_2010_to_2014_asr_per_100000":54.65495,"lung_cancer_2010_to_2014_number":24.48152,"colorectal_cancer_2010_to_2014_sr":105.0,"melanoma_of_the_skin_2010_to_2014_number":28.05848,"lymphoma_2010_to_2014_sr":96.0,"lymphoma_2010_to_2014_number":12.0,"lung_cancer_2010_to_2014_sr":85.0,"colorectal_cancer_2010_to_2014_asr_per_100000":69.17912,"lymphoma_2010_to_2014_asr_per_100000":22.88997},"id":"phidu_cancer_incidence_persons_lga_2010_14.209"},{"type":"Feature","properties":{"melanoma_of_the_skin_2010_to_2014_sr":0.0,"lung_cancer_2010_to_2014_asr_per_100000":0.0,"colorectal_cancer_2010_to_2014_number":null,"lga_name":"Unincorporated Vic","lga_code":29399,"melanoma_of_the_skin_2010_to_2014_asr_per_100000":0.0,"lung_cancer_2010_to_2014_number":0.0,"colorectal_cancer_2010_to_2014_sr":null,"melanoma_of_the_skin_2010_to_2014_number":0.0,"lymphoma_2010_to_2014_sr":0.0,"lymphoma_2010_to_2014_number":0.0,"lung_cancer_2010_to_2014_sr":0.0,"colorectal_cancer_2010_to_2014_asr_per_100000":null,"lymphoma_2010_to_2014_asr_per_100000":0.0},"id":"phidu_cancer_incidence_persons_lga_2010_14.210"}]}