{"organisation":"TUA_PHIDU","name":"lga11_prematuremortality","title":"LGA11 Premature Mortality 2008-2012","legal":{"attribution":"{datasource.organisationTitle}, ({dataset.attributionYear}): {dataset.title}; accessed from SUDO on {dateOfAccess}.","attributionYear":"2014","clickthrough":false,"copyrightNotice":"&copy; {datasource.organisationTitle} {dataset.copyrightYear}","copyrightYear":"2014","licenceType":"Creative Commons Attribution-NonCommercial-ShareAlike 3.0 Australia (CC BY-NC-SA 3.0 AU)"},"referenceSystemIdentifier":"urn:x-ogc:def:crs:EPSG:4283","geoLevel":"lga2011","key":"area_code","keyRegex":null,"availability":"true","geomField":"wkb_geometry","keyword":"deaths, mortality, premature mortality, breast cancer, cancer, cerebrovascular, circulatory system, colorectal cancer, copd, chronic obstructive pulmonary disease, diabetes, external causes, ischaemic heart disease, lung cancer, respiratory system disease, road traffic injuries, gender, suicide, health, population, demographic","theme":null,"temporalExtent":{"beginDate":"2008-01-01T00:00:00","endDate":"2012-12-31T00:00:00","selectTime":false},"type":"dataset","_id":"dataset-TUA_PHIDU-lga11_prematuremortality-lga2011","bbox":[112.921113952,-43.740509602057614,159.109219008,-9.142175976703609],"abstract":"Premature mortality by selected causes and sex by LGA 2011, from 2008 to 2012.","selectedAttributes":[{"name":"area_code","type":"Integer","title":"Local Government Area Code","description":"Local Government Area code (2011)","stype":"nominal","isDimension":false},{"name":"area_name","type":"String","title":"Local Government Area Name","description":"Local Government Area name (2011)","stype":"nominal","isDimension":false},{"name":"dth_bst_0_74_1_no_1_08_12_12","type":"Double","title":"Deaths from Breast Cancer - 0 to 74 Years - Count","description":"Deaths from breast cancer, 0 to 74 years - Count. Source: Data produced by PHIDU from deaths data supplied by ABS on behalf of State and Territory Registrars of deaths for 2008 to 2012 and ABS Estimated Resident Population, 30 June 2008 to 2012","stype":"ratio","isDimension":false},{"name":"dth_bst_0_74_2_rate_1_08_12_12","type":"Double","title":"Deaths from Breast Cancer - 0 to 74 Years - Rate per 100000","description":"Deaths from breast cancer, 0 to 74 years - average annual rate per 100000. Source: Data produced by PHIDU from deaths data supplied by ABS on behalf of State and Territory Registrars of deaths for 2008 to 2012 and ABS Estimated Resident Population, 30 June 2008 to 2012","stype":"ratio","isDimension":false},{"name":"dth_cop_0_74_1_no_1_08_12_12","type":"Double","title":"Deaths from Chronic Obstructive Pulmonary Disease - 0 to 74 Years - Count","description":"Deaths from chronic obstructive pulmonary disease, 0 to 74 years - Count. Source: Data produced by PHIDU from deaths data supplied by ABS on behalf of State and Territory Registrars of deaths for 2008 to 2012 and ABS Estimated Resident Population, 30 June 2008 to 2012","stype":"ratio","isDimension":false},{"name":"dth_cop_0_74_2_rate_1_08_12_12","type":"Double","title":"Deaths from Chronic Obstructive Pulmonary Disease - 0 to 74 Years - Rate per 100000","description":"Deaths from chronic obstructive pulmonary disease, 0 to 74 years - Average annual rate per 100000. Source: Data produced by PHIDU from deaths data supplied by ABS on behalf of State and Territory Registrars of deaths for 2008 to 2012 and ABS Estimated Resident Population, 30 June 2008 to 2012","stype":"ratio","isDimension":false},{"name":"dth_dia_0_74_1_no_1_08_12_12","type":"Double","title":"Deaths from Diabetes - 0 to 74 Years - Count","description":"Deaths from diabetes, 0 to 74 years - Count. Source: Data produced by PHIDU from deaths data supplied by ABS on behalf of State and Territory Registrars of deaths for 2008 to 2012 and ABS Estimated Resident Population, 30 June 2008 to 2012","stype":"ratio","isDimension":false},{"name":"dth_dia_0_74_2_rate_1_08_12_12","type":"Double","title":"Deaths from Diabetes - 0 to 74 Years - Rate per 100000","description":"Deaths from diabetes, 0 to 74 years - average annual rate per 100000. Source: Data produced by PHIDU from deaths data supplied by ABS on behalf of State and Territory Registrars of deaths for 2008 to 2012 and ABS Estimated Resident Population, 30 June 2008 to 2012","stype":"ratio","isDimension":false},{"name":"dths_canc_0_74_1_no_1_08_12_12","type":"Double","title":"Deaths from Cancer - 0 to 74 Years - Count","description":"Deaths from cancer, 0 to 74 years - Count. Source: Data produced by PHIDU from deaths data supplied by ABS on behalf of State and Territory Registrars of deaths for 2008 to 2012 and ABS Estimated Resident Population, 30 June 2008 to 2012","stype":"ratio","isDimension":false},{"name":"dths_canc_0_74_2_rate_1_08_12_12","type":"Double","title":"Deaths from Cancer - 0 to 74 Years - Rate per 100000","description":"Deaths from cancer, 0 to 74 years - average annual rate per 100000. Source: Data produced by PHIDU from deaths data supplied by ABS on behalf of State and Territory Registrars of deaths for 2008 to 2012 and ABS Estimated Resident Population, 30 June 2008 to 2012","stype":"ratio","isDimension":false},{"name":"dths_cerb_0_74_1_no_1_08_12_12","type":"Double","title":"Deaths from Cerebrovascular Diseases - 0 to 74 Years - Count","description":"Deaths from cerebrovascular diseases, 0 to 74 years - Count. Source: Data produced by PHIDU from deaths data supplied by ABS on behalf of State and Territory Registrars of deaths for 2008 to 2012 and ABS Estimated Resident Population, 30 June 2008 to 2012","stype":"ratio","isDimension":false},{"name":"dths_cerb_0_74_2_rate_1_08_12_12","type":"Double","title":"Deaths from Cerebrovascular Diseases - 0 to 74 Years - Rate per 100000","description":"Deaths from cerebrovascular diseases, 0 to 74 years - average annual rate per 100000. Source: Data produced by PHIDU from deaths data supplied by ABS on behalf of State and Territory Registrars of deaths for 2008 to 2012 and ABS Estimated Resident Population, 30 June 2008 to 2012","stype":"ratio","isDimension":false},{"name":"dths_cir_0_74_1_no_1_08_12_12","type":"Double","title":"Deaths from Circulatory System Diseases - 0 to 74 Years - Count","description":"Deaths from circulatory system diseases, 0 to 74 years - Count. Source: Data produced by PHIDU from deaths data supplied by ABS on behalf of State and Territory Registrars of deaths for 2008 to 2012 and ABS Estimated Resident Population, 30 June 2008 to 2012","stype":"ratio","isDimension":false},{"name":"dths_cir_0_74_2_rate_1_08_12_12","type":"Double","title":"Deaths from Circulatory System Diseases - 0 to 74 Years - Rate per 100000","description":"Deaths from circulatory system diseases, 0 to 74 years - average annual rate per 100000. Source: Data produced by PHIDU from deaths data supplied by ABS on behalf of State and Territory Registrars of deaths for 2008 to 2012 and ABS Estimated Resident Population, 30 June 2008 to 2012","stype":"ratio","isDimension":false},{"name":"dths_colo_0_74_1_no_1_08_12_12","type":"Double","title":"Deaths from Colorectal Cancer - 0 to 74 Years - Count","description":"Deaths from colorectal cancer, 0 to 74 years - Count. Source: Data produced by PHIDU from deaths data supplied by ABS on behalf of State and Territory Registrars of deaths for 2008 to 2012 and ABS Estimated Resident Population, 30 June 2008 to 2012","stype":"ratio","isDimension":false},{"name":"dths_colo_0_74_2_rate_1_08_12_12","type":"Double","title":"Deaths from Colorectal Cancer - 0 to 74 Years - Rate per 100000","description":"Deaths from colorectal cancer, 0 to 74 years - average annual rate per 100000. Source: Data produced by PHIDU from deaths data supplied by ABS on behalf of State and Territory Registrars of deaths for 2008 to 2012 and ABS Estimated Resident Population, 30 June 2008 to 2012","stype":"ratio","isDimension":false},{"name":"dths_isch_0_74_1_no_1_08_12_12","type":"Double","title":"Deaths from Ischaemic Heart Disease - 0 to 74 Years - Count","description":"Deaths from ischaemic heart disease, 0 to 74 years - Count. Source: Data produced by PHIDU from deaths data supplied by ABS on behalf of State and Territory Registrars of deaths for 2008 to 2012 and ABS Estimated Resident Population, 30 June 2008 to 2012","stype":"ratio","isDimension":false},{"name":"dths_isch_0_74_2_rate_1_08_12_12","type":"Double","title":"Deaths from Ischaemic Heart Disease - 0 to 74 Years - Rate per 100000","description":"Deaths from ischaemic heart disease, 0 to 74 years - average annual rate per 100000. Source: Data produced by PHIDU from deaths data supplied by ABS on behalf of State and Territory Registrars of deaths for 2008 to 2012 and ABS Estimated Resident Population, 30 June 2008 to 2012","stype":"ratio","isDimension":false},{"name":"dths_lung_0_74_1_no_1_08_12_12","type":"Double","title":"Deaths from Lung Cancer - 0 to 74 Years - Count","description":"Deaths from lung cancer, 0 to 74 years - Count. Source: Data produced by PHIDU from deaths data supplied by ABS on behalf of State and Territory Registrars of deaths for 2008 to 2012 and ABS Estimated Resident Population, 30 June 2008 to 2012","stype":"ratio","isDimension":false},{"name":"dths_lung_0_74_2_rate_1_08_12_12","type":"Double","title":"Deaths from Lung Cancer - 0 to 74 Years - Rate per 100000","description":"Deaths from lung cancer, 0 to 74 years - average annual rate per 100000. Source: Data produced by PHIDU from deaths data supplied by ABS on behalf of State and Territory Registrars of deaths for 2008 to 2012 and ABS Estimated Resident Population, 30 June 2008 to 2012","stype":"ratio","isDimension":false},{"name":"dths_resp_0_74_1_no_1_08_12_12","type":"Double","title":"Deaths from Respiratory System Diseases - 0 to 74 Years - Count","description":"Deaths from respiratory system diseases, 0 to 74 years - Count. Source: Data produced by PHIDU from deaths data supplied by ABS on behalf of State and Territory Registrars of deaths for 2008 to 2012 and ABS Estimated Resident Population, 30 June 2008 to 2012","stype":"ratio","isDimension":false},{"name":"dths_resp_0_74_2_rate_1_08_12_12","type":"Double","title":"Deaths from Respiratory System Diseases - 0 to 74 Years - Rate per 100000","description":"Deaths from respiratory system diseases, 0 to 74 years - average annual rate per 100000. Source: Data produced by PHIDU from deaths data supplied by ABS on behalf of State and Territory Registrars of deaths for 2008 to 2012 and ABS Estimated Resident Population, 30 June 2008 to 2012","stype":"ratio","isDimension":false}],"filter":{"filterType":"tabular","feature":{"key":"area_code","geoLevel":"lga2011","geoField":"ignored","year":"2006","featureBbox":[140.961681984,-39.159189527500004,149.976679008,-33.9806475865],"featureType":"ste","featureInstance":"2","featureName":"Victoria","referenceSystemIdentifier":"urn:x-ogc:def:crs:EPSG:4283","prefix":"","keyTransform":null},"states":["2"]}}