lung_canc_2006_2010_num, lymphoma_2006_2010_num, colortl_canc_2006_2010_sr, colortl_canc_2006_2010_asr_100000, lung_canc_2006_2010_asr_100000, colortl_canc_2006_2010_num, lymphoma_2006_2010_asr_100000, lga_code, lung_canc_2006_2010_sr, melanoma_skin_2006_2010_asr_100000, melanoma_skin_2006_2010_num, melanoma_skin_2006_2010_sr, lymphoma_2006_2010_sr
49,20,83,56.3,57.6,47,25.1,"20110",121,45.9,35,89,111
36,16,141,95.0,46.6,72,21.9,"20260",98,42.3,30,82,97
219,113,97,65.8,45.4,315,24.0,"20570",95,55.0,254,107,106
274,193,94,63.6,40.8,426,29.5,"20660",85,43.1,280,84,131
122,41,110,74.2,54.7,161,20.9,"20740",115,54.4,104,106,93
90,48,90,60.7,39.9,136,22.0,"20830",84,48.6,105,95,97
227,155,99,66.6,39.0,388,28.1,"20910",82,67.6,369,131,124
66,20,102,68.9,66.9,67,22.3,"21010",140,66.1,58,129,99
287,225,96,64.5,33.0,565,26.1,"21110",69,51.5,439,100,116
371,163,95,64.5,48.6,496,20.2,"21180",102,16.9,138,33,89
31,null,129,87.0,57.4,46,null,"21270",120,58.4,27,114,null
107,42,118,79.6,46.0,182,19.3,"21370",96,62.6,133,122,85
131,70,96,64.8,51.3,167,25.5,"21450",108,48.6,135,94,113
386,227,96,65.2,48.1,536,24.9,"21610",101,34.9,326,68,110
71,19,91,61.2,70.0,60,21.2,"21670",147,42.0,36,82,94
61,31,120,80.9,46.4,105,25.2,"21750",97,40.5,49,79,112
40,37,134,90.4,37.5,95,37.2,"21830",79,54.6,53,106,165
379,173,100,67.7,51.9,491,24.3,"21890",109,24.2,171,47,107
177,60,117,79.0,56.7,240,21.4,"22110",119,52.5,144,102,95
340,135,95,63.9,55.5,392,21.9,"22170",116,49.3,304,96,97
44,24,139,93.6,52.3,77,32.0,"22250",110,50.7,37,99,142
138,67,116,78.6,44.8,242,22.2,"22830",94,50.0,151,97,98
35,null,81,54.9,37.5,50,null,"22910",79,56.1,49,109,null
26,null,130,87.5,54.0,41,null,"22980",113,45.3,19,88,null
235,101,112,75.5,54.9,322,23.7,"23110",115,34.7,149,68,105
48,25,103,69.5,41.2,80,22.8,"23190",86,43.7,47,85,101
290,152,103,69.6,52.5,393,24.3,"23270",110,27.6,176,54,108
52,null,126,85.1,58.8,75,null,"23350",123,46.4,40,90,null
364,158,97,65.2,44.8,527,20.2,"23430",94,42.0,328,82,89
278,146,90,61.1,40.6,424,20.4,"23670",85,41.1,298,80,90
239,114,116,78.2,62.5,298,30.5,"23810",131,36.2,135,70,135
30,null,114,77.2,49.2,46,null,"23940",103,48.1,25,94,null
84,53,101,68.5,43.4,134,26.6,"24130",91,54.2,110,105,118
244,162,91,61.2,34.2,431,24.0,"24210",72,42.6,284,83,106
16,null,87,58.9,34.2,28,null,"24250",72,64.0,29,124,null
154,48,87,59.0,52.8,174,15.5,"24330",111,23.7,74,46,69
245,130,95,63.9,44.9,348,24.1,"24410",94,45.2,242,88,107
120,81,80,54.1,50.6,134,26.4,"24600",106,40.7,124,79,117
135,57,105,70.7,52.6,189,18.0,"24650",110,30.0,99,58,80
142,69,113,76.1,50.3,213,25.4,"24780",105,45.1,121,88,112
67,44,120,80.9,48.9,112,30.4,"24850",103,42.4,62,82,135
117,29,98,66.3,59.8,127,16.4,"24900",125,59.5,103,116,72
377,205,89,60.1,37.6,595,21.4,"24970",79,34.5,325,67,95
275,126,103,69.3,45.6,415,21.6,"25060",96,34.4,200,67,95
63,32,104,70.4,50.5,89,24.7,"25150",106,56.6,74,110,109
389,197,95,64.4,49.0,505,25.6,"25250",103,25.8,195,50,114
449,224,90,60.5,44.3,601,24.3,"25340",93,62.9,566,122,108
246,140,107,72.6,45.9,386,27.0,"22620",96,48.7,250,95,120
341,146,92,62.1,49.8,423,21.5,"22670",104,17.9,121,35,95
595,308,107,72.6,49.3,869,26.7,"22750",103,48.2,547,94,118
56,35,120,80.8,46.0,97,30.7,"25430",97,49.2,55,96,136
30,16,128,86.7,33.4,78,18.1,"25490",70,58.2,50,113,80
43,23,128,86.3,51.1,72,28.6,"25620",107,65.7,53,128,127
75,63,96,65.1,33.0,153,24.4,"25710",69,45.8,123,89,108
37,20,100,67.4,44.7,55,26.3,"25810",94,49.4,37,96,116
228,103,88,59.3,61.5,225,25.1,"25900",129,46.4,198,90,111
24,null,113,76.1,51.0,36,null,"25990",107,53.6,23,104,null
null,null,99,67.0,null,20,null,"26080",null,59.7,15,116,null
78,37,125,84.6,44.4,147,22.4,"26170",93,54.7,88,106,99
308,215,102,68.9,42.0,506,30.1,"22310",88,43.5,308,85,133
54,28,122,82.8,44.8,99,24.4,"22410",94,40.5,46,79,108
20,23,93,62.6,27.6,46,29.5,"22490",58,48.3,39,94,131
43,27,101,68.1,37.5,77,25.6,"26260",79,53.1,54,103,113
184,122,96,64.5,36.9,322,24.5,"26350",77,46.9,233,91,108
40,null,105,71.3,51.6,54,null,"26430",108,59.6,40,116,null
44,31,111,75.0,35.6,94,25.2,"26490",75,54.6,69,106,112
59,21,126,85.3,49.9,100,18.5,"26610",105,54.6,61,106,82
19,null,78,52.6,42.8,23,null,"26670",90,50.3,20,98,null
65,39,93,62.5,37.5,107,24.2,"26700",79,58.5,93,114,107
85,40,120,81.4,48.9,140,23.6,"26730",103,62.8,104,122,104
137,59,99,66.6,56.8,160,25.6,"26810",119,47.6,109,93,113
16,null,88,59.6,47.6,20,null,"26890",100,38.3,11,75,null
319,198,94,63.2,34.8,573,22.8,"26980",73,41.8,357,81,101
246,157,101,68.5,44.5,382,26.5,"27070",93,22.9,138,45,117
80,35,96,65.1,54.6,96,22.9,"27170",114,46.4,71,90,101
224,112,95,64.1,57.3,261,23.7,"27260",120,30.7,151,60,105
152,73,84,56.5,53.7,164,23.1,"27350",113,37.5,123,73,102
280,150,91,61.6,42.7,407,21.9,"27450",90,49.7,346,97,97
28,14,95,64.4,46.2,38,26.2,"27630",97,42.8,22,83,116
null,null,null,null,null,null,null,"29399",null,null,null,null,null
