{"organisation":"TUA_PHIDU","name":"phidu_premature_mortality_by_cause_phn_2014_18","title":"PHIDU - Premature Mortality - Cause (PHN) 2014-2018","legal":{"copyrightYear":"2021","attributionYear":"2021","attribution":"{datasource.organisationTitle}, ({dataset.attributionYear}): {dataset.title}; accessed from SUDO on {dateOfAccess}.","clickthrough":false,"licenceType":"Creative Commons Attribution-NonCommercial-ShareAlike 3.0 Australia (CC BY-NC-SA 3.0 AU)","copyrightNotice":"&copy; {datasource.organisationTitle} {dataset.copyrightYear}","suggestedCitation":"{datasource.organisationTitle}, ({dataset.attributionYear}): {dataset.title}; accessed from SUDO on {dateOfAccess}."},"referenceSystemIdentifier":"urn:x-ogc:def:crs:EPSG:4283","geoLevel":"phn2017","key":"phn_code","keyRegex":null,"availability":"true","geomField":"geom","keyword":"HEALTH SCIENCES,Public health","theme":"","temporalExtent":{"beginDate":"2014-01-01T00:00:00","endDate":"2018-12-31T00:00:00","selectTime":false},"type":"dataset","_id":"dataset-TUA_PHIDU-phidu_premature_mortality_by_cause_phn_2014_18-phn2017","bbox":[96.81,-43.75,159.11,-9.14],"abstract":"This dataset, released February 2021, contains the statistics of premature mortality by various causes for people below 75 years, over the years 2014 to 2018. Causes for death include cancer (colorectal, lung, breast), diabetes, circulatory system diseases (ischaemic heart disease, cerebrovascular disease), respiratory system diseases (chronic obstructive pulmonary disease), and external causes (road traffic injuries, suicide and self-inflicted injuries)<br/><br/>\n\nThe data is by Primary Health Network (PHN) 2017 geographic boundaries based on the 2016 Australian Statistical Geography Standard (ASGS).<br/><br/>\n\nThere are 31 PHNs set up by the Australian Government. Each network is controlled by a board of medical professionals and advised by a clinical council and community advisory committee. The boundaries of the PHNs closely align with the Local Hospital Networks where possible.<br/><br/>\n\nFor more information please see the <a href=\"https://phidu.torrens.edu.au/current/data/sha-aust/notes/phidu_data_sources_notes.pdf\" target=\"_blank\">data source notes</a> on the data. <br/><br/>\n\nSource: Data compiled by PHIDU from deaths data based on the 2014 to 2018 Cause of Death Unit Record Files supplied by the Australian Coordinating Registry and the Victorian Department of Justice, on behalf of the Registries of Births, Deaths and Marriages and the National Coronial Information System. The population is the ABS Estimated Resident Population (ERP) for Australia, 30 June 2014 to 30 June 2018.<br/><br/> SUDO has spatially enabled the <a href= \"https://phidu.torrens.edu.au/social-health-atlases/data#social-health-atlas-of-australia-primary-health-networks\" target=\"_blank\">original data</a>. Data that was not shown/not applicable/not published/not available for the specific area ('#', '..', '^', 'np, 'n.a.', 'n.y.a.' in original PHIDU data) was removed.It has been replaced by by Blank cells. For other keys and abbreviations refer to <a href=\"https://cloudstor.aarnet.edu.au/plus/s/1ryaKpnBQB6cMCp\" target=\"_blank\">PHIDU Keys</a>.","selectedAttributes":[{"name":"phn_code","type":"String","title":"PHN Code","description":"phn_code","stype":"nominal","isDimension":false},{"name":"deaths_cerebrovascular_diseases_0_74_years_2014_to_2018_number","type":"Double","title":"Deaths From Cerebrovascular Diseases, 0 To 74 Years 2014 To 2018 Number","description":"deaths_cerebrovascular_diseases_0_74_years_2014_to_2018_number","stype":"nominal","isDimension":false},{"name":"deaths_cerebrovascular_diseases_0_74_years_2014_to_2018_sdr","type":"Double","title":"Deaths From Cerebrovascular Diseases, 0 To 74 Years 2014 To 2018 Sdr","description":"deaths_cerebrovascular_diseases_0_74_years_2014_to_2018_sdr","stype":"nominal","isDimension":false},{"name":"deaths_cerebrovascular_diseases_0_74_years_2014_to_2018_sig","type":"String","title":"Deaths From Cerebrovascular Diseases, 0 To 74 Years 2014 To 2018 Sig.","description":"deaths_cerebrovascular_diseases_0_74_years_2014_to_2018_sig","stype":"nominal","isDimension":false},{"name":"deaths_circulatory_system_diseases_0_74_years_2014_to_2018_sdr","type":"Double","title":"Deaths From Circulatory System Diseases, 0 To 74 Years 2014 To 2018 Sdr","description":"deaths_circulatory_system_diseases_0_74_years_2014_to_2018_sdr","stype":"nominal","isDimension":false},{"name":"deaths_circulatory_system_diseases_0_74_years_2014_to_2018_sig","type":"String","title":"Deaths From Circulatory System Diseases, 0 To 74 Years 2014 To 2018 Sig.","description":"deaths_circulatory_system_diseases_0_74_years_2014_to_2018_sig","stype":"nominal","isDimension":false},{"name":"deaths_from_cancer_0_to_74_years_2014_to_2018_number","type":"Double","title":"Deaths From Cancer, 0 To 74 Years 2014 To 2018 Number","description":"deaths_from_cancer_0_to_74_years_2014_to_2018_number","stype":"nominal","isDimension":false},{"name":"deaths_from_cancer_0_to_74_years_2014_to_2018_sdr","type":"Double","title":"Deaths From Cancer, 0 To 74 Years 2014 To 2018 Sdr","description":"deaths_from_cancer_0_to_74_years_2014_to_2018_sdr","stype":"nominal","isDimension":false},{"name":"deaths_from_cancer_0_to_74_years_2014_to_2018_sdr_lower_95pc_ci","type":"Double","title":"Deaths From Cancer, 0 To 74 Years 2014 To 2018 Sdr - Lower 95% C.I.","description":"deaths_from_cancer_0_to_74_years_2014_to_2018_sdr_lower_95pc_ci","stype":"nominal","isDimension":false},{"name":"deaths_from_cancer_0_to_74_years_2014_to_2018_sdr_upper_95pc_ci","type":"Double","title":"Deaths From Cancer, 0 To 74 Years 2014 To 2018 Sdr - Upper 95% C.I.","description":"deaths_from_cancer_0_to_74_years_2014_to_2018_sdr_upper_95pc_ci","stype":"nominal","isDimension":false},{"name":"deaths_from_cancer_0_to_74_years_2014_to_2018_sig","type":"String","title":"Deaths From Cancer, 0 To 74 Years 2014 To 2018 Sig.","description":"deaths_from_cancer_0_to_74_years_2014_to_2018_sig","stype":"nominal","isDimension":false},{"name":"deaths_from_lung_cancer_0_to_74_years_2014_to_2018_number","type":"Double","title":"Deaths From Lung Cancer, 0 To 74 Years 2014 To 2018 Number","description":"deaths_from_lung_cancer_0_to_74_years_2014_to_2018_number","stype":"nominal","isDimension":false},{"name":"deaths_from_lung_cancer_0_to_74_years_2014_to_2018_sdr","type":"Double","title":"Deaths From Lung Cancer, 0 To 74 Years 2014 To 2018 Sdr","description":"deaths_from_lung_cancer_0_to_74_years_2014_to_2018_sdr","stype":"nominal","isDimension":false},{"name":"deaths_from_lung_cancer_0_to_74_years_2014_to_2018_sig","type":"String","title":"Deaths From Lung Cancer, 0 To 74 Years 2014 To 2018 Sig.","description":"deaths_from_lung_cancer_0_to_74_years_2014_to_2018_sig","stype":"nominal","isDimension":false},{"name":"deaths_lung_cancer_0_74_years_2014_to_2018_sdr_lower_95pc_ci","type":"Double","title":"Deaths From Lung Cancer, 0 To 74 Years 2014 To 2018 Sdr - Lower 95% C.I.","description":"deaths_lung_cancer_0_74_years_2014_to_2018_sdr_lower_95pc_ci","stype":"nominal","isDimension":false},{"name":"deaths_lung_cancer_0_74_years_2014_to_2018_sdr_upper_95pc_ci","type":"Double","title":"Deaths From Lung Cancer, 0 To 74 Years 2014 To 2018 Sdr - Upper 95% C.I.","description":"deaths_lung_cancer_0_74_years_2014_to_2018_sdr_upper_95pc_ci","stype":"nominal","isDimension":false},{"name":"deaths_respiratory_system_diseases_0_74_years_2014_to_2018_sdr","type":"Double","title":"Deaths From Respiratory System Diseases, 0 To 74 Years 2014 To 2018 Sdr","description":"deaths_respiratory_system_diseases_0_74_years_2014_to_2018_sdr","stype":"nominal","isDimension":false},{"name":"deaths_respiratory_system_diseases_0_74_years_2014_to_2018_sig","type":"String","title":"Deaths From Respiratory System Diseases, 0 To 74 Years 2014 To 2018 Sig.","description":"deaths_respiratory_system_diseases_0_74_years_2014_to_2018_sig","stype":"nominal","isDimension":false},{"name":"dths_chrnc_obstrctve_plmnry_dsse_0_74_yrs_2013_to_2017_nmbr","type":"Double","title":"Deaths From Chronic Obstructive Pulmonary Disease, 0 To 74 Years 2013 To 2017 Number","description":"dths_chrnc_obstrctve_plmnry_dsse_0_74_yrs_2013_to_2017_nmbr","stype":"nominal","isDimension":false},{"name":"dths_chrnc_obstrctve_plmnry_dsse_0_74_yrs_2013_to_2017_sdr","type":"Double","title":"Deaths From Chronic Obstructive Pulmonary Disease, 0 To 74 Years 2013 To 2017 Sdr","description":"dths_chrnc_obstrctve_plmnry_dsse_0_74_yrs_2013_to_2017_sdr","stype":"nominal","isDimension":false},{"name":"dths_chrnc_obstrctve_plmnry_dsse_0_74_yrs_2013_to_2017_sg","type":"String","title":"Deaths From Chronic Obstructive Pulmonary Disease, 0 To 74 Years 2013 To 2017 Sig.","description":"dths_chrnc_obstrctve_plmnry_dsse_0_74_yrs_2013_to_2017_sg","stype":"nominal","isDimension":false},{"name":"dths_chrn_obstrcve_plmnry_dse_0_74_yrs_2013_to_2017_avrge_anl_0","type":"Double","title":"Deaths From Chronic Obstructive Pulmonary Disease, 0 To 74 Years 2013 To 2017 Average Annual Asr Per 100,000 - Lower 95% C.I.","description":"dths_chrn_obstrcve_plmnry_dse_0_74_yrs_2013_to_2017_avrge_anl_0","stype":"nominal","isDimension":false},{"name":"dths_chrn_obstrcve_plmnry_dse_0_74_yrs_2013_to_2017_avrge_anl_1","type":"Double","title":"Deaths From Chronic Obstructive Pulmonary Disease, 0 To 74 Years 2013 To 2017 Average Annual Asr Per 100,000 - Upper 95% C.I.","description":"dths_chrn_obstrcve_plmnry_dse_0_74_yrs_2013_to_2017_avrge_anl_1","stype":"nominal","isDimension":false},{"name":"dths_chrn_obstrcve_plmnry_dse_0_74_yrs_2013_to_2017_avrge_anl_a","type":"Double","title":"Deaths From Chronic Obstructive Pulmonary Disease, 0 To 74 Years 2013 To 2017 Average Annual Asr Per 100,000","description":"dths_chrn_obstrcve_plmnry_dse_0_74_yrs_2013_to_2017_avrge_anl_a","stype":"nominal","isDimension":false},{"name":"dths_chrn_obstrcve_plmnry_dse_0_74_yrs_2013_to_2017_sdr_lwr_95p","type":"Double","title":"Deaths From Chronic Obstructive Pulmonary Disease, 0 To 74 Years 2013 To 2017 Sdr - Lower 95% C.I.","description":"dths_chrn_obstrcve_plmnry_dse_0_74_yrs_2013_to_2017_sdr_lwr_95p","stype":"nominal","isDimension":false},{"name":"dths_chrn_obstrcve_plmnry_dse_0_74_yrs_2013_to_2017_sdr_upr_95p","type":"Double","title":"Deaths From Chronic Obstructive Pulmonary Disease, 0 To 74 Years 2013 To 2017 Sdr - Upper 95% C.I.","description":"dths_chrn_obstrcve_plmnry_dse_0_74_yrs_2013_to_2017_sdr_upr_95p","stype":"nominal","isDimension":false},{"name":"dths_cncr_0_74_yrs_2014_to_2018_avrge_annl_asr_pr_100000","type":"Double","title":"Deaths From Cancer, 0 To 74 Years 2014 To 2018 Average Annual Asr Per 100,000","description":"dths_cncr_0_74_yrs_2014_to_2018_avrge_annl_asr_pr_100000","stype":"nominal","isDimension":false},{"name":"dths_cnr_0_74_yrs_2014_to_2018_avrge_anl_asr_pr_100000_lwr_95pc","type":"Double","title":"Deaths From Cancer, 0 To 74 Years 2014 To 2018 Average Annual Asr Per 100,000 - Lower 95% C.I.","description":"dths_cnr_0_74_yrs_2014_to_2018_avrge_anl_asr_pr_100000_lwr_95pc","stype":"nominal","isDimension":false},{"name":"dths_cnr_0_74_yrs_2014_to_2018_avrge_anl_asr_pr_100000_upr_95pc","type":"Double","title":"Deaths From Cancer, 0 To 74 Years 2014 To 2018 Average Annual Asr Per 100,000 - Upper 95% C.I.","description":"dths_cnr_0_74_yrs_2014_to_2018_avrge_anl_asr_pr_100000_upr_95pc","stype":"nominal","isDimension":false},{"name":"dths_crlty_sytm_ds_0_74_yrs_2014_to_2018_avrge_anl_asr_pr_100_2","type":"Double","title":"Deaths From Circulatory System Diseases, 0 To 74 Years 2014 To 2018 Average Annual Asr Per 100,000 - Upper 95% C.I.","description":"dths_crlty_sytm_ds_0_74_yrs_2014_to_2018_avrge_anl_asr_pr_100_2","stype":"nominal","isDimension":false},{"name":"dths_crlty_sytm_ds_0_74_yrs_2014_to_2018_avrge_anl_asr_pr_100_1","type":"Double","title":"Deaths From Circulatory System Diseases, 0 To 74 Years 2014 To 2018 Average Annual Asr Per 100,000 - Lower 95% C.I.","description":"dths_crlty_sytm_ds_0_74_yrs_2014_to_2018_avrge_anl_asr_pr_100_1","stype":"nominal","isDimension":false},{"name":"dths_crlty_sytm_ds_0_74_yrs_2014_to_2018_avrge_anl_asr_pr_10000","type":"Double","title":"Deaths From Circulatory System Diseases, 0 To 74 Years 2014 To 2018 Average Annual Asr Per 100,000","description":"dths_crlty_sytm_ds_0_74_yrs_2014_to_2018_avrge_anl_asr_pr_10000","stype":"nominal","isDimension":false},{"name":"dths_crcltry_systm_dsss_0_74_yrs_2014_to_2018_sdr_uppr_95pc_ci","type":"Double","title":"Deaths From Circulatory System Diseases, 0 To 74 Years 2014 To 2018 Sdr - Upper 95% C.I.","description":"dths_crcltry_systm_dsss_0_74_yrs_2014_to_2018_sdr_uppr_95pc_ci","stype":"nominal","isDimension":false},{"name":"dths_crcltry_systm_dsss_0_74_yrs_2014_to_2018_sdr_lwr_95pc_ci","type":"Double","title":"Deaths From Circulatory System Diseases, 0 To 74 Years 2014 To 2018 Sdr - Lower 95% C.I.","description":"dths_crcltry_systm_dsss_0_74_yrs_2014_to_2018_sdr_lwr_95pc_ci","stype":"nominal","isDimension":false},{"name":"dths_crcltry_systm_dsss_0_74_yrs_2014_to_2018_nmbr","type":"Double","title":"Deaths From Circulatory System Diseases, 0 To 74 Years 2014 To 2018 Number","description":"dths_crcltry_systm_dsss_0_74_yrs_2014_to_2018_nmbr","stype":"nominal","isDimension":false},{"name":"dths_lng_cncr_0_74_yrs_2014_to_2018_avrge_annl_asr_pr_100000","type":"Double","title":"Deaths From Lung Cancer, 0 To 74 Years 2014 To 2018 Average Annual Asr Per 100,000","description":"dths_lng_cncr_0_74_yrs_2014_to_2018_avrge_annl_asr_pr_100000","stype":"nominal","isDimension":false},{"name":"dths_lng_cnr_0_74_yrs_2014_to_2018_avrge_anl_asr_pr_100000_lwr","type":"Double","title":"Deaths From Lung Cancer, 0 To 74 Years 2014 To 2018 Average Annual Asr Per 100,000 - Lower 95% C.I.","description":"dths_lng_cnr_0_74_yrs_2014_to_2018_avrge_anl_asr_pr_100000_lwr","stype":"nominal","isDimension":false},{"name":"dths_lng_cnr_0_74_yrs_2014_to_2018_avrge_anl_asr_pr_100000_upr","type":"Double","title":"Deaths From Lung Cancer, 0 To 74 Years 2014 To 2018 Average Annual Asr Per 100,000 - Upper 95% C.I.","description":"dths_lng_cnr_0_74_yrs_2014_to_2018_avrge_anl_asr_pr_100000_upr","stype":"nominal","isDimension":false},{"name":"dths_rsprtry_systm_dsss_0_74_yrs_2014_to_2018_nmbr","type":"Double","title":"Deaths From Respiratory System Diseases, 0 To 74 Years 2014 To 2018 Number","description":"dths_rsprtry_systm_dsss_0_74_yrs_2014_to_2018_nmbr","stype":"nominal","isDimension":false},{"name":"dths_rsprtry_systm_dsss_0_74_yrs_2014_to_2018_sdr_lwr_95pc_ci","type":"Double","title":"Deaths From Respiratory System Diseases, 0 To 74 Years 2014 To 2018 Sdr - Lower 95% C.I.","description":"dths_rsprtry_systm_dsss_0_74_yrs_2014_to_2018_sdr_lwr_95pc_ci","stype":"nominal","isDimension":false},{"name":"dths_rsprtry_systm_dsss_0_74_yrs_2014_to_2018_sdr_uppr_95pc_ci","type":"Double","title":"Deaths From Respiratory System Diseases, 0 To 74 Years 2014 To 2018 Sdr - Upper 95% C.I.","description":"dths_rsprtry_systm_dsss_0_74_yrs_2014_to_2018_sdr_uppr_95pc_ci","stype":"nominal","isDimension":false},{"name":"dths_rspty_sytm_ds_0_74_yrs_2014_to_2018_avrge_anl_asr_pr_10000","type":"Double","title":"Deaths From Respiratory System Diseases, 0 To 74 Years 2014 To 2018 Average Annual Asr Per 100,000","description":"dths_rspty_sytm_ds_0_74_yrs_2014_to_2018_avrge_anl_asr_pr_10000","stype":"nominal","isDimension":false},{"name":"dths_rspty_sytm_ds_0_74_yrs_2014_to_2018_avrge_anl_asr_pr_100_1","type":"Double","title":"Deaths From Respiratory System Diseases, 0 To 74 Years 2014 To 2018 Average Annual Asr Per 100,000 - Lower 95% C.I.","description":"dths_rspty_sytm_ds_0_74_yrs_2014_to_2018_avrge_anl_asr_pr_100_1","stype":"nominal","isDimension":false},{"name":"dths_rspty_sytm_ds_0_74_yrs_2014_to_2018_avrge_anl_asr_pr_100_2","type":"Double","title":"Deaths From Respiratory System Diseases, 0 To 74 Years 2014 To 2018 Average Annual Asr Per 100,000 - Upper 95% C.I.","description":"dths_rspty_sytm_ds_0_74_yrs_2014_to_2018_avrge_anl_asr_pr_100_2","stype":"nominal","isDimension":false},{"name":"dths_scde_slf_inflctd_injrs_0_74_yrs_2014_to_2018_avrge_anl_a_0","type":"Double","title":"Deaths From Suicide And Self-Inflicted Injuries, 0 To 74 Years 2014 To 2018 Average Annual Asr Per 100,000 - Lower 95% C.I.","description":"dths_scde_slf_inflctd_injrs_0_74_yrs_2014_to_2018_avrge_anl_a_0","stype":"nominal","isDimension":false},{"name":"dths_scde_slf_inflctd_injrs_0_74_yrs_2014_to_2018_avrge_anl_a_1","type":"Double","title":"Deaths From Suicide And Self-Inflicted Injuries, 0 To 74 Years 2014 To 2018 Average Annual Asr Per 100,000 - Upper 95% C.I.","description":"dths_scde_slf_inflctd_injrs_0_74_yrs_2014_to_2018_avrge_anl_a_1","stype":"nominal","isDimension":false},{"name":"dths_scde_slf_inflctd_injrs_0_74_yrs_2014_to_2018_avrge_anl_asr","type":"Double","title":"Deaths From Suicide And Self-Inflicted Injuries, 0 To 74 Years 2014 To 2018 Average Annual Asr Per 100,000","description":"dths_scde_slf_inflctd_injrs_0_74_yrs_2014_to_2018_avrge_anl_asr","stype":"nominal","isDimension":false},{"name":"dths_scde_slf_inflctd_injrs_0_74_yrs_2014_to_2018_nmbr","type":"Double","title":"Deaths From Suicide And Self-Inflicted Injuries, 0 To 74 Years 2014 To 2018 Number","description":"dths_scde_slf_inflctd_injrs_0_74_yrs_2014_to_2018_nmbr","stype":"nominal","isDimension":false},{"name":"dths_scde_slf_inflctd_injrs_0_74_yrs_2014_to_2018_sdr","type":"Double","title":"Deaths From Suicide And Self-Inflicted Injuries, 0 To 74 Years 2014 To 2018 Sdr","description":"dths_scde_slf_inflctd_injrs_0_74_yrs_2014_to_2018_sdr","stype":"nominal","isDimension":false},{"name":"dths_scde_slf_inflctd_injrs_0_74_yrs_2014_to_2018_sdr_lwr_95pc","type":"Double","title":"Deaths From Suicide And Self-Inflicted Injuries, 0 To 74 Years 2014 To 2018 Sdr - Lower 95% C.I.","description":"dths_scde_slf_inflctd_injrs_0_74_yrs_2014_to_2018_sdr_lwr_95pc","stype":"nominal","isDimension":false},{"name":"dths_scde_slf_inflctd_injrs_0_74_yrs_2014_to_2018_sdr_upr_95pc","type":"Double","title":"Deaths From Suicide And Self-Inflicted Injuries, 0 To 74 Years 2014 To 2018 Sdr - Upper 95% C.I.","description":"dths_scde_slf_inflctd_injrs_0_74_yrs_2014_to_2018_sdr_upr_95pc","stype":"nominal","isDimension":false},{"name":"dths_scde_slf_inflctd_injrs_0_74_yrs_2014_to_2018_sg","type":"String","title":"Deaths From Suicide And Self-Inflicted Injuries, 0 To 74 Years 2014 To 2018 Sig.","description":"dths_scde_slf_inflctd_injrs_0_74_yrs_2014_to_2018_sg","stype":"nominal","isDimension":false}],"filter":{"filterType":"tabular","feature":{"key":"phn_code","geoLevel":"phn2017","geoField":"ignored","year":"2006","featureBbox":[140.961681984,-39.159189527500004,149.976679008,-33.9806475865],"featureType":"ste","featureInstance":"2","featureName":"Victoria","referenceSystemIdentifier":"urn:x-ogc:def:crs:EPSG:4283","prefix":"","keyTransform":null},"states":["2"]}}