{"organisation":"TUA_PHIDU","name":"phidu_premature_mortality_by_cause_lga_2014_18","title":"PHIDU - Premature Mortality - Cause (LGA) 2014-2018","legal":{"copyrightYear":"2021","attributionYear":"2021","attribution":"{datasource.organisationTitle}, ({dataset.attributionYear}): {dataset.title}; accessed from SUDO on {dateOfAccess}.","clickthrough":false,"licenceType":"Creative Commons Attribution-NonCommercial-ShareAlike 3.0 Australia (CC BY-NC-SA 3.0 AU)","copyrightNotice":"&copy; {datasource.organisationTitle} {dataset.copyrightYear}","suggestedCitation":"{datasource.organisationTitle}, ({dataset.attributionYear}): {dataset.title}; accessed from SUDO on {dateOfAccess}."},"referenceSystemIdentifier":"urn:x-ogc:def:crs:EPSG:4283","geoLevel":"lga2016","key":"lga_code","keyRegex":null,"availability":"true","geomField":"geom","keyword":"HEALTH SCIENCES,Public health","theme":"","temporalExtent":{"beginDate":"2014-01-01T00:00:00","endDate":"2018-12-31T00:00:00","selectTime":false},"type":"dataset","_id":"dataset-TUA_PHIDU-phidu_premature_mortality_by_cause_lga_2014_18-lga2016","bbox":[96.81,-43.75,159.11,-9.14],"abstract":"This dataset, released February 2021, contains the statistics of premature mortality by various causes for people below 75 years, over the years 2014 to 2018. Causes for death include cancer (colorectal, lung, breast), diabetes, circulatory system diseases (ischaemic heart disease, cerebrovascular disease), respiratory system diseases (chronic obstructive pulmonary disease), and external causes (road traffic injuries, suicide and self-inflicted injuries)<br/><br/>\n\nThe data is by Local Government Area (LGA) 2016 geographic boundaries.<br/><br/>\n\nFor more information please see the <a href=\"https://phidu.torrens.edu.au/current/data/sha-aust/notes/phidu_data_sources_notes.pdf\" target=\"_blank\">data source notes</a> on the data. <br/><br/>\n\nSource: Data compiled by PHIDU from deaths data based on the 2014 to 2018 Cause of Death Unit Record Files supplied by the Australian Coordinating Registry and the Victorian Department of Justice, on behalf of the Registries of Births, Deaths and Marriages and the National Coronial Information System. The population is the ABS Estimated Resident Population (ERP) for Australia, 30 June 2014 to 30 June 2018.<br/><br/> SUDO has spatially enabled the <a href= \"https://phidu.torrens.edu.au/social-health-atlases/data#social-health-atlases-of-australia-local-government-areas\" target=\"_blank\">original data</a>. Data that was not shown/not applicable/not published/not available for the specific area ('#', '..', '^', 'np, 'n.a.', 'n.y.a.' in original PHIDU data) was removed.It has been replaced by by Blank cells. For other keys and abbreviations refer to <a href=\"https://cloudstor.aarnet.edu.au/plus/s/1ryaKpnBQB6cMCp\" target=\"_blank\">PHIDU Keys</a>.","selectedAttributes":[{"name":"lga_code","type":"Integer","title":"LGA Code 2016","description":"lga_code","stype":"nominal","isDimension":false},{"name":"deaths_breast_cancer_females_0_74_years_2014_to_2018_number","type":"Double","title":"Deaths From Breast Cancer (Females), 0 To 74 Years 2014 To 2018 Number","description":"deaths_breast_cancer_females_0_74_years_2014_to_2018_number","stype":"nominal","isDimension":false},{"name":"deaths_breast_cancer_females_0_74_years_2014_to_2018_sdr","type":"Double","title":"Deaths From Breast Cancer (Females), 0 To 74 Years 2014 To 2018 Sdr","description":"deaths_breast_cancer_females_0_74_years_2014_to_2018_sdr","stype":"nominal","isDimension":false},{"name":"deaths_cerebrovascular_diseases_0_74_years_2014_to_2018_number","type":"Double","title":"Deaths From Cerebrovascular Diseases, 0 To 74 Years 2014 To 2018 Number","description":"deaths_cerebrovascular_diseases_0_74_years_2014_to_2018_number","stype":"nominal","isDimension":false},{"name":"deaths_cerebrovascular_diseases_0_74_years_2014_to_2018_sdr","type":"Double","title":"Deaths From Cerebrovascular Diseases, 0 To 74 Years 2014 To 2018 Sdr","description":"deaths_cerebrovascular_diseases_0_74_years_2014_to_2018_sdr","stype":"nominal","isDimension":false},{"name":"deaths_circulatory_system_diseases_0_74_years_2014_to_2018_sdr","type":"Double","title":"Deaths From Circulatory System Diseases, 0 To 74 Years 2014 To 2018 Sdr","description":"deaths_circulatory_system_diseases_0_74_years_2014_to_2018_sdr","stype":"nominal","isDimension":false},{"name":"deaths_from_cancer_0_to_74_years_2014_to_2018_number","type":"Double","title":"Deaths From Cancer, 0 To 74 Years 2014 To 2018 Number","description":"deaths_from_cancer_0_to_74_years_2014_to_2018_number","stype":"nominal","isDimension":false},{"name":"deaths_from_cancer_0_to_74_years_2014_to_2018_sdr","type":"Double","title":"Deaths From Cancer, 0 To 74 Years 2014 To 2018 Sdr","description":"deaths_from_cancer_0_to_74_years_2014_to_2018_sdr","stype":"nominal","isDimension":false},{"name":"deaths_from_colorectal_cancer_0_to_74_years_2014_to_2018_number","type":"Double","title":"Deaths From Colorectal Cancer, 0 To 74 Years 2014 To 2018 Number","description":"deaths_from_colorectal_cancer_0_to_74_years_2014_to_2018_number","stype":"nominal","isDimension":false},{"name":"deaths_from_colorectal_cancer_0_to_74_years_2014_to_2018_sdr","type":"Double","title":"Deaths From Colorectal Cancer, 0 To 74 Years 2014 To 2018 Sdr","description":"deaths_from_colorectal_cancer_0_to_74_years_2014_to_2018_sdr","stype":"nominal","isDimension":false},{"name":"deaths_from_diabetes_0_to_74_years_2014_to_2018_sdr","type":"Double","title":"Deaths From Diabetes, 0 To 74 Years 2014 To 2018 Sdr","description":"deaths_from_diabetes_0_to_74_years_2014_to_2018_sdr","stype":"nominal","isDimension":false},{"name":"deaths_from_diabetes_0_to_74_years_2014_to_2018_number","type":"Double","title":"Deaths From Diabetes, 0 To 74 Years 2014 To 2018 Number","description":"deaths_from_diabetes_0_to_74_years_2014_to_2018_number","stype":"nominal","isDimension":false},{"name":"deaths_from_lung_cancer_0_to_74_years_2014_to_2018_number","type":"Double","title":"Deaths From Lung Cancer, 0 To 74 Years 2014 To 2018 Number","description":"deaths_from_lung_cancer_0_to_74_years_2014_to_2018_number","stype":"nominal","isDimension":false},{"name":"deaths_from_lung_cancer_0_to_74_years_2014_to_2018_sdr","type":"Double","title":"Deaths From Lung Cancer, 0 To 74 Years 2014 To 2018 Sdr","description":"deaths_from_lung_cancer_0_to_74_years_2014_to_2018_sdr","stype":"nominal","isDimension":false},{"name":"deaths_ischaemic_heart_disease_0_74_years_2014_to_2018_number","type":"Double","title":"Deaths From Ischaemic Heart Disease, 0 To 74 Years 2014 To 2018 Number","description":"deaths_ischaemic_heart_disease_0_74_years_2014_to_2018_number","stype":"nominal","isDimension":false},{"name":"deaths_ischaemic_heart_disease_0_74_years_2014_to_2018_sdr","type":"Double","title":"Deaths From Ischaemic Heart Disease, 0 To 74 Years 2014 To 2018 Sdr","description":"deaths_ischaemic_heart_disease_0_74_years_2014_to_2018_sdr","stype":"nominal","isDimension":false},{"name":"deaths_respiratory_system_diseases_0_74_years_2014_to_2018_sdr","type":"Double","title":"Deaths From Respiratory System Diseases, 0 To 74 Years 2014 To 2018 Sdr","description":"deaths_respiratory_system_diseases_0_74_years_2014_to_2018_sdr","stype":"nominal","isDimension":false},{"name":"dths_chrnc_obstrctve_plmnry_dsse_0_74_yrs_2014_to_2018_nmbr","type":"Double","title":"Deaths From Chronic Obstructive Pulmonary Disease, 0 To 74 Years 2014 To 2018 Number","description":"dths_chrnc_obstrctve_plmnry_dsse_0_74_yrs_2014_to_2018_nmbr","stype":"nominal","isDimension":false},{"name":"dths_chrnc_obstrctve_plmnry_dsse_0_74_yrs_2014_to_2018_sdr","type":"Double","title":"Deaths From Chronic Obstructive Pulmonary Disease, 0 To 74 Years 2014 To 2018 Sdr","description":"dths_chrnc_obstrctve_plmnry_dsse_0_74_yrs_2014_to_2018_sdr","stype":"nominal","isDimension":false},{"name":"dths_crcltry_systm_dsss_0_74_yrs_2014_to_2018_nmbr","type":"Double","title":"Deaths From Circulatory System Diseases, 0 To 74 Years 2014 To 2018 Number","description":"dths_crcltry_systm_dsss_0_74_yrs_2014_to_2018_nmbr","stype":"nominal","isDimension":false},{"name":"dths_rsprtry_systm_dsss_0_74_yrs_2014_to_2018_nmbr","type":"Double","title":"Deaths From Respiratory System Diseases, 0 To 74 Years 2014 To 2018 Number","description":"dths_rsprtry_systm_dsss_0_74_yrs_2014_to_2018_nmbr","stype":"nominal","isDimension":false},{"name":"dths_brst_cnr_fmls_0_74_yrs_2014_to_2018_avrge_anl_asr_pr_10000","type":"Double","title":"Deaths From Breast Cancer (Females), 0 To 74 Years 2014 To 2018 Average Annual Asr Per 100,000","description":"dths_brst_cnr_fmls_0_74_yrs_2014_to_2018_avrge_anl_asr_pr_10000","stype":"nominal","isDimension":false},{"name":"dths_chrn_obstrcve_plmnry_dse_0_74_yrs_2014_to_2018_avrge_anl_a","type":"Double","title":"Deaths From Chronic Obstructive Pulmonary Disease, 0 To 74 Years 2014 To 2018 Average Annual Asr Per 100,000","description":"dths_chrn_obstrcve_plmnry_dse_0_74_yrs_2014_to_2018_avrge_anl_a","stype":"nominal","isDimension":false},{"name":"dths_clrctl_cncr_0_74_yrs_2014_to_2018_avrge_annl_asr_pr_100000","type":"Double","title":"Deaths From Colorectal Cancer, 0 To 74 Years 2014 To 2018 Average Annual Asr Per 100,000","description":"dths_clrctl_cncr_0_74_yrs_2014_to_2018_avrge_annl_asr_pr_100000","stype":"nominal","isDimension":false},{"name":"dths_cncr_0_74_yrs_2014_to_2018_avrge_annl_asr_pr_100000","type":"Double","title":"Deaths From Cancer, 0 To 74 Years 2014 To 2018 Average Annual Asr Per 100,000","description":"dths_cncr_0_74_yrs_2014_to_2018_avrge_annl_asr_pr_100000","stype":"nominal","isDimension":false},{"name":"dths_crbvsl_ds_0_74_yrs_2014_to_2018_avrge_anl_asr_pr_100000","type":"Double","title":"Deaths From Cerebrovascular Diseases, 0 To 74 Years 2014 To 2018 Average Annual Asr Per 100,000","description":"dths_crbvsl_ds_0_74_yrs_2014_to_2018_avrge_anl_asr_pr_100000","stype":"nominal","isDimension":false},{"name":"dths_crlty_sytm_ds_0_74_yrs_2014_to_2018_avrge_anl_asr_pr_10000","type":"Double","title":"Deaths From Circulatory System Diseases, 0 To 74 Years 2014 To 2018 Average Annual Asr Per 100,000","description":"dths_crlty_sytm_ds_0_74_yrs_2014_to_2018_avrge_anl_asr_pr_10000","stype":"nominal","isDimension":false},{"name":"dths_dbts_0_74_yrs_2014_to_2018_avrge_annl_asr_pr_100000","type":"Double","title":"Deaths From Diabetes, 0 To 74 Years 2014 To 2018 Average Annual Asr Per 100,000","description":"dths_dbts_0_74_yrs_2014_to_2018_avrge_annl_asr_pr_100000","stype":"nominal","isDimension":false},{"name":"dths_ischm_hrt_dse_0_74_yrs_2014_to_2018_avrge_anl_asr_pr_10000","type":"Double","title":"Deaths From Ischaemic Heart Disease, 0 To 74 Years 2014 To 2018 Average Annual Asr Per 100,000","description":"dths_ischm_hrt_dse_0_74_yrs_2014_to_2018_avrge_anl_asr_pr_10000","stype":"nominal","isDimension":false},{"name":"dths_lng_cncr_0_74_yrs_2014_to_2018_avrge_annl_asr_pr_100000","type":"Double","title":"Deaths From Lung Cancer, 0 To 74 Years 2014 To 2018 Average Annual Asr Per 100,000","description":"dths_lng_cncr_0_74_yrs_2014_to_2018_avrge_annl_asr_pr_100000","stype":"nominal","isDimension":false},{"name":"dths_rspty_sytm_ds_0_74_yrs_2014_to_2018_avrge_anl_asr_pr_10000","type":"Double","title":"Deaths From Respiratory System Diseases, 0 To 74 Years 2014 To 2018 Average Annual Asr Per 100,000","description":"dths_rspty_sytm_ds_0_74_yrs_2014_to_2018_avrge_anl_asr_pr_10000","stype":"nominal","isDimension":false}],"filter":{"filterType":"tabular","feature":{"key":"lga_code","geoLevel":"lga2016","geoField":"ignored","year":"2006","featureBbox":[140.961681984,-39.159189527500004,149.976679008,-33.9806475865],"featureType":"ste","featureInstance":"2","featureName":"Victoria","referenceSystemIdentifier":"urn:x-ogc:def:crs:EPSG:4283","prefix":"","keyTransform":null},"states":["2"]}}