{"organisation":"TUA_PHIDU","name":"phidu_premature_mortality_by_cause_lga_2010_14","title":"PHIDU - Premature Mortality - Cause (LGA) 2010-2014","legal":{"copyrightYear":"2021","attributionYear":"2021","attribution":"{datasource.organisationTitle}, ({dataset.attributionYear}): {dataset.title}; accessed from SUDO on {dateOfAccess}.","clickthrough":false,"licenceType":"Creative Commons Attribution-NonCommercial-ShareAlike 3.0 Australia (CC BY-NC-SA 3.0 AU)","copyrightNotice":"&copy; {datasource.organisationTitle} {dataset.copyrightYear}","suggestedCitation":"{datasource.organisationTitle}, ({dataset.attributionYear}): {dataset.title}; accessed from SUDO on {dateOfAccess}."},"referenceSystemIdentifier":"urn:x-ogc:def:crs:EPSG:4283","geoLevel":"lga2016","key":"lga_code","keyRegex":null,"availability":"true","geomField":"wkb_geometry","keyword":"HEALTH SCIENCES,Public health","theme":"","temporalExtent":{"beginDate":"2010-01-01T00:00:00","endDate":"2014-12-31T00:00:00","selectTime":false},"type":"dataset","_id":"dataset-TUA_PHIDU-phidu_premature_mortality_by_cause_lga_2010_14-lga2016","bbox":[96.81,-43.75,159.11,-9.14],"abstract":"This dataset, released December 2016, contains statistics for deaths of people aged 0-74 years during the years 2010-2014 based on the following causes: cancer, diabetes, circulatory system diseases, respiratory systems diseases and external causes. The data is by Local Government Area (LGA) 2016 geographic boundaries.<br/><br/>\n\nFor more information please see the <a href=\"http://phidu.torrens.edu.au/data-archive/sha-aust/2015-onwards/phidu_data_sources_notes_2017.pdf\" target=\"_blank\">data source notes</a> on the data. <br/><br/>\n\nSource: Data compiled by PHIDU from deaths data based on the 2010 to 2014 Cause of Death Unit Record Files\nsupplied by the Australian Coordinating Registry and the Victorian Department of Justice, on behalf of the Registries\nof Births, Deaths and Marriages and the National Coronial Information System.<br/><br/>\n SUDO has spatially enabled the <a href= \"https://phidu.torrens.edu.au/social-health-atlases/data#social-health-atlases-of-australia-local-government-areas\" target=\"_blank\">original data</a>. Data that was not shown/not applicable/not published/not available for the specific area ('#', '..', '^', 'np, 'n.a.', 'n.y.a.' in original PHIDU data) was removed.It has been replaced by by Blank cells. For other keys and abbreviations refer to <a href=\"https://cloudstor.aarnet.edu.au/plus/s/1ryaKpnBQB6cMCp\" target=\"_blank\">PHIDU Keys</a>.","selectedAttributes":[{"name":"lga_code","type":"String","title":"LGA Code 2016","description":"lga_code","stype":"nominal","isDimension":false},{"name":"lga_name","type":"String","title":"LGA Name 2016","description":"lga_name","stype":"nominal","isDimension":false},{"name":"dth_brst_canc_f_0_74_yrs_2010_14_asr_100000","type":"Double","title":"Deaths From Breast Cancer (Females), 0 To 74 Years 2010 To 2014 Average annual ASR per 100,000","description":"dth_brst_canc_f_0_74_yrs_2010_14_asr_100000","stype":"ratio","isDimension":false},{"name":"dth_brst_canc_f_0_74_yrs_2010_14_num","type":"Integer","title":"Deaths From Breast Cancer (Females), 0 To 74 Years 2010 To 2014 Number","description":"dth_brst_canc_f_0_74_yrs_2010_14_num","stype":"ratio","isDimension":false},{"name":"dth_brst_canc_f_0_74_yrs_2010_14_sdr","type":"Integer","title":"Deaths From Breast Cancer (Females), 0 To 74 Years 2010 To 2014 SDR","description":"dth_brst_canc_f_0_74_yrs_2010_14_sdr","stype":"ratio","isDimension":false},{"name":"dth_canc_0_74_yrs_2010_14_asr_100000","type":"Double","title":"Deaths From Cancer, 0 To 74 Years 2010 To 2014 Average annual ASR per 100,000","description":"dth_canc_0_74_yrs_2010_14_asr_100000","stype":"ratio","isDimension":false},{"name":"dth_canc_0_74_yrs_2010_14_num","type":"Integer","title":"Deaths From Cancer, 0 To 74 Years 2010 To 2014 Number","description":"dth_canc_0_74_yrs_2010_14_num","stype":"ratio","isDimension":false},{"name":"dth_canc_0_74_yrs_2010_14_sdr","type":"Integer","title":"Deaths From Cancer, 0 To 74 Years 2010 To 2014 SDR","description":"dth_canc_0_74_yrs_2010_14_sdr","stype":"ratio","isDimension":false},{"name":"dth_cereb_dise_0_74_yrs_2010_14_asr_100000","type":"Double","title":"Deaths From Cerebrovascular Diseases, 0 To 74 Years 2010 To 2014 Average annual ASR per 100,000","description":"dth_cereb_dise_0_74_yrs_2010_14_asr_100000","stype":"ratio","isDimension":false},{"name":"dth_cereb_dise_0_74_yrs_2010_14_num","type":"Integer","title":"Deaths From Cerebrovascular Diseases, 0 To 74 Years 2010 To 2014 Number","description":"dth_cereb_dise_0_74_yrs_2010_14_num","stype":"ratio","isDimension":false},{"name":"dth_cereb_dise_0_74_yrs_2010_14_sdr","type":"Integer","title":"Deaths From Cerebrovascular Diseases, 0 To 74 Years 2010 To 2014 SDR","description":"dth_cereb_dise_0_74_yrs_2010_14_sdr","stype":"ratio","isDimension":false},{"name":"dth_circ_sys_dise_0_74_yrs_2010_14_asr_100000","type":"Double","title":"Deaths From Circulatory System Diseases, 0 To 74 Years 2010 To 2014 Average annual ASR per 100,000","description":"dth_circ_sys_dise_0_74_yrs_2010_14_asr_100000","stype":"ratio","isDimension":false},{"name":"dth_circ_sys_dise_0_74_yrs_2010_14_num","type":"Integer","title":"Deaths From Circulatory System Diseases, 0 To 74 Years 2010 To 2014 Number","description":"dth_circ_sys_dise_0_74_yrs_2010_14_num","stype":"ratio","isDimension":false},{"name":"dth_circ_sys_dise_0_74_yrs_2010_14_sdr","type":"Integer","title":"Deaths From Circulatory System Diseases, 0 To 74 Years 2010 To 2014 SDR","description":"dth_circ_sys_dise_0_74_yrs_2010_14_sdr","stype":"ratio","isDimension":false},{"name":"dth_colortl_canc_0_74_yrs_2010_14_asr_100000","type":"Double","title":"Deaths From Colorectal Cancer, 0 To 74 Years 2010 To 2014 Average annual ASR per 100,000","description":"dth_colortl_canc_0_74_yrs_2010_14_asr_100000","stype":"ratio","isDimension":false},{"name":"dth_colortl_canc_0_74_yrs_2010_14_num","type":"Integer","title":"Deaths From Colorectal Cancer, 0 To 74 Years 2010 To 2014 Number","description":"dth_colortl_canc_0_74_yrs_2010_14_num","stype":"ratio","isDimension":false},{"name":"dth_colortl_canc_0_74_yrs_2010_14_sdr","type":"Integer","title":"Deaths From Colorectal Cancer, 0 To 74 Years 2010 To 2014 SDR","description":"dth_colortl_canc_0_74_yrs_2010_14_sdr","stype":"ratio","isDimension":false},{"name":"dth_isch_hrt_dise_0_74_yrs_2010_14_asr_100000","type":"Double","title":"Deaths From Ischaemic Heart Disease, 0 To 74 Years 2010 To 2014 Average annual ASR per 100,000","description":"dth_isch_hrt_dise_0_74_yrs_2010_14_asr_100000","stype":"ratio","isDimension":false},{"name":"dth_isch_hrt_dise_0_74_yrs_2010_14_num","type":"Integer","title":"Deaths From Ischaemic Heart Disease, 0 To 74 Years 2010 To 2014 Number","description":"dth_isch_hrt_dise_0_74_yrs_2010_14_num","stype":"ratio","isDimension":false},{"name":"dth_isch_hrt_dise_0_74_yrs_2010_14_sdr","type":"Integer","title":"Deaths From Ischaemic Heart Disease, 0 To 74 Years 2010 To 2014 SDR","description":"dth_isch_hrt_dise_0_74_yrs_2010_14_sdr","stype":"ratio","isDimension":false},{"name":"dth_lung_canc_0_74_yrs_2010_14_asr_100000","type":"Double","title":"Deaths From Lung Cancer, 0 To 74 Years 2010 To 2014 Average annual ASR per 100,000","description":"dth_lung_canc_0_74_yrs_2010_14_asr_100000","stype":"ratio","isDimension":false},{"name":"dth_lung_canc_0_74_yrs_2010_14_num","type":"Integer","title":"Deaths From Lung Cancer, 0 To 74 Years 2010 To 2014 Number","description":"dth_lung_canc_0_74_yrs_2010_14_num","stype":"ratio","isDimension":false},{"name":"dth_lung_canc_0_74_yrs_2010_14_sdr","type":"Integer","title":"Deaths From Lung Cancer, 0 To 74 Years 2010 To 2014 SDR","description":"dth_lung_canc_0_74_yrs_2010_14_sdr","stype":"ratio","isDimension":false},{"name":"dth_obs_pulm_dise_0_74_yrs_2010_14_asr_100000","type":"Double","title":"Deaths From Chronic Obstructive Pulmonary Disease, 0 To 74 Years 2010 To 2014 Average annual ASR per 100,000","description":"dth_obs_pulm_dise_0_74_yrs_2010_14_asr_100000","stype":"ratio","isDimension":false},{"name":"dth_obs_pulm_dise_0_74_yrs_2010_14_num","type":"Integer","title":"Deaths From Chronic Obstructive Pulmonary Disease, 0 To 74 Years 2010 To 2014 Number","description":"dth_obs_pulm_dise_0_74_yrs_2010_14_num","stype":"ratio","isDimension":false},{"name":"dth_obs_pulm_dise_0_74_yrs_2010_14_sdr","type":"Integer","title":"Deaths From Chronic Obstructive Pulmonary Disease, 0 To 74 Years 2010 To 2014 SDR","description":"dth_obs_pulm_dise_0_74_yrs_2010_14_sdr","stype":"ratio","isDimension":false},{"name":"dth_resp_sys_dise_0_74_yrs_2010_14_asr_100000","type":"Double","title":"Deaths From Respiratory System Diseases, 0 To 74 Years 2010 To 2014 Average annual ASR per 100,000","description":"dth_resp_sys_dise_0_74_yrs_2010_14_asr_100000","stype":"ratio","isDimension":false},{"name":"dth_resp_sys_dise_0_74_yrs_2010_14_num","type":"Integer","title":"Deaths From Respiratory System Diseases, 0 To 74 Years 2010 To 2014 Number","description":"dth_resp_sys_dise_0_74_yrs_2010_14_num","stype":"ratio","isDimension":false},{"name":"dth_resp_sys_dise_0_74_yrs_2010_14_sdr","type":"Integer","title":"Deaths From Respiratory System Diseases, 0 To 74 Years 2010 To 2014 SDR","description":"dth_resp_sys_dise_0_74_yrs_2010_14_sdr","stype":"ratio","isDimension":false}],"filter":{"filterType":"tabular","feature":{"key":"lga_code","geoLevel":"lga2016","geoField":"ignored","year":"2006","featureBbox":[140.961681984,-39.159189527500004,149.976679008,-33.9806475865],"featureType":"ste","featureInstance":"2","featureName":"Victoria","referenceSystemIdentifier":"urn:x-ogc:def:crs:EPSG:4283","prefix":"","keyTransform":null},"states":["2"]}}