{"organisation":"TUA_PHIDU","name":"phidu_premature_mortality_by_cause_phn_2010_14","title":"PHIDU - Premature Mortality - Cause (PHN) 2010-2014","legal":{"copyrightYear":"2021","attributionYear":"2021","attribution":"{datasource.organisationTitle}, ({dataset.attributionYear}): {dataset.title}; accessed from SUDO on {dateOfAccess}.","clickthrough":false,"licenceType":"Creative Commons Attribution-NonCommercial-ShareAlike 3.0 Australia (CC BY-NC-SA 3.0 AU)","copyrightNotice":"&copy; {datasource.organisationTitle} {dataset.copyrightYear}","suggestedCitation":"{datasource.organisationTitle}, ({dataset.attributionYear}): {dataset.title}; accessed from SUDO on {dateOfAccess}."},"referenceSystemIdentifier":"urn:x-ogc:def:crs:EPSG:4283","geoLevel":"phn2017","key":"phn_code","keyRegex":null,"availability":"true","geomField":"wkb_geometry","keyword":"HEALTH SCIENCES,Public health","theme":"","temporalExtent":{"beginDate":"2010-01-01T00:00:00","endDate":"2014-12-31T00:00:00","selectTime":false},"type":"dataset","_id":"dataset-TUA_PHIDU-phidu_premature_mortality_by_cause_phn_2010_14-phn2017","bbox":[96.81,-43.75,159.11,-9.14],"abstract":"This dataset, released December 2016, contains statistics for deaths of people aged 0-74 years during the years 2010-2014 based on the following causes: cancer, diabetes, circulatory system diseases, respiratory systems diseases and external causes. The data is by Primary Health Network (PHN) 2017 geographic boundaries based on the 2016 Australian Statistical Geography Standard (ASGS).<br/><br/>\n\nThere are 31 PHNs set up by the Australian Government. Each network is controlled by a board of medical professionals and advised by a clinical council and community advisory committee. The boundaries of the PHNs closely align with the Local Hospital Networks where possible.<br/><br/>\nFor more information please see the <a href=\"http://phidu.torrens.edu.au/data-archive/sha-aust/2015-onwards/phidu_data_sources_notes_2017.pdf\" target=\"_blank\">data source notes</a> on the data. <br/><br/>\n\nSource: Data compiled by PHIDU from deaths data based on the 2010 to 2014 Cause of Death Unit Record Files\nsupplied by the Australian Coordinating Registry and the Victorian Department of Justice, on behalf of the Registries\nof Births, Deaths and Marriages and the National Coronial Information System.<br/><br/> SUDO has spatially enabled the <a href= \"https://phidu.torrens.edu.au/social-health-atlases/data#social-health-atlas-of-australia-primary-health-networks\" target=\"_blank\">original data</a>. Data that was not shown/not applicable/not published/not available for the specific area ('#', '..', '^', 'np, 'n.a.', 'n.y.a.' in original PHIDU data) was removed.It has been replaced by by Blank cells. For other keys and abbreviations refer to <a href=\"https://cloudstor.aarnet.edu.au/plus/s/1ryaKpnBQB6cMCp\" target=\"_blank\">PHIDU Keys</a>.","selectedAttributes":[{"name":"phn_code","type":"String","title":"PHN Code","description":"phn_code","stype":"nominal","isDimension":false},{"name":"dth_obs_pulm_dise_0_74_yrs_2010_14_sig","type":"String","title":"Deaths From Chronic Obstructive Pulmonary Disease, 0 To 74 Years 2010 To 2014 Sig.","description":"dth_obs_pulm_dise_0_74_yrs_2010_14_sig","stype":"ratio","isDimension":false},{"name":"dth_obs_pulm_dise_0_74_yrs_2010_14_sdr_up_95pc_ci","type":"Integer","title":"Deaths From Chronic Obstructive Pulmonary Disease, 0 To 74 Years 2010 To 2014 SDR- upper 95% C.I.","description":"dth_obs_pulm_dise_0_74_yrs_2010_14_sdr_up_95pc_ci","stype":"ratio","isDimension":false},{"name":"dth_obs_pulm_dise_0_74_yrs_2010_14_sdr_lo_95pc_ci","type":"Integer","title":"Deaths From Chronic Obstructive Pulmonary Disease, 0 To 74 Years 2010 To 2014 SDR- lower 95% C.I.","description":"dth_obs_pulm_dise_0_74_yrs_2010_14_sdr_lo_95pc_ci","stype":"ratio","isDimension":false},{"name":"dth_obs_pulm_dise_0_74_yrs_2010_14_sdr","type":"Integer","title":"Deaths From Chronic Obstructive Pulmonary Disease, 0 To 74 Years 2010 To 2014 SDR","description":"dth_obs_pulm_dise_0_74_yrs_2010_14_sdr","stype":"ratio","isDimension":false},{"name":"dth_obs_pulm_dise_0_74_yrs_2010_14_num","type":"Integer","title":"Deaths From Chronic Obstructive Pulmonary Disease, 0 To 74 Years 2010 To 2014 Number","description":"dth_obs_pulm_dise_0_74_yrs_2010_14_num","stype":"ratio","isDimension":false},{"name":"dth_obs_pulm_dise_0_74_yrs_2010_14_asr_100000_up_95pc_ci","type":"Double","title":"Deaths From Chronic Obstructive Pulmonary Disease, 0 To 74 Years 2010 To 2014 Average annual ASR per 100,000- upper 95% C.I.","description":"dth_obs_pulm_dise_0_74_yrs_2010_14_asr_100000_up_95pc_ci","stype":"ratio","isDimension":false},{"name":"dth_obs_pulm_dise_0_74_yrs_2010_14_asr_100000_lo_95pc_ci","type":"Double","title":"Deaths From Chronic Obstructive Pulmonary Disease, 0 To 74 Years 2010 To 2014 Average annual ASR per 100,000- lower 95% C.I.","description":"dth_obs_pulm_dise_0_74_yrs_2010_14_asr_100000_lo_95pc_ci","stype":"ratio","isDimension":false},{"name":"dth_obs_pulm_dise_0_74_yrs_2010_14_asr_100000","type":"Double","title":"Deaths From Chronic Obstructive Pulmonary Disease, 0 To 74 Years 2010 To 2014 Average annual ASR per 100,000","description":"dth_obs_pulm_dise_0_74_yrs_2010_14_asr_100000","stype":"ratio","isDimension":false},{"name":"dth_resp_sys_dise_0_74_yrs_2010_14_sig","type":"String","title":"Deaths From Respiratory System Diseases, 0 To 74 Years 2010 To 2014 Sig.","description":"dth_resp_sys_dise_0_74_yrs_2010_14_sig","stype":"ratio","isDimension":false},{"name":"dth_resp_sys_dise_0_74_yrs_2010_14_sdr_up_95pc_ci","type":"Integer","title":"Deaths From Respiratory System Diseases, 0 To 74 Years 2010 To 2014 SDR- upper 95% C.I.","description":"dth_resp_sys_dise_0_74_yrs_2010_14_sdr_up_95pc_ci","stype":"ratio","isDimension":false},{"name":"dth_resp_sys_dise_0_74_yrs_2010_14_sdr_lo_95pc_ci","type":"Integer","title":"Deaths From Respiratory System Diseases, 0 To 74 Years 2010 To 2014 SDR- lower 95% C.I.","description":"dth_resp_sys_dise_0_74_yrs_2010_14_sdr_lo_95pc_ci","stype":"ratio","isDimension":false},{"name":"dth_resp_sys_dise_0_74_yrs_2010_14_sdr","type":"Integer","title":"Deaths From Respiratory System Diseases, 0 To 74 Years 2010 To 2014 SDR","description":"dth_resp_sys_dise_0_74_yrs_2010_14_sdr","stype":"ratio","isDimension":false},{"name":"dth_resp_sys_dise_0_74_yrs_2010_14_num","type":"Integer","title":"Deaths From Respiratory System Diseases, 0 To 74 Years 2010 To 2014 Number","description":"dth_resp_sys_dise_0_74_yrs_2010_14_num","stype":"ratio","isDimension":false},{"name":"dth_resp_sys_dise_0_74_yrs_2010_14_asr_100000_up_95pc_ci","type":"Double","title":"Deaths From Respiratory System Diseases, 0 To 74 Years 2010 To 2014 Average annual ASR per 100,000- upper 95% C.I.","description":"dth_resp_sys_dise_0_74_yrs_2010_14_asr_100000_up_95pc_ci","stype":"ratio","isDimension":false},{"name":"dth_resp_sys_dise_0_74_yrs_2010_14_asr_100000_lo_95pc_ci","type":"Double","title":"Deaths From Respiratory System Diseases, 0 To 74 Years 2010 To 2014 Average annual ASR per 100,000- lower 95% C.I.","description":"dth_resp_sys_dise_0_74_yrs_2010_14_asr_100000_lo_95pc_ci","stype":"ratio","isDimension":false},{"name":"dth_resp_sys_dise_0_74_yrs_2010_14_asr_100000","type":"Double","title":"Deaths From Respiratory System Diseases, 0 To 74 Years 2010 To 2014 Average annual ASR per 100,000","description":"dth_resp_sys_dise_0_74_yrs_2010_14_asr_100000","stype":"ratio","isDimension":false},{"name":"dth_lung_canc_0_74_yrs_2010_14_sig","type":"String","title":"Deaths From Lung Cancer, 0 To 74 Years 2010 To 2014 Sig.","description":"dth_lung_canc_0_74_yrs_2010_14_sig","stype":"ratio","isDimension":false},{"name":"dth_lung_canc_0_74_yrs_2010_14_sdr_up_95pc_ci","type":"Integer","title":"Deaths From Lung Cancer, 0 To 74 Years 2010 To 2014 SDR- upper 95% C.I.","description":"dth_lung_canc_0_74_yrs_2010_14_sdr_up_95pc_ci","stype":"ratio","isDimension":false},{"name":"dth_lung_canc_0_74_yrs_2010_14_sdr_lo_95pc_ci","type":"Integer","title":"Deaths From Lung Cancer, 0 To 74 Years 2010 To 2014 SDR- lower 95% C.I.","description":"dth_lung_canc_0_74_yrs_2010_14_sdr_lo_95pc_ci","stype":"ratio","isDimension":false},{"name":"dth_lung_canc_0_74_yrs_2010_14_sdr","type":"Integer","title":"Deaths From Lung Cancer, 0 To 74 Years 2010 To 2014 SDR","description":"dth_lung_canc_0_74_yrs_2010_14_sdr","stype":"ratio","isDimension":false},{"name":"dth_lung_canc_0_74_yrs_2010_14_num","type":"Integer","title":"Deaths From Lung Cancer, 0 To 74 Years 2010 To 2014 Number","description":"dth_lung_canc_0_74_yrs_2010_14_num","stype":"ratio","isDimension":false},{"name":"dth_lung_canc_0_74_yrs_2010_14_asr_100000_up_95pc_ci","type":"Double","title":"Deaths From Lung Cancer, 0 To 74 Years 2010 To 2014 Average annual ASR per 100,000- upper 95% C.I.","description":"dth_lung_canc_0_74_yrs_2010_14_asr_100000_up_95pc_ci","stype":"ratio","isDimension":false},{"name":"dth_lung_canc_0_74_yrs_2010_14_asr_100000_lo_95pc_ci","type":"Double","title":"Deaths From Lung Cancer, 0 To 74 Years 2010 To 2014 Average annual ASR per 100,000- lower 95% C.I.","description":"dth_lung_canc_0_74_yrs_2010_14_asr_100000_lo_95pc_ci","stype":"ratio","isDimension":false},{"name":"dth_lung_canc_0_74_yrs_2010_14_asr_100000","type":"Double","title":"Deaths From Lung Cancer, 0 To 74 Years 2010 To 2014 Average annual ASR per 100,000","description":"dth_lung_canc_0_74_yrs_2010_14_asr_100000","stype":"ratio","isDimension":false},{"name":"dth_circ_sys_dise_0_74_yrs_2010_14_sig","type":"String","title":"Deaths From Circulatory System Diseases, 0 To 74 Years 2010 To 2014 Sig.","description":"dth_circ_sys_dise_0_74_yrs_2010_14_sig","stype":"ratio","isDimension":false},{"name":"dth_circ_sys_dise_0_74_yrs_2010_14_sdr_up_95pc_ci","type":"Integer","title":"Deaths From Circulatory System Diseases, 0 To 74 Years 2010 To 2014 SDR- upper 95% C.I.","description":"dth_circ_sys_dise_0_74_yrs_2010_14_sdr_up_95pc_ci","stype":"ratio","isDimension":false},{"name":"dth_circ_sys_dise_0_74_yrs_2010_14_sdr_lo_95pc_ci","type":"Integer","title":"Deaths From Circulatory System Diseases, 0 To 74 Years 2010 To 2014 SDR- lower 95% C.I.","description":"dth_circ_sys_dise_0_74_yrs_2010_14_sdr_lo_95pc_ci","stype":"ratio","isDimension":false},{"name":"dth_circ_sys_dise_0_74_yrs_2010_14_sdr","type":"Integer","title":"Deaths From Circulatory System Diseases, 0 To 74 Years 2010 To 2014 SDR","description":"dth_circ_sys_dise_0_74_yrs_2010_14_sdr","stype":"ratio","isDimension":false},{"name":"dth_circ_sys_dise_0_74_yrs_2010_14_num","type":"Integer","title":"Deaths From Circulatory System Diseases, 0 To 74 Years 2010 To 2014 Number","description":"dth_circ_sys_dise_0_74_yrs_2010_14_num","stype":"ratio","isDimension":false},{"name":"dth_circ_sys_dise_0_74_yrs_2010_14_asr_100000_up_95pc_ci","type":"Double","title":"Deaths From Circulatory System Diseases, 0 To 74 Years 2010 To 2014 Average annual ASR per 100,000- upper 95% C.I.","description":"dth_circ_sys_dise_0_74_yrs_2010_14_asr_100000_up_95pc_ci","stype":"ratio","isDimension":false},{"name":"dth_circ_sys_dise_0_74_yrs_2010_14_asr_100000_lo_95pc_ci","type":"Double","title":"Deaths From Circulatory System Diseases, 0 To 74 Years 2010 To 2014 Average annual ASR per 100,000- lower 95% C.I.","description":"dth_circ_sys_dise_0_74_yrs_2010_14_asr_100000_lo_95pc_ci","stype":"ratio","isDimension":false},{"name":"dth_circ_sys_dise_0_74_yrs_2010_14_asr_100000","type":"Double","title":"Deaths From Circulatory System Diseases, 0 To 74 Years 2010 To 2014 Average annual ASR per 100,000","description":"dth_circ_sys_dise_0_74_yrs_2010_14_asr_100000","stype":"ratio","isDimension":false},{"name":"dth_canc_0_74_yrs_2010_14_sig","type":"String","title":"Deaths From Cancer, 0 To 74 Years 2010 To 2014 Sig.","description":"dth_canc_0_74_yrs_2010_14_sig","stype":"ratio","isDimension":false},{"name":"dth_canc_0_74_yrs_2010_14_sdr_up_95pc_ci","type":"Integer","title":"Deaths From Cancer, 0 To 74 Years 2010 To 2014 SDR- upper 95% C.I.","description":"dth_canc_0_74_yrs_2010_14_sdr_up_95pc_ci","stype":"ratio","isDimension":false},{"name":"dth_canc_0_74_yrs_2010_14_sdr_lo_95pc_ci","type":"Integer","title":"Deaths From Cancer, 0 To 74 Years 2010 To 2014 SDR- lower 95% C.I.","description":"dth_canc_0_74_yrs_2010_14_sdr_lo_95pc_ci","stype":"ratio","isDimension":false},{"name":"dth_canc_0_74_yrs_2010_14_sdr","type":"Integer","title":"Deaths From Cancer, 0 To 74 Years 2010 To 2014 SDR","description":"dth_canc_0_74_yrs_2010_14_sdr","stype":"ratio","isDimension":false},{"name":"dth_canc_0_74_yrs_2010_14_num","type":"Integer","title":"Deaths From Cancer, 0 To 74 Years 2010 To 2014 Number","description":"dth_canc_0_74_yrs_2010_14_num","stype":"ratio","isDimension":false},{"name":"dth_canc_0_74_yrs_2010_14_asr_100000_up_95pc_ci","type":"Double","title":"Deaths From Cancer, 0 To 74 Years 2010 To 2014 Average annual ASR per 100,000- upper 95% C.I.","description":"dth_canc_0_74_yrs_2010_14_asr_100000_up_95pc_ci","stype":"ratio","isDimension":false},{"name":"dth_canc_0_74_yrs_2010_14_asr_100000_lo_95pc_ci","type":"Double","title":"Deaths From Cancer, 0 To 74 Years 2010 To 2014 Average annual ASR per 100,000- lower 95% C.I.","description":"dth_canc_0_74_yrs_2010_14_asr_100000_lo_95pc_ci","stype":"ratio","isDimension":false},{"name":"dth_canc_0_74_yrs_2010_14_asr_100000","type":"Double","title":"Deaths From Cancer, 0 To 74 Years 2010 To 2014 Average annual ASR per 100,000","description":"dth_canc_0_74_yrs_2010_14_asr_100000","stype":"ratio","isDimension":false}],"filter":{"filterType":"tabular","feature":{"key":"phn_code","geoLevel":"phn2017","geoField":"ignored","year":"2006","featureBbox":[96.81676569599999,-43.740509603,159.109219008,-9.142175977],"featureType":"country","featureInstance":"au","featureName":"Australia","referenceSystemIdentifier":"urn:x-ogc:def:crs:EPSG:4283","prefix":"","keyTransform":null},"states":[]}}