{"type":"FeatureCollection","bbox":[0.0,0.0,-1.0,-1.0],"features":[{"type":"Feature","properties":{"dth_canc_0_74_yrs_2010_14_asr_100000":87.5,"dth_obs_pulm_dise_0_74_yrs_2010_14_sig":"**","dth_obs_pulm_dise_0_74_yrs_2010_14_asr_100000":5.5,"dth_lung_canc_0_74_yrs_2010_14_sdr":90,"dth_circ_sys_dise_0_74_yrs_2010_14_asr_100000":38.9,"dth_obs_pulm_dise_0_74_yrs_2010_14_asr_100000_lo_95pc_ci":4.9,"dth_resp_sys_dise_0_74_yrs_2010_14_sdr_up_95pc_ci":83,"dth_lung_canc_0_74_yrs_2010_14_sdr_lo_95pc_ci":85,"dth_obs_pulm_dise_0_74_yrs_2010_14_asr_100000_up_95pc_ci":6.1,"dth_lung_canc_0_74_yrs_2010_14_asr_100000":18.9,"dth_resp_sys_dise_0_74_yrs_2010_14_sdr_lo_95pc_ci":72,"dth_resp_sys_dise_0_74_yrs_2010_14_asr_100000_up_95pc_ci":12.3,"dth_resp_sys_dise_0_74_yrs_2010_14_asr_100000_lo_95pc_ci":10.6,"dth_canc_0_74_yrs_2010_14_sdr":87,"dth_resp_sys_dise_0_74_yrs_2010_14_sig":"**","dth_circ_sys_dise_0_74_yrs_2010_14_asr_100000_up_95pc_ci":40.5,"dth_canc_0_74_yrs_2010_14_asr_100000_lo_95pc_ci":85.1,"dth_obs_pulm_dise_0_74_yrs_2010_14_num":316,"dth_resp_sys_dise_0_74_yrs_2010_14_num":697,"dth_obs_pulm_dise_0_74_yrs_2010_14_sdr":65,"dth_canc_0_74_yrs_2010_14_sdr_up_95pc_ci":89,"dth_lung_canc_0_74_yrs_2010_14_sig":"**","dth_circ_sys_dise_0_74_yrs_2010_14_sdr":85,"dth_lung_canc_0_74_yrs_2010_14_asr_100000_up_95pc_ci":20.0,"dth_lung_canc_0_74_yrs_2010_14_sdr_up_95pc_ci":95,"phn_code":"PHN101","dth_canc_0_74_yrs_2010_14_asr_100000_up_95pc_ci":89.8,"dth_resp_sys_dise_0_74_yrs_2010_14_sdr":77,"dth_obs_pulm_dise_0_74_yrs_2010_14_sdr_up_95pc_ci":72,"dth_lung_canc_0_74_yrs_2010_14_asr_100000_lo_95pc_ci":17.8,"dth_circ_sys_dise_0_74_yrs_2010_14_sdr_lo_95pc_ci":82,"dth_circ_sys_dise_0_74_yrs_2010_14_sig":"**","dth_obs_pulm_dise_0_74_yrs_2010_14_sdr_lo_95pc_ci":58,"dth_canc_0_74_yrs_2010_14_num":5361,"dth_canc_0_74_yrs_2010_14_sig":"**","dth_resp_sys_dise_0_74_yrs_2010_14_asr_100000":11.4,"dth_canc_0_74_yrs_2010_14_sdr_lo_95pc_ci":85,"dth_circ_sys_dise_0_74_yrs_2010_14_asr_100000_lo_95pc_ci":37.4,"dth_lung_canc_0_74_yrs_2010_14_num":1143,"dth_circ_sys_dise_0_74_yrs_2010_14_sdr_up_95pc_ci":89,"dth_circ_sys_dise_0_74_yrs_2010_14_num":2403},"id":"phidu_premature_mortality_by_cause_phn_2010_14.PHN101"},{"type":"Feature","properties":{"dth_canc_0_74_yrs_2010_14_asr_100000":78.5,"dth_obs_pulm_dise_0_74_yrs_2010_14_sig":"**","dth_obs_pulm_dise_0_74_yrs_2010_14_asr_100000":3.5,"dth_lung_canc_0_74_yrs_2010_14_sdr":64,"dth_circ_sys_dise_0_74_yrs_2010_14_asr_100000":24.6,"dth_obs_pulm_dise_0_74_yrs_2010_14_asr_100000_lo_95pc_ci":3.0,"dth_resp_sys_dise_0_74_yrs_2010_14_sdr_up_95pc_ci":56,"dth_lung_canc_0_74_yrs_2010_14_sdr_lo_95pc_ci":58,"dth_obs_pulm_dise_0_74_yrs_2010_14_asr_100000_up_95pc_ci":4.1,"dth_lung_canc_0_74_yrs_2010_14_asr_100000":13.4,"dth_resp_sys_dise_0_74_yrs_2010_14_sdr_lo_95pc_ci":44,"dth_resp_sys_dise_0_74_yrs_2010_14_asr_100000_up_95pc_ci":8.2,"dth_resp_sys_dise_0_74_yrs_2010_14_asr_100000_lo_95pc_ci":6.5,"dth_canc_0_74_yrs_2010_14_sdr":78,"dth_resp_sys_dise_0_74_yrs_2010_14_sig":"**","dth_circ_sys_dise_0_74_yrs_2010_14_asr_100000_up_95pc_ci":26.2,"dth_canc_0_74_yrs_2010_14_asr_100000_lo_95pc_ci":75.8,"dth_obs_pulm_dise_0_74_yrs_2010_14_num":143,"dth_resp_sys_dise_0_74_yrs_2010_14_num":286,"dth_obs_pulm_dise_0_74_yrs_2010_14_sdr":42,"dth_canc_0_74_yrs_2010_14_sdr_up_95pc_ci":81,"dth_lung_canc_0_74_yrs_2010_14_sig":"**","dth_circ_sys_dise_0_74_yrs_2010_14_sdr":54,"dth_lung_canc_0_74_yrs_2010_14_asr_100000_up_95pc_ci":14.5,"dth_lung_canc_0_74_yrs_2010_14_sdr_up_95pc_ci":69,"phn_code":"PHN102","dth_canc_0_74_yrs_2010_14_asr_100000_up_95pc_ci":81.2,"dth_resp_sys_dise_0_74_yrs_2010_14_sdr":50,"dth_obs_pulm_dise_0_74_yrs_2010_14_sdr_up_95pc_ci":49,"dth_lung_canc_0_74_yrs_2010_14_asr_100000_lo_95pc_ci":12.3,"dth_circ_sys_dise_0_74_yrs_2010_14_sdr_lo_95pc_ci":51,"dth_circ_sys_dise_0_74_yrs_2010_14_sig":"**","dth_obs_pulm_dise_0_74_yrs_2010_14_sdr_lo_95pc_ci":35,"dth_canc_0_74_yrs_2010_14_num":3182,"dth_canc_0_74_yrs_2010_14_sig":"**","dth_resp_sys_dise_0_74_yrs_2010_14_asr_100000":7.4,"dth_canc_0_74_yrs_2010_14_sdr_lo_95pc_ci":75,"dth_circ_sys_dise_0_74_yrs_2010_14_asr_100000_lo_95pc_ci":23.1,"dth_lung_canc_0_74_yrs_2010_14_num":541,"dth_circ_sys_dise_0_74_yrs_2010_14_sdr_up_95pc_ci":57,"dth_circ_sys_dise_0_74_yrs_2010_14_num":1000},"id":"phidu_premature_mortality_by_cause_phn_2010_14.PHN102"},{"type":"Feature","properties":{"dth_canc_0_74_yrs_2010_14_asr_100000":95.6,"dth_obs_pulm_dise_0_74_yrs_2010_14_sig":"**","dth_obs_pulm_dise_0_74_yrs_2010_14_asr_100000":7.1,"dth_lung_canc_0_74_yrs_2010_14_sdr":93,"dth_circ_sys_dise_0_74_yrs_2010_14_asr_100000":47.3,"dth_obs_pulm_dise_0_74_yrs_2010_14_asr_100000_lo_95pc_ci":6.2,"dth_resp_sys_dise_0_74_yrs_2010_14_sdr_up_95pc_ci":109,"dth_lung_canc_0_74_yrs_2010_14_sdr_lo_95pc_ci":86,"dth_obs_pulm_dise_0_74_yrs_2010_14_asr_100000_up_95pc_ci":8.0,"dth_lung_canc_0_74_yrs_2010_14_asr_100000":19.6,"dth_resp_sys_dise_0_74_yrs_2010_14_sdr_lo_95pc_ci":91,"dth_resp_sys_dise_0_74_yrs_2010_14_asr_100000_up_95pc_ci":16.0,"dth_resp_sys_dise_0_74_yrs_2010_14_asr_100000_lo_95pc_ci":13.5,"dth_canc_0_74_yrs_2010_14_sdr":95,"dth_resp_sys_dise_0_74_yrs_2010_14_sig":null,"dth_circ_sys_dise_0_74_yrs_2010_14_asr_100000_up_95pc_ci":49.6,"dth_canc_0_74_yrs_2010_14_asr_100000_lo_95pc_ci":92.4,"dth_obs_pulm_dise_0_74_yrs_2010_14_num":234,"dth_resp_sys_dise_0_74_yrs_2010_14_num":502,"dth_obs_pulm_dise_0_74_yrs_2010_14_sdr":83,"dth_canc_0_74_yrs_2010_14_sdr_up_95pc_ci":98,"dth_lung_canc_0_74_yrs_2010_14_sig":null,"dth_circ_sys_dise_0_74_yrs_2010_14_sdr":104,"dth_lung_canc_0_74_yrs_2010_14_asr_100000_up_95pc_ci":21.1,"dth_lung_canc_0_74_yrs_2010_14_sdr_up_95pc_ci":100,"phn_code":"PHN103","dth_canc_0_74_yrs_2010_14_asr_100000_up_95pc_ci":98.9,"dth_resp_sys_dise_0_74_yrs_2010_14_sdr":100,"dth_obs_pulm_dise_0_74_yrs_2010_14_sdr_up_95pc_ci":94,"dth_lung_canc_0_74_yrs_2010_14_asr_100000_lo_95pc_ci":18.1,"dth_circ_sys_dise_0_74_yrs_2010_14_sdr_lo_95pc_ci":99,"dth_circ_sys_dise_0_74_yrs_2010_14_sig":null,"dth_obs_pulm_dise_0_74_yrs_2010_14_sdr_lo_95pc_ci":73,"dth_canc_0_74_yrs_2010_14_num":3311,"dth_canc_0_74_yrs_2010_14_sig":"**","dth_resp_sys_dise_0_74_yrs_2010_14_asr_100000":14.8,"dth_canc_0_74_yrs_2010_14_sdr_lo_95pc_ci":92,"dth_circ_sys_dise_0_74_yrs_2010_14_asr_100000_lo_95pc_ci":45.0,"dth_lung_canc_0_74_yrs_2010_14_num":666,"dth_circ_sys_dise_0_74_yrs_2010_14_sdr_up_95pc_ci":109,"dth_circ_sys_dise_0_74_yrs_2010_14_num":1642},"id":"phidu_premature_mortality_by_cause_phn_2010_14.PHN103"},{"type":"Feature","properties":{"dth_canc_0_74_yrs_2010_14_asr_100000":100.6,"dth_obs_pulm_dise_0_74_yrs_2010_14_sig":null,"dth_obs_pulm_dise_0_74_yrs_2010_14_asr_100000":9.7,"dth_lung_canc_0_74_yrs_2010_14_sdr":92,"dth_circ_sys_dise_0_74_yrs_2010_14_asr_100000":51.5,"dth_obs_pulm_dise_0_74_yrs_2010_14_asr_100000_lo_95pc_ci":8.2,"dth_resp_sys_dise_0_74_yrs_2010_14_sdr_up_95pc_ci":134,"dth_lung_canc_0_74_yrs_2010_14_sdr_lo_95pc_ci":82,"dth_obs_pulm_dise_0_74_yrs_2010_14_asr_100000_up_95pc_ci":11.3,"dth_lung_canc_0_74_yrs_2010_14_asr_100000":19.3,"dth_resp_sys_dise_0_74_yrs_2010_14_sdr_lo_95pc_ci":106,"dth_resp_sys_dise_0_74_yrs_2010_14_asr_100000_up_95pc_ci":19.8,"dth_resp_sys_dise_0_74_yrs_2010_14_asr_100000_lo_95pc_ci":15.6,"dth_canc_0_74_yrs_2010_14_sdr":100,"dth_resp_sys_dise_0_74_yrs_2010_14_sig":"**","dth_circ_sys_dise_0_74_yrs_2010_14_asr_100000_up_95pc_ci":55.0,"dth_canc_0_74_yrs_2010_14_asr_100000_lo_95pc_ci":95.7,"dth_obs_pulm_dise_0_74_yrs_2010_14_num":155,"dth_resp_sys_dise_0_74_yrs_2010_14_num":284,"dth_obs_pulm_dise_0_74_yrs_2010_14_sdr":115,"dth_canc_0_74_yrs_2010_14_sdr_up_95pc_ci":105,"dth_lung_canc_0_74_yrs_2010_14_sig":null,"dth_circ_sys_dise_0_74_yrs_2010_14_sdr":113,"dth_lung_canc_0_74_yrs_2010_14_asr_100000_up_95pc_ci":21.5,"dth_lung_canc_0_74_yrs_2010_14_sdr_up_95pc_ci":102,"phn_code":"PHN104","dth_canc_0_74_yrs_2010_14_asr_100000_up_95pc_ci":105.5,"dth_resp_sys_dise_0_74_yrs_2010_14_sdr":120,"dth_obs_pulm_dise_0_74_yrs_2010_14_sdr_up_95pc_ci":133,"dth_lung_canc_0_74_yrs_2010_14_asr_100000_lo_95pc_ci":17.2,"dth_circ_sys_dise_0_74_yrs_2010_14_sdr_lo_95pc_ci":105,"dth_circ_sys_dise_0_74_yrs_2010_14_sig":"**","dth_obs_pulm_dise_0_74_yrs_2010_14_sdr_lo_95pc_ci":97,"dth_canc_0_74_yrs_2010_14_num":1648,"dth_canc_0_74_yrs_2010_14_sig":null,"dth_resp_sys_dise_0_74_yrs_2010_14_asr_100000":17.7,"dth_canc_0_74_yrs_2010_14_sdr_lo_95pc_ci":95,"dth_circ_sys_dise_0_74_yrs_2010_14_asr_100000_lo_95pc_ci":48.0,"dth_lung_canc_0_74_yrs_2010_14_num":316,"dth_circ_sys_dise_0_74_yrs_2010_14_sdr_up_95pc_ci":121,"dth_circ_sys_dise_0_74_yrs_2010_14_num":839},"id":"phidu_premature_mortality_by_cause_phn_2010_14.PHN104"},{"type":"Feature","properties":{"dth_canc_0_74_yrs_2010_14_asr_100000":103.1,"dth_obs_pulm_dise_0_74_yrs_2010_14_sig":null,"dth_obs_pulm_dise_0_74_yrs_2010_14_asr_100000":7.5,"dth_lung_canc_0_74_yrs_2010_14_sdr":103,"dth_circ_sys_dise_0_74_yrs_2010_14_asr_100000":49.3,"dth_obs_pulm_dise_0_74_yrs_2010_14_asr_100000_lo_95pc_ci":6.7,"dth_resp_sys_dise_0_74_yrs_2010_14_sdr_up_95pc_ci":107,"dth_lung_canc_0_74_yrs_2010_14_sdr_lo_95pc_ci":96,"dth_obs_pulm_dise_0_74_yrs_2010_14_asr_100000_up_95pc_ci":8.4,"dth_lung_canc_0_74_yrs_2010_14_asr_100000":21.7,"dth_resp_sys_dise_0_74_yrs_2010_14_sdr_lo_95pc_ci":91,"dth_resp_sys_dise_0_74_yrs_2010_14_asr_100000_up_95pc_ci":15.8,"dth_resp_sys_dise_0_74_yrs_2010_14_asr_100000_lo_95pc_ci":13.4,"dth_canc_0_74_yrs_2010_14_sdr":102,"dth_resp_sys_dise_0_74_yrs_2010_14_sig":null,"dth_circ_sys_dise_0_74_yrs_2010_14_asr_100000_up_95pc_ci":51.5,"dth_canc_0_74_yrs_2010_14_asr_100000_lo_95pc_ci":99.9,"dth_obs_pulm_dise_0_74_yrs_2010_14_num":279,"dth_resp_sys_dise_0_74_yrs_2010_14_num":547,"dth_obs_pulm_dise_0_74_yrs_2010_14_sdr":89,"dth_canc_0_74_yrs_2010_14_sdr_up_95pc_ci":106,"dth_lung_canc_0_74_yrs_2010_14_sig":null,"dth_circ_sys_dise_0_74_yrs_2010_14_sdr":108,"dth_lung_canc_0_74_yrs_2010_14_asr_100000_up_95pc_ci":23.1,"dth_lung_canc_0_74_yrs_2010_14_sdr_up_95pc_ci":110,"phn_code":"PHN105","dth_canc_0_74_yrs_2010_14_asr_100000_up_95pc_ci":106.3,"dth_resp_sys_dise_0_74_yrs_2010_14_sdr":99,"dth_obs_pulm_dise_0_74_yrs_2010_14_sdr_up_95pc_ci":100,"dth_lung_canc_0_74_yrs_2010_14_asr_100000_lo_95pc_ci":20.2,"dth_circ_sys_dise_0_74_yrs_2010_14_sdr_lo_95pc_ci":103,"dth_circ_sys_dise_0_74_yrs_2010_14_sig":"**","dth_obs_pulm_dise_0_74_yrs_2010_14_sdr_lo_95pc_ci":79,"dth_canc_0_74_yrs_2010_14_num":3926,"dth_canc_0_74_yrs_2010_14_sig":null,"dth_resp_sys_dise_0_74_yrs_2010_14_asr_100000":14.6,"dth_canc_0_74_yrs_2010_14_sdr_lo_95pc_ci":99,"dth_circ_sys_dise_0_74_yrs_2010_14_asr_100000_lo_95pc_ci":47.0,"dth_lung_canc_0_74_yrs_2010_14_num":817,"dth_circ_sys_dise_0_74_yrs_2010_14_sdr_up_95pc_ci":113,"dth_circ_sys_dise_0_74_yrs_2010_14_num":1875},"id":"phidu_premature_mortality_by_cause_phn_2010_14.PHN105"},{"type":"Feature","properties":{"dth_canc_0_74_yrs_2010_14_asr_100000":108.8,"dth_obs_pulm_dise_0_74_yrs_2010_14_sig":"**","dth_obs_pulm_dise_0_74_yrs_2010_14_asr_100000":10.4,"dth_lung_canc_0_74_yrs_2010_14_sdr":122,"dth_circ_sys_dise_0_74_yrs_2010_14_asr_100000":46.7,"dth_obs_pulm_dise_0_74_yrs_2010_14_asr_100000_lo_95pc_ci":9.3,"dth_resp_sys_dise_0_74_yrs_2010_14_sdr_up_95pc_ci":121,"dth_lung_canc_0_74_yrs_2010_14_sdr_lo_95pc_ci":114,"dth_obs_pulm_dise_0_74_yrs_2010_14_asr_100000_up_95pc_ci":11.5,"dth_lung_canc_0_74_yrs_2010_14_asr_100000":25.7,"dth_resp_sys_dise_0_74_yrs_2010_14_sdr_lo_95pc_ci":102,"dth_resp_sys_dise_0_74_yrs_2010_14_asr_100000_up_95pc_ci":17.9,"dth_resp_sys_dise_0_74_yrs_2010_14_asr_100000_lo_95pc_ci":15.1,"dth_canc_0_74_yrs_2010_14_sdr":108,"dth_resp_sys_dise_0_74_yrs_2010_14_sig":"**","dth_circ_sys_dise_0_74_yrs_2010_14_asr_100000_up_95pc_ci":49.0,"dth_canc_0_74_yrs_2010_14_asr_100000_lo_95pc_ci":105.2,"dth_obs_pulm_dise_0_74_yrs_2010_14_num":352,"dth_resp_sys_dise_0_74_yrs_2010_14_num":547,"dth_obs_pulm_dise_0_74_yrs_2010_14_sdr":123,"dth_canc_0_74_yrs_2010_14_sdr_up_95pc_ci":112,"dth_lung_canc_0_74_yrs_2010_14_sig":"**","dth_circ_sys_dise_0_74_yrs_2010_14_sdr":102,"dth_lung_canc_0_74_yrs_2010_14_asr_100000_up_95pc_ci":27.4,"dth_lung_canc_0_74_yrs_2010_14_sdr_up_95pc_ci":130,"phn_code":"PHN106","dth_canc_0_74_yrs_2010_14_asr_100000_up_95pc_ci":112.4,"dth_resp_sys_dise_0_74_yrs_2010_14_sdr":112,"dth_obs_pulm_dise_0_74_yrs_2010_14_sdr_up_95pc_ci":136,"dth_lung_canc_0_74_yrs_2010_14_asr_100000_lo_95pc_ci":23.9,"dth_circ_sys_dise_0_74_yrs_2010_14_sdr_lo_95pc_ci":97,"dth_circ_sys_dise_0_74_yrs_2010_14_sig":null,"dth_obs_pulm_dise_0_74_yrs_2010_14_sdr_lo_95pc_ci":110,"dth_canc_0_74_yrs_2010_14_num":3533,"dth_canc_0_74_yrs_2010_14_sig":"**","dth_resp_sys_dise_0_74_yrs_2010_14_asr_100000":16.5,"dth_canc_0_74_yrs_2010_14_sdr_lo_95pc_ci":105,"dth_circ_sys_dise_0_74_yrs_2010_14_asr_100000_lo_95pc_ci":44.3,"dth_lung_canc_0_74_yrs_2010_14_num":848,"dth_circ_sys_dise_0_74_yrs_2010_14_sdr_up_95pc_ci":108,"dth_circ_sys_dise_0_74_yrs_2010_14_num":1512},"id":"phidu_premature_mortality_by_cause_phn_2010_14.PHN106"},{"type":"Feature","properties":{"dth_canc_0_74_yrs_2010_14_asr_100000":119.1,"dth_obs_pulm_dise_0_74_yrs_2010_14_sig":"**","dth_obs_pulm_dise_0_74_yrs_2010_14_asr_100000":16.3,"dth_lung_canc_0_74_yrs_2010_14_sdr":136,"dth_circ_sys_dise_0_74_yrs_2010_14_asr_100000":66.8,"dth_obs_pulm_dise_0_74_yrs_2010_14_asr_100000_lo_95pc_ci":14.4,"dth_resp_sys_dise_0_74_yrs_2010_14_sdr_up_95pc_ci":188,"dth_lung_canc_0_74_yrs_2010_14_sdr_lo_95pc_ci":123,"dth_obs_pulm_dise_0_74_yrs_2010_14_asr_100000_up_95pc_ci":18.3,"dth_lung_canc_0_74_yrs_2010_14_asr_100000":28.5,"dth_resp_sys_dise_0_74_yrs_2010_14_sdr_lo_95pc_ci":155,"dth_resp_sys_dise_0_74_yrs_2010_14_asr_100000_up_95pc_ci":27.8,"dth_resp_sys_dise_0_74_yrs_2010_14_asr_100000_lo_95pc_ci":22.9,"dth_canc_0_74_yrs_2010_14_sdr":118,"dth_resp_sys_dise_0_74_yrs_2010_14_sig":"**","dth_circ_sys_dise_0_74_yrs_2010_14_asr_100000_up_95pc_ci":70.8,"dth_canc_0_74_yrs_2010_14_asr_100000_lo_95pc_ci":113.8,"dth_obs_pulm_dise_0_74_yrs_2010_14_num":270,"dth_resp_sys_dise_0_74_yrs_2010_14_num":412,"dth_obs_pulm_dise_0_74_yrs_2010_14_sdr":193,"dth_canc_0_74_yrs_2010_14_sdr_up_95pc_ci":124,"dth_lung_canc_0_74_yrs_2010_14_sig":"**","dth_circ_sys_dise_0_74_yrs_2010_14_sdr":146,"dth_lung_canc_0_74_yrs_2010_14_asr_100000_up_95pc_ci":31.1,"dth_lung_canc_0_74_yrs_2010_14_sdr_up_95pc_ci":148,"phn_code":"PHN107","dth_canc_0_74_yrs_2010_14_asr_100000_up_95pc_ci":124.5,"dth_resp_sys_dise_0_74_yrs_2010_14_sdr":172,"dth_obs_pulm_dise_0_74_yrs_2010_14_sdr_up_95pc_ci":216,"dth_lung_canc_0_74_yrs_2010_14_asr_100000_lo_95pc_ci":25.9,"dth_circ_sys_dise_0_74_yrs_2010_14_sdr_lo_95pc_ci":138,"dth_circ_sys_dise_0_74_yrs_2010_14_sig":"**","dth_obs_pulm_dise_0_74_yrs_2010_14_sdr_lo_95pc_ci":170,"dth_canc_0_74_yrs_2010_14_num":1901,"dth_canc_0_74_yrs_2010_14_sig":"**","dth_resp_sys_dise_0_74_yrs_2010_14_asr_100000":25.3,"dth_canc_0_74_yrs_2010_14_sdr_lo_95pc_ci":113,"dth_circ_sys_dise_0_74_yrs_2010_14_asr_100000_lo_95pc_ci":62.8,"dth_lung_canc_0_74_yrs_2010_14_num":462,"dth_circ_sys_dise_0_74_yrs_2010_14_sdr_up_95pc_ci":155,"dth_circ_sys_dise_0_74_yrs_2010_14_num":1061},"id":"phidu_premature_mortality_by_cause_phn_2010_14.PHN107"},{"type":"Feature","properties":{"dth_canc_0_74_yrs_2010_14_asr_100000":115.1,"dth_obs_pulm_dise_0_74_yrs_2010_14_sig":"**","dth_obs_pulm_dise_0_74_yrs_2010_14_asr_100000":11.2,"dth_lung_canc_0_74_yrs_2010_14_sdr":117,"dth_circ_sys_dise_0_74_yrs_2010_14_asr_100000":51.7,"dth_obs_pulm_dise_0_74_yrs_2010_14_asr_100000_lo_95pc_ci":10.4,"dth_resp_sys_dise_0_74_yrs_2010_14_sdr_up_95pc_ci":136,"dth_lung_canc_0_74_yrs_2010_14_sdr_lo_95pc_ci":111,"dth_obs_pulm_dise_0_74_yrs_2010_14_asr_100000_up_95pc_ci":12.0,"dth_lung_canc_0_74_yrs_2010_14_asr_100000":24.7,"dth_resp_sys_dise_0_74_yrs_2010_14_sdr_lo_95pc_ci":122,"dth_resp_sys_dise_0_74_yrs_2010_14_asr_100000_up_95pc_ci":20.1,"dth_resp_sys_dise_0_74_yrs_2010_14_asr_100000_lo_95pc_ci":18.0,"dth_canc_0_74_yrs_2010_14_sdr":114,"dth_resp_sys_dise_0_74_yrs_2010_14_sig":"**","dth_circ_sys_dise_0_74_yrs_2010_14_asr_100000_up_95pc_ci":53.4,"dth_canc_0_74_yrs_2010_14_asr_100000_lo_95pc_ci":112.5,"dth_obs_pulm_dise_0_74_yrs_2010_14_num":758,"dth_resp_sys_dise_0_74_yrs_2010_14_num":1259,"dth_obs_pulm_dise_0_74_yrs_2010_14_sdr":133,"dth_canc_0_74_yrs_2010_14_sdr_up_95pc_ci":117,"dth_lung_canc_0_74_yrs_2010_14_sig":"**","dth_circ_sys_dise_0_74_yrs_2010_14_sdr":113,"dth_lung_canc_0_74_yrs_2010_14_asr_100000_up_95pc_ci":25.9,"dth_lung_canc_0_74_yrs_2010_14_sdr_up_95pc_ci":123,"phn_code":"PHN108","dth_canc_0_74_yrs_2010_14_asr_100000_up_95pc_ci":117.7,"dth_resp_sys_dise_0_74_yrs_2010_14_sdr":129,"dth_obs_pulm_dise_0_74_yrs_2010_14_sdr_up_95pc_ci":142,"dth_lung_canc_0_74_yrs_2010_14_asr_100000_lo_95pc_ci":23.5,"dth_circ_sys_dise_0_74_yrs_2010_14_sdr_lo_95pc_ci":109,"dth_circ_sys_dise_0_74_yrs_2010_14_sig":"**","dth_obs_pulm_dise_0_74_yrs_2010_14_sdr_lo_95pc_ci":123,"dth_canc_0_74_yrs_2010_14_num":7457,"dth_canc_0_74_yrs_2010_14_sig":"**","dth_resp_sys_dise_0_74_yrs_2010_14_asr_100000":19.0,"dth_canc_0_74_yrs_2010_14_sdr_lo_95pc_ci":112,"dth_circ_sys_dise_0_74_yrs_2010_14_asr_100000_lo_95pc_ci":49.9,"dth_lung_canc_0_74_yrs_2010_14_num":1615,"dth_circ_sys_dise_0_74_yrs_2010_14_sdr_up_95pc_ci":117,"dth_circ_sys_dise_0_74_yrs_2010_14_num":3340},"id":"phidu_premature_mortality_by_cause_phn_2010_14.PHN108"},{"type":"Feature","properties":{"dth_canc_0_74_yrs_2010_14_asr_100000":115.7,"dth_obs_pulm_dise_0_74_yrs_2010_14_sig":"**","dth_obs_pulm_dise_0_74_yrs_2010_14_asr_100000":10.4,"dth_lung_canc_0_74_yrs_2010_14_sdr":120,"dth_circ_sys_dise_0_74_yrs_2010_14_asr_100000":46.7,"dth_obs_pulm_dise_0_74_yrs_2010_14_asr_100000_lo_95pc_ci":9.2,"dth_resp_sys_dise_0_74_yrs_2010_14_sdr_up_95pc_ci":129,"dth_lung_canc_0_74_yrs_2010_14_sdr_lo_95pc_ci":111,"dth_obs_pulm_dise_0_74_yrs_2010_14_asr_100000_up_95pc_ci":11.5,"dth_lung_canc_0_74_yrs_2010_14_asr_100000":25.2,"dth_resp_sys_dise_0_74_yrs_2010_14_sdr_lo_95pc_ci":109,"dth_resp_sys_dise_0_74_yrs_2010_14_asr_100000_up_95pc_ci":19.1,"dth_resp_sys_dise_0_74_yrs_2010_14_asr_100000_lo_95pc_ci":16.1,"dth_canc_0_74_yrs_2010_14_sdr":115,"dth_resp_sys_dise_0_74_yrs_2010_14_sig":"**","dth_circ_sys_dise_0_74_yrs_2010_14_asr_100000_up_95pc_ci":49.1,"dth_canc_0_74_yrs_2010_14_asr_100000_lo_95pc_ci":111.9,"dth_obs_pulm_dise_0_74_yrs_2010_14_num":327,"dth_resp_sys_dise_0_74_yrs_2010_14_num":540,"dth_obs_pulm_dise_0_74_yrs_2010_14_sdr":122,"dth_canc_0_74_yrs_2010_14_sdr_up_95pc_ci":119,"dth_lung_canc_0_74_yrs_2010_14_sig":"**","dth_circ_sys_dise_0_74_yrs_2010_14_sdr":102,"dth_lung_canc_0_74_yrs_2010_14_asr_100000_up_95pc_ci":27.0,"dth_lung_canc_0_74_yrs_2010_14_sdr_up_95pc_ci":128,"phn_code":"PHN109","dth_canc_0_74_yrs_2010_14_asr_100000_up_95pc_ci":119.6,"dth_resp_sys_dise_0_74_yrs_2010_14_sdr":119,"dth_obs_pulm_dise_0_74_yrs_2010_14_sdr_up_95pc_ci":136,"dth_lung_canc_0_74_yrs_2010_14_asr_100000_lo_95pc_ci":23.4,"dth_circ_sys_dise_0_74_yrs_2010_14_sdr_lo_95pc_ci":97,"dth_circ_sys_dise_0_74_yrs_2010_14_sig":null,"dth_obs_pulm_dise_0_74_yrs_2010_14_sdr_lo_95pc_ci":109,"dth_canc_0_74_yrs_2010_14_num":3477,"dth_canc_0_74_yrs_2010_14_sig":"**","dth_resp_sys_dise_0_74_yrs_2010_14_asr_100000":17.6,"dth_canc_0_74_yrs_2010_14_sdr_lo_95pc_ci":111,"dth_circ_sys_dise_0_74_yrs_2010_14_asr_100000_lo_95pc_ci":44.2,"dth_lung_canc_0_74_yrs_2010_14_num":776,"dth_circ_sys_dise_0_74_yrs_2010_14_sdr_up_95pc_ci":108,"dth_circ_sys_dise_0_74_yrs_2010_14_num":1393},"id":"phidu_premature_mortality_by_cause_phn_2010_14.PHN109"},{"type":"Feature","properties":{"dth_canc_0_74_yrs_2010_14_asr_100000":109.5,"dth_obs_pulm_dise_0_74_yrs_2010_14_sig":"**","dth_obs_pulm_dise_0_74_yrs_2010_14_asr_100000":10.5,"dth_lung_canc_0_74_yrs_2010_14_sdr":117,"dth_circ_sys_dise_0_74_yrs_2010_14_asr_100000":59.1,"dth_obs_pulm_dise_0_74_yrs_2010_14_asr_100000_lo_95pc_ci":8.8,"dth_resp_sys_dise_0_74_yrs_2010_14_sdr_up_95pc_ci":136,"dth_lung_canc_0_74_yrs_2010_14_sdr_lo_95pc_ci":104,"dth_obs_pulm_dise_0_74_yrs_2010_14_asr_100000_up_95pc_ci":12.3,"dth_lung_canc_0_74_yrs_2010_14_asr_100000":24.6,"dth_resp_sys_dise_0_74_yrs_2010_14_sdr_lo_95pc_ci":105,"dth_resp_sys_dise_0_74_yrs_2010_14_asr_100000_up_95pc_ci":20.1,"dth_resp_sys_dise_0_74_yrs_2010_14_asr_100000_lo_95pc_ci":15.5,"dth_canc_0_74_yrs_2010_14_sdr":109,"dth_resp_sys_dise_0_74_yrs_2010_14_sig":"**","dth_circ_sys_dise_0_74_yrs_2010_14_asr_100000_up_95pc_ci":63.3,"dth_canc_0_74_yrs_2010_14_asr_100000_lo_95pc_ci":103.8,"dth_obs_pulm_dise_0_74_yrs_2010_14_num":141,"dth_resp_sys_dise_0_74_yrs_2010_14_num":233,"dth_obs_pulm_dise_0_74_yrs_2010_14_sdr":125,"dth_canc_0_74_yrs_2010_14_sdr_up_95pc_ci":115,"dth_lung_canc_0_74_yrs_2010_14_sig":"**","dth_circ_sys_dise_0_74_yrs_2010_14_sdr":130,"dth_lung_canc_0_74_yrs_2010_14_asr_100000_up_95pc_ci":27.3,"dth_lung_canc_0_74_yrs_2010_14_sdr_up_95pc_ci":130,"phn_code":"PHN110","dth_canc_0_74_yrs_2010_14_asr_100000_up_95pc_ci":115.3,"dth_resp_sys_dise_0_74_yrs_2010_14_sdr":120,"dth_obs_pulm_dise_0_74_yrs_2010_14_sdr_up_95pc_ci":145,"dth_lung_canc_0_74_yrs_2010_14_asr_100000_lo_95pc_ci":21.9,"dth_circ_sys_dise_0_74_yrs_2010_14_sdr_lo_95pc_ci":120,"dth_circ_sys_dise_0_74_yrs_2010_14_sig":"**","dth_obs_pulm_dise_0_74_yrs_2010_14_sdr_lo_95pc_ci":104,"dth_canc_0_74_yrs_2010_14_num":1399,"dth_canc_0_74_yrs_2010_14_sig":"**","dth_resp_sys_dise_0_74_yrs_2010_14_asr_100000":17.8,"dth_canc_0_74_yrs_2010_14_sdr_lo_95pc_ci":103,"dth_circ_sys_dise_0_74_yrs_2010_14_asr_100000_lo_95pc_ci":54.9,"dth_lung_canc_0_74_yrs_2010_14_num":320,"dth_circ_sys_dise_0_74_yrs_2010_14_sdr_up_95pc_ci":139,"dth_circ_sys_dise_0_74_yrs_2010_14_num":754},"id":"phidu_premature_mortality_by_cause_phn_2010_14.PHN110"},{"type":"Feature","properties":{"dth_canc_0_74_yrs_2010_14_asr_100000":95.6,"dth_obs_pulm_dise_0_74_yrs_2010_14_sig":"**","dth_obs_pulm_dise_0_74_yrs_2010_14_asr_100000":7.4,"dth_lung_canc_0_74_yrs_2010_14_sdr":94,"dth_circ_sys_dise_0_74_yrs_2010_14_asr_100000":45.9,"dth_obs_pulm_dise_0_74_yrs_2010_14_asr_100000_lo_95pc_ci":6.7,"dth_resp_sys_dise_0_74_yrs_2010_14_sdr_up_95pc_ci":97,"dth_lung_canc_0_74_yrs_2010_14_sdr_lo_95pc_ci":89,"dth_obs_pulm_dise_0_74_yrs_2010_14_asr_100000_up_95pc_ci":8.2,"dth_lung_canc_0_74_yrs_2010_14_asr_100000":19.8,"dth_resp_sys_dise_0_74_yrs_2010_14_sdr_lo_95pc_ci":84,"dth_resp_sys_dise_0_74_yrs_2010_14_asr_100000_up_95pc_ci":14.4,"dth_resp_sys_dise_0_74_yrs_2010_14_asr_100000_lo_95pc_ci":12.4,"dth_canc_0_74_yrs_2010_14_sdr":95,"dth_resp_sys_dise_0_74_yrs_2010_14_sig":"**","dth_circ_sys_dise_0_74_yrs_2010_14_asr_100000_up_95pc_ci":47.6,"dth_canc_0_74_yrs_2010_14_asr_100000_lo_95pc_ci":93.1,"dth_obs_pulm_dise_0_74_yrs_2010_14_num":405,"dth_resp_sys_dise_0_74_yrs_2010_14_num":750,"dth_obs_pulm_dise_0_74_yrs_2010_14_sdr":88,"dth_canc_0_74_yrs_2010_14_sdr_up_95pc_ci":98,"dth_lung_canc_0_74_yrs_2010_14_sig":"*","dth_circ_sys_dise_0_74_yrs_2010_14_sdr":101,"dth_lung_canc_0_74_yrs_2010_14_asr_100000_up_95pc_ci":21.0,"dth_lung_canc_0_74_yrs_2010_14_sdr_up_95pc_ci":100,"phn_code":"PHN201","dth_canc_0_74_yrs_2010_14_asr_100000_up_95pc_ci":98.2,"dth_resp_sys_dise_0_74_yrs_2010_14_sdr":91,"dth_obs_pulm_dise_0_74_yrs_2010_14_sdr_up_95pc_ci":97,"dth_lung_canc_0_74_yrs_2010_14_asr_100000_lo_95pc_ci":18.6,"dth_circ_sys_dise_0_74_yrs_2010_14_sdr_lo_95pc_ci":97,"dth_circ_sys_dise_0_74_yrs_2010_14_sig":null,"dth_obs_pulm_dise_0_74_yrs_2010_14_sdr_lo_95pc_ci":79,"dth_canc_0_74_yrs_2010_14_num":5429,"dth_canc_0_74_yrs_2010_14_sig":"**","dth_resp_sys_dise_0_74_yrs_2010_14_asr_100000":13.4,"dth_canc_0_74_yrs_2010_14_sdr_lo_95pc_ci":92,"dth_circ_sys_dise_0_74_yrs_2010_14_asr_100000_lo_95pc_ci":44.1,"dth_lung_canc_0_74_yrs_2010_14_num":1098,"dth_circ_sys_dise_0_74_yrs_2010_14_sdr_up_95pc_ci":104,"dth_circ_sys_dise_0_74_yrs_2010_14_num":2627},"id":"phidu_premature_mortality_by_cause_phn_2010_14.PHN201"},{"type":"Feature","properties":{"dth_canc_0_74_yrs_2010_14_asr_100000":84.9,"dth_obs_pulm_dise_0_74_yrs_2010_14_sig":"**","dth_obs_pulm_dise_0_74_yrs_2010_14_asr_100000":4.7,"dth_lung_canc_0_74_yrs_2010_14_sdr":72,"dth_circ_sys_dise_0_74_yrs_2010_14_asr_100000":32.3,"dth_obs_pulm_dise_0_74_yrs_2010_14_asr_100000_lo_95pc_ci":4.2,"dth_resp_sys_dise_0_74_yrs_2010_14_sdr_up_95pc_ci":67,"dth_lung_canc_0_74_yrs_2010_14_sdr_lo_95pc_ci":67,"dth_obs_pulm_dise_0_74_yrs_2010_14_asr_100000_up_95pc_ci":5.3,"dth_lung_canc_0_74_yrs_2010_14_asr_100000":15.1,"dth_resp_sys_dise_0_74_yrs_2010_14_sdr_lo_95pc_ci":58,"dth_resp_sys_dise_0_74_yrs_2010_14_asr_100000_up_95pc_ci":9.9,"dth_resp_sys_dise_0_74_yrs_2010_14_asr_100000_lo_95pc_ci":8.5,"dth_canc_0_74_yrs_2010_14_sdr":84,"dth_resp_sys_dise_0_74_yrs_2010_14_sig":"**","dth_circ_sys_dise_0_74_yrs_2010_14_asr_100000_up_95pc_ci":33.6,"dth_canc_0_74_yrs_2010_14_asr_100000_lo_95pc_ci":82.7,"dth_obs_pulm_dise_0_74_yrs_2010_14_num":318,"dth_resp_sys_dise_0_74_yrs_2010_14_num":617,"dth_obs_pulm_dise_0_74_yrs_2010_14_sdr":56,"dth_canc_0_74_yrs_2010_14_sdr_up_95pc_ci":87,"dth_lung_canc_0_74_yrs_2010_14_sig":"**","dth_circ_sys_dise_0_74_yrs_2010_14_sdr":71,"dth_lung_canc_0_74_yrs_2010_14_asr_100000_up_95pc_ci":16.0,"dth_lung_canc_0_74_yrs_2010_14_sdr_up_95pc_ci":76,"phn_code":"PHN202","dth_canc_0_74_yrs_2010_14_asr_100000_up_95pc_ci":87.1,"dth_resp_sys_dise_0_74_yrs_2010_14_sdr":62,"dth_obs_pulm_dise_0_74_yrs_2010_14_sdr_up_95pc_ci":62,"dth_lung_canc_0_74_yrs_2010_14_asr_100000_lo_95pc_ci":14.2,"dth_circ_sys_dise_0_74_yrs_2010_14_sdr_lo_95pc_ci":68,"dth_circ_sys_dise_0_74_yrs_2010_14_sig":"**","dth_obs_pulm_dise_0_74_yrs_2010_14_sdr_lo_95pc_ci":50,"dth_canc_0_74_yrs_2010_14_num":5686,"dth_canc_0_74_yrs_2010_14_sig":"**","dth_resp_sys_dise_0_74_yrs_2010_14_asr_100000":9.2,"dth_canc_0_74_yrs_2010_14_sdr_lo_95pc_ci":82,"dth_circ_sys_dise_0_74_yrs_2010_14_asr_100000_lo_95pc_ci":30.9,"dth_lung_canc_0_74_yrs_2010_14_num":1012,"dth_circ_sys_dise_0_74_yrs_2010_14_sdr_up_95pc_ci":74,"dth_circ_sys_dise_0_74_yrs_2010_14_num":2164},"id":"phidu_premature_mortality_by_cause_phn_2010_14.PHN202"},{"type":"Feature","properties":{"dth_canc_0_74_yrs_2010_14_asr_100000":94.0,"dth_obs_pulm_dise_0_74_yrs_2010_14_sig":"**","dth_obs_pulm_dise_0_74_yrs_2010_14_asr_100000":6.6,"dth_lung_canc_0_74_yrs_2010_14_sdr":88,"dth_circ_sys_dise_0_74_yrs_2010_14_asr_100000":39.7,"dth_obs_pulm_dise_0_74_yrs_2010_14_asr_100000_lo_95pc_ci":5.9,"dth_resp_sys_dise_0_74_yrs_2010_14_sdr_up_95pc_ci":85,"dth_lung_canc_0_74_yrs_2010_14_sdr_lo_95pc_ci":83,"dth_obs_pulm_dise_0_74_yrs_2010_14_asr_100000_up_95pc_ci":7.2,"dth_lung_canc_0_74_yrs_2010_14_asr_100000":18.6,"dth_resp_sys_dise_0_74_yrs_2010_14_sdr_lo_95pc_ci":74,"dth_resp_sys_dise_0_74_yrs_2010_14_asr_100000_up_95pc_ci":12.6,"dth_resp_sys_dise_0_74_yrs_2010_14_asr_100000_lo_95pc_ci":10.9,"dth_canc_0_74_yrs_2010_14_sdr":93,"dth_resp_sys_dise_0_74_yrs_2010_14_sig":"**","dth_circ_sys_dise_0_74_yrs_2010_14_asr_100000_up_95pc_ci":41.3,"dth_canc_0_74_yrs_2010_14_asr_100000_lo_95pc_ci":91.6,"dth_obs_pulm_dise_0_74_yrs_2010_14_num":403,"dth_resp_sys_dise_0_74_yrs_2010_14_num":723,"dth_obs_pulm_dise_0_74_yrs_2010_14_sdr":78,"dth_canc_0_74_yrs_2010_14_sdr_up_95pc_ci":96,"dth_lung_canc_0_74_yrs_2010_14_sig":"**","dth_circ_sys_dise_0_74_yrs_2010_14_sdr":87,"dth_lung_canc_0_74_yrs_2010_14_asr_100000_up_95pc_ci":19.6,"dth_lung_canc_0_74_yrs_2010_14_sdr_up_95pc_ci":93,"phn_code":"PHN203","dth_canc_0_74_yrs_2010_14_asr_100000_up_95pc_ci":96.5,"dth_resp_sys_dise_0_74_yrs_2010_14_sdr":79,"dth_obs_pulm_dise_0_74_yrs_2010_14_sdr_up_95pc_ci":85,"dth_lung_canc_0_74_yrs_2010_14_asr_100000_lo_95pc_ci":17.5,"dth_circ_sys_dise_0_74_yrs_2010_14_sdr_lo_95pc_ci":84,"dth_circ_sys_dise_0_74_yrs_2010_14_sig":"**","dth_obs_pulm_dise_0_74_yrs_2010_14_sdr_lo_95pc_ci":70,"dth_canc_0_74_yrs_2010_14_num":5829,"dth_canc_0_74_yrs_2010_14_sig":"**","dth_resp_sys_dise_0_74_yrs_2010_14_asr_100000":11.7,"dth_canc_0_74_yrs_2010_14_sdr_lo_95pc_ci":91,"dth_circ_sys_dise_0_74_yrs_2010_14_asr_100000_lo_95pc_ci":38.1,"dth_lung_canc_0_74_yrs_2010_14_num":1145,"dth_circ_sys_dise_0_74_yrs_2010_14_sdr_up_95pc_ci":90,"dth_circ_sys_dise_0_74_yrs_2010_14_num":2468},"id":"phidu_premature_mortality_by_cause_phn_2010_14.PHN203"},{"type":"Feature","properties":{"dth_canc_0_74_yrs_2010_14_asr_100000":106.2,"dth_obs_pulm_dise_0_74_yrs_2010_14_sig":null,"dth_obs_pulm_dise_0_74_yrs_2010_14_asr_100000":9.7,"dth_lung_canc_0_74_yrs_2010_14_sdr":111,"dth_circ_sys_dise_0_74_yrs_2010_14_asr_100000":49.7,"dth_obs_pulm_dise_0_74_yrs_2010_14_asr_100000_lo_95pc_ci":8.2,"dth_resp_sys_dise_0_74_yrs_2010_14_sdr_up_95pc_ci":109,"dth_lung_canc_0_74_yrs_2010_14_sdr_lo_95pc_ci":100,"dth_obs_pulm_dise_0_74_yrs_2010_14_asr_100000_up_95pc_ci":11.3,"dth_lung_canc_0_74_yrs_2010_14_asr_100000":23.3,"dth_resp_sys_dise_0_74_yrs_2010_14_sdr_lo_95pc_ci":84,"dth_resp_sys_dise_0_74_yrs_2010_14_asr_100000_up_95pc_ci":16.1,"dth_resp_sys_dise_0_74_yrs_2010_14_asr_100000_lo_95pc_ci":12.4,"dth_canc_0_74_yrs_2010_14_sdr":106,"dth_resp_sys_dise_0_74_yrs_2010_14_sig":null,"dth_circ_sys_dise_0_74_yrs_2010_14_asr_100000_up_95pc_ci":53.2,"dth_canc_0_74_yrs_2010_14_asr_100000_lo_95pc_ci":101.1,"dth_obs_pulm_dise_0_74_yrs_2010_14_num":159,"dth_resp_sys_dise_0_74_yrs_2010_14_num":226,"dth_obs_pulm_dise_0_74_yrs_2010_14_sdr":115,"dth_canc_0_74_yrs_2010_14_sdr_up_95pc_ci":111,"dth_lung_canc_0_74_yrs_2010_14_sig":"*","dth_circ_sys_dise_0_74_yrs_2010_14_sdr":109,"dth_lung_canc_0_74_yrs_2010_14_asr_100000_up_95pc_ci":25.7,"dth_lung_canc_0_74_yrs_2010_14_sdr_up_95pc_ci":122,"phn_code":"PHN204","dth_canc_0_74_yrs_2010_14_asr_100000_up_95pc_ci":111.3,"dth_resp_sys_dise_0_74_yrs_2010_14_sdr":96,"dth_obs_pulm_dise_0_74_yrs_2010_14_sdr_up_95pc_ci":133,"dth_lung_canc_0_74_yrs_2010_14_asr_100000_lo_95pc_ci":21.0,"dth_circ_sys_dise_0_74_yrs_2010_14_sdr_lo_95pc_ci":101,"dth_circ_sys_dise_0_74_yrs_2010_14_sig":"*","dth_obs_pulm_dise_0_74_yrs_2010_14_sdr_lo_95pc_ci":97,"dth_canc_0_74_yrs_2010_14_num":1647,"dth_canc_0_74_yrs_2010_14_sig":"*","dth_resp_sys_dise_0_74_yrs_2010_14_asr_100000":14.2,"dth_canc_0_74_yrs_2010_14_sdr_lo_95pc_ci":100,"dth_circ_sys_dise_0_74_yrs_2010_14_asr_100000_lo_95pc_ci":46.2,"dth_lung_canc_0_74_yrs_2010_14_num":371,"dth_circ_sys_dise_0_74_yrs_2010_14_sdr_up_95pc_ci":117,"dth_circ_sys_dise_0_74_yrs_2010_14_num":766},"id":"phidu_premature_mortality_by_cause_phn_2010_14.PHN204"},{"type":"Feature","properties":{"dth_canc_0_74_yrs_2010_14_asr_100000":107.4,"dth_obs_pulm_dise_0_74_yrs_2010_14_sig":"**","dth_obs_pulm_dise_0_74_yrs_2010_14_asr_100000":10.7,"dth_lung_canc_0_74_yrs_2010_14_sdr":109,"dth_circ_sys_dise_0_74_yrs_2010_14_asr_100000":50.4,"dth_obs_pulm_dise_0_74_yrs_2010_14_asr_100000_lo_95pc_ci":9.5,"dth_resp_sys_dise_0_74_yrs_2010_14_sdr_up_95pc_ci":125,"dth_lung_canc_0_74_yrs_2010_14_sdr_lo_95pc_ci":101,"dth_obs_pulm_dise_0_74_yrs_2010_14_asr_100000_up_95pc_ci":11.8,"dth_lung_canc_0_74_yrs_2010_14_asr_100000":23.0,"dth_resp_sys_dise_0_74_yrs_2010_14_sdr_lo_95pc_ci":106,"dth_resp_sys_dise_0_74_yrs_2010_14_asr_100000_up_95pc_ci":18.5,"dth_resp_sys_dise_0_74_yrs_2010_14_asr_100000_lo_95pc_ci":15.6,"dth_canc_0_74_yrs_2010_14_sdr":107,"dth_resp_sys_dise_0_74_yrs_2010_14_sig":"**","dth_circ_sys_dise_0_74_yrs_2010_14_asr_100000_up_95pc_ci":52.9,"dth_canc_0_74_yrs_2010_14_asr_100000_lo_95pc_ci":103.8,"dth_obs_pulm_dise_0_74_yrs_2010_14_num":336,"dth_resp_sys_dise_0_74_yrs_2010_14_num":541,"dth_obs_pulm_dise_0_74_yrs_2010_14_sdr":126,"dth_canc_0_74_yrs_2010_14_sdr_up_95pc_ci":110,"dth_lung_canc_0_74_yrs_2010_14_sig":"*","dth_circ_sys_dise_0_74_yrs_2010_14_sdr":111,"dth_lung_canc_0_74_yrs_2010_14_asr_100000_up_95pc_ci":24.7,"dth_lung_canc_0_74_yrs_2010_14_sdr_up_95pc_ci":117,"phn_code":"PHN205","dth_canc_0_74_yrs_2010_14_asr_100000_up_95pc_ci":111.1,"dth_resp_sys_dise_0_74_yrs_2010_14_sdr":116,"dth_obs_pulm_dise_0_74_yrs_2010_14_sdr_up_95pc_ci":140,"dth_lung_canc_0_74_yrs_2010_14_asr_100000_lo_95pc_ci":21.4,"dth_circ_sys_dise_0_74_yrs_2010_14_sdr_lo_95pc_ci":105,"dth_circ_sys_dise_0_74_yrs_2010_14_sig":"**","dth_obs_pulm_dise_0_74_yrs_2010_14_sdr_lo_95pc_ci":113,"dth_canc_0_74_yrs_2010_14_num":3322,"dth_canc_0_74_yrs_2010_14_sig":"**","dth_resp_sys_dise_0_74_yrs_2010_14_asr_100000":17.1,"dth_canc_0_74_yrs_2010_14_sdr_lo_95pc_ci":103,"dth_circ_sys_dise_0_74_yrs_2010_14_asr_100000_lo_95pc_ci":47.9,"dth_lung_canc_0_74_yrs_2010_14_num":723,"dth_circ_sys_dise_0_74_yrs_2010_14_sdr_up_95pc_ci":116,"dth_circ_sys_dise_0_74_yrs_2010_14_num":1553},"id":"phidu_premature_mortality_by_cause_phn_2010_14.PHN205"},{"type":"Feature","properties":{"dth_canc_0_74_yrs_2010_14_asr_100000":109.8,"dth_obs_pulm_dise_0_74_yrs_2010_14_sig":"*","dth_obs_pulm_dise_0_74_yrs_2010_14_asr_100000":9.5,"dth_lung_canc_0_74_yrs_2010_14_sdr":101,"dth_circ_sys_dise_0_74_yrs_2010_14_asr_100000":47.2,"dth_obs_pulm_dise_0_74_yrs_2010_14_asr_100000_lo_95pc_ci":8.4,"dth_resp_sys_dise_0_74_yrs_2010_14_sdr_up_95pc_ci":119,"dth_lung_canc_0_74_yrs_2010_14_sdr_lo_95pc_ci":93,"dth_obs_pulm_dise_0_74_yrs_2010_14_asr_100000_up_95pc_ci":10.5,"dth_lung_canc_0_74_yrs_2010_14_asr_100000":21.2,"dth_resp_sys_dise_0_74_yrs_2010_14_sdr_lo_95pc_ci":100,"dth_resp_sys_dise_0_74_yrs_2010_14_asr_100000_up_95pc_ci":17.6,"dth_resp_sys_dise_0_74_yrs_2010_14_asr_100000_lo_95pc_ci":14.8,"dth_canc_0_74_yrs_2010_14_sdr":109,"dth_resp_sys_dise_0_74_yrs_2010_14_sig":"*","dth_circ_sys_dise_0_74_yrs_2010_14_asr_100000_up_95pc_ci":49.6,"dth_canc_0_74_yrs_2010_14_asr_100000_lo_95pc_ci":106.2,"dth_obs_pulm_dise_0_74_yrs_2010_14_num":308,"dth_resp_sys_dise_0_74_yrs_2010_14_num":512,"dth_obs_pulm_dise_0_74_yrs_2010_14_sdr":112,"dth_canc_0_74_yrs_2010_14_sdr_up_95pc_ci":113,"dth_lung_canc_0_74_yrs_2010_14_sig":null,"dth_circ_sys_dise_0_74_yrs_2010_14_sdr":103,"dth_lung_canc_0_74_yrs_2010_14_asr_100000_up_95pc_ci":22.8,"dth_lung_canc_0_74_yrs_2010_14_sdr_up_95pc_ci":108,"phn_code":"PHN206","dth_canc_0_74_yrs_2010_14_asr_100000_up_95pc_ci":113.5,"dth_resp_sys_dise_0_74_yrs_2010_14_sdr":110,"dth_obs_pulm_dise_0_74_yrs_2010_14_sdr_up_95pc_ci":124,"dth_lung_canc_0_74_yrs_2010_14_asr_100000_lo_95pc_ci":19.6,"dth_circ_sys_dise_0_74_yrs_2010_14_sdr_lo_95pc_ci":98,"dth_circ_sys_dise_0_74_yrs_2010_14_sig":null,"dth_obs_pulm_dise_0_74_yrs_2010_14_sdr_lo_95pc_ci":99,"dth_canc_0_74_yrs_2010_14_num":3465,"dth_canc_0_74_yrs_2010_14_sig":"**","dth_resp_sys_dise_0_74_yrs_2010_14_asr_100000":16.2,"dth_canc_0_74_yrs_2010_14_sdr_lo_95pc_ci":105,"dth_circ_sys_dise_0_74_yrs_2010_14_asr_100000_lo_95pc_ci":44.8,"dth_lung_canc_0_74_yrs_2010_14_num":673,"dth_circ_sys_dise_0_74_yrs_2010_14_sdr_up_95pc_ci":109,"dth_circ_sys_dise_0_74_yrs_2010_14_num":1482},"id":"phidu_premature_mortality_by_cause_phn_2010_14.PHN206"},{"type":"Feature","properties":{"dth_canc_0_74_yrs_2010_14_asr_100000":96.6,"dth_obs_pulm_dise_0_74_yrs_2010_14_sig":null,"dth_obs_pulm_dise_0_74_yrs_2010_14_asr_100000":8.7,"dth_lung_canc_0_74_yrs_2010_14_sdr":96,"dth_circ_sys_dise_0_74_yrs_2010_14_asr_100000":41.3,"dth_obs_pulm_dise_0_74_yrs_2010_14_asr_100000_lo_95pc_ci":7.7,"dth_resp_sys_dise_0_74_yrs_2010_14_sdr_up_95pc_ci":105,"dth_lung_canc_0_74_yrs_2010_14_sdr_lo_95pc_ci":89,"dth_obs_pulm_dise_0_74_yrs_2010_14_asr_100000_up_95pc_ci":9.6,"dth_lung_canc_0_74_yrs_2010_14_asr_100000":20.2,"dth_resp_sys_dise_0_74_yrs_2010_14_sdr_lo_95pc_ci":88,"dth_resp_sys_dise_0_74_yrs_2010_14_asr_100000_up_95pc_ci":15.4,"dth_resp_sys_dise_0_74_yrs_2010_14_asr_100000_lo_95pc_ci":13.1,"dth_canc_0_74_yrs_2010_14_sdr":96,"dth_resp_sys_dise_0_74_yrs_2010_14_sig":null,"dth_circ_sys_dise_0_74_yrs_2010_14_asr_100000_up_95pc_ci":43.3,"dth_canc_0_74_yrs_2010_14_asr_100000_lo_95pc_ci":93.6,"dth_obs_pulm_dise_0_74_yrs_2010_14_num":332,"dth_resp_sys_dise_0_74_yrs_2010_14_num":559,"dth_obs_pulm_dise_0_74_yrs_2010_14_sdr":102,"dth_canc_0_74_yrs_2010_14_sdr_up_95pc_ci":99,"dth_lung_canc_0_74_yrs_2010_14_sig":null,"dth_circ_sys_dise_0_74_yrs_2010_14_sdr":91,"dth_lung_canc_0_74_yrs_2010_14_asr_100000_up_95pc_ci":21.6,"dth_lung_canc_0_74_yrs_2010_14_sdr_up_95pc_ci":103,"phn_code":"PHN301","dth_canc_0_74_yrs_2010_14_asr_100000_up_95pc_ci":99.7,"dth_resp_sys_dise_0_74_yrs_2010_14_sdr":96,"dth_obs_pulm_dise_0_74_yrs_2010_14_sdr_up_95pc_ci":114,"dth_lung_canc_0_74_yrs_2010_14_asr_100000_lo_95pc_ci":18.8,"dth_circ_sys_dise_0_74_yrs_2010_14_sdr_lo_95pc_ci":86,"dth_circ_sys_dise_0_74_yrs_2010_14_sig":"**","dth_obs_pulm_dise_0_74_yrs_2010_14_sdr_lo_95pc_ci":91,"dth_canc_0_74_yrs_2010_14_num":3819,"dth_canc_0_74_yrs_2010_14_sig":"*","dth_resp_sys_dise_0_74_yrs_2010_14_asr_100000":14.2,"dth_canc_0_74_yrs_2010_14_sdr_lo_95pc_ci":93,"dth_circ_sys_dise_0_74_yrs_2010_14_asr_100000_lo_95pc_ci":39.3,"dth_lung_canc_0_74_yrs_2010_14_num":794,"dth_circ_sys_dise_0_74_yrs_2010_14_sdr_up_95pc_ci":95,"dth_circ_sys_dise_0_74_yrs_2010_14_num":1634},"id":"phidu_premature_mortality_by_cause_phn_2010_14.PHN301"},{"type":"Feature","properties":{"dth_canc_0_74_yrs_2010_14_asr_100000":103.0,"dth_obs_pulm_dise_0_74_yrs_2010_14_sig":null,"dth_obs_pulm_dise_0_74_yrs_2010_14_asr_100000":8.3,"dth_lung_canc_0_74_yrs_2010_14_sdr":108,"dth_circ_sys_dise_0_74_yrs_2010_14_asr_100000":46.8,"dth_obs_pulm_dise_0_74_yrs_2010_14_asr_100000_lo_95pc_ci":7.4,"dth_resp_sys_dise_0_74_yrs_2010_14_sdr_up_95pc_ci":100,"dth_lung_canc_0_74_yrs_2010_14_sdr_lo_95pc_ci":101,"dth_obs_pulm_dise_0_74_yrs_2010_14_asr_100000_up_95pc_ci":9.1,"dth_lung_canc_0_74_yrs_2010_14_asr_100000":22.8,"dth_resp_sys_dise_0_74_yrs_2010_14_sdr_lo_95pc_ci":85,"dth_resp_sys_dise_0_74_yrs_2010_14_asr_100000_up_95pc_ci":14.8,"dth_resp_sys_dise_0_74_yrs_2010_14_asr_100000_lo_95pc_ci":12.6,"dth_canc_0_74_yrs_2010_14_sdr":102,"dth_resp_sys_dise_0_74_yrs_2010_14_sig":null,"dth_circ_sys_dise_0_74_yrs_2010_14_asr_100000_up_95pc_ci":48.8,"dth_canc_0_74_yrs_2010_14_asr_100000_lo_95pc_ci":100.0,"dth_obs_pulm_dise_0_74_yrs_2010_14_num":351,"dth_resp_sys_dise_0_74_yrs_2010_14_num":590,"dth_obs_pulm_dise_0_74_yrs_2010_14_sdr":98,"dth_canc_0_74_yrs_2010_14_sdr_up_95pc_ci":105,"dth_lung_canc_0_74_yrs_2010_14_sig":"*","dth_circ_sys_dise_0_74_yrs_2010_14_sdr":103,"dth_lung_canc_0_74_yrs_2010_14_asr_100000_up_95pc_ci":24.2,"dth_lung_canc_0_74_yrs_2010_14_sdr_up_95pc_ci":115,"phn_code":"PHN302","dth_canc_0_74_yrs_2010_14_asr_100000_up_95pc_ci":106.0,"dth_resp_sys_dise_0_74_yrs_2010_14_sdr":93,"dth_obs_pulm_dise_0_74_yrs_2010_14_sdr_up_95pc_ci":108,"dth_lung_canc_0_74_yrs_2010_14_asr_100000_lo_95pc_ci":21.4,"dth_circ_sys_dise_0_74_yrs_2010_14_sdr_lo_95pc_ci":98,"dth_circ_sys_dise_0_74_yrs_2010_14_sig":null,"dth_obs_pulm_dise_0_74_yrs_2010_14_sdr_lo_95pc_ci":88,"dth_canc_0_74_yrs_2010_14_num":4527,"dth_canc_0_74_yrs_2010_14_sig":null,"dth_resp_sys_dise_0_74_yrs_2010_14_asr_100000":13.7,"dth_canc_0_74_yrs_2010_14_sdr_lo_95pc_ci":99,"dth_circ_sys_dise_0_74_yrs_2010_14_asr_100000_lo_95pc_ci":44.7,"dth_lung_canc_0_74_yrs_2010_14_num":988,"dth_circ_sys_dise_0_74_yrs_2010_14_sdr_up_95pc_ci":107,"dth_circ_sys_dise_0_74_yrs_2010_14_num":2056},"id":"phidu_premature_mortality_by_cause_phn_2010_14.PHN302"},{"type":"Feature","properties":{"dth_canc_0_74_yrs_2010_14_asr_100000":100.3,"dth_obs_pulm_dise_0_74_yrs_2010_14_sig":"**","dth_obs_pulm_dise_0_74_yrs_2010_14_asr_100000":5.8,"dth_lung_canc_0_74_yrs_2010_14_sdr":98,"dth_circ_sys_dise_0_74_yrs_2010_14_asr_100000":38.1,"dth_obs_pulm_dise_0_74_yrs_2010_14_asr_100000_lo_95pc_ci":4.9,"dth_resp_sys_dise_0_74_yrs_2010_14_sdr_up_95pc_ci":77,"dth_lung_canc_0_74_yrs_2010_14_sdr_lo_95pc_ci":90,"dth_obs_pulm_dise_0_74_yrs_2010_14_asr_100000_up_95pc_ci":6.7,"dth_lung_canc_0_74_yrs_2010_14_asr_100000":20.6,"dth_resp_sys_dise_0_74_yrs_2010_14_sdr_lo_95pc_ci":61,"dth_resp_sys_dise_0_74_yrs_2010_14_asr_100000_up_95pc_ci":11.4,"dth_resp_sys_dise_0_74_yrs_2010_14_asr_100000_lo_95pc_ci":9.0,"dth_canc_0_74_yrs_2010_14_sdr":100,"dth_resp_sys_dise_0_74_yrs_2010_14_sig":"**","dth_circ_sys_dise_0_74_yrs_2010_14_asr_100000_up_95pc_ci":40.5,"dth_canc_0_74_yrs_2010_14_asr_100000_lo_95pc_ci":96.5,"dth_obs_pulm_dise_0_74_yrs_2010_14_num":155,"dth_resp_sys_dise_0_74_yrs_2010_14_num":271,"dth_obs_pulm_dise_0_74_yrs_2010_14_sdr":69,"dth_canc_0_74_yrs_2010_14_sdr_up_95pc_ci":103,"dth_lung_canc_0_74_yrs_2010_14_sig":null,"dth_circ_sys_dise_0_74_yrs_2010_14_sdr":84,"dth_lung_canc_0_74_yrs_2010_14_asr_100000_up_95pc_ci":22.4,"dth_lung_canc_0_74_yrs_2010_14_sdr_up_95pc_ci":106,"phn_code":"PHN303","dth_canc_0_74_yrs_2010_14_asr_100000_up_95pc_ci":104.1,"dth_resp_sys_dise_0_74_yrs_2010_14_sdr":69,"dth_obs_pulm_dise_0_74_yrs_2010_14_sdr_up_95pc_ci":79,"dth_lung_canc_0_74_yrs_2010_14_asr_100000_lo_95pc_ci":18.9,"dth_circ_sys_dise_0_74_yrs_2010_14_sdr_lo_95pc_ci":78,"dth_circ_sys_dise_0_74_yrs_2010_14_sig":"**","dth_obs_pulm_dise_0_74_yrs_2010_14_sdr_lo_95pc_ci":58,"dth_canc_0_74_yrs_2010_14_num":2646,"dth_canc_0_74_yrs_2010_14_sig":null,"dth_resp_sys_dise_0_74_yrs_2010_14_asr_100000":10.2,"dth_canc_0_74_yrs_2010_14_sdr_lo_95pc_ci":96,"dth_circ_sys_dise_0_74_yrs_2010_14_asr_100000_lo_95pc_ci":35.7,"dth_lung_canc_0_74_yrs_2010_14_num":547,"dth_circ_sys_dise_0_74_yrs_2010_14_sdr_up_95pc_ci":89,"dth_circ_sys_dise_0_74_yrs_2010_14_num":1005},"id":"phidu_premature_mortality_by_cause_phn_2010_14.PHN303"},{"type":"Feature","properties":{"dth_canc_0_74_yrs_2010_14_asr_100000":108.4,"dth_obs_pulm_dise_0_74_yrs_2010_14_sig":"**","dth_obs_pulm_dise_0_74_yrs_2010_14_asr_100000":12.2,"dth_lung_canc_0_74_yrs_2010_14_sdr":112,"dth_circ_sys_dise_0_74_yrs_2010_14_asr_100000":55.8,"dth_obs_pulm_dise_0_74_yrs_2010_14_asr_100000_lo_95pc_ci":10.9,"dth_resp_sys_dise_0_74_yrs_2010_14_sdr_up_95pc_ci":144,"dth_lung_canc_0_74_yrs_2010_14_sdr_lo_95pc_ci":103,"dth_obs_pulm_dise_0_74_yrs_2010_14_asr_100000_up_95pc_ci":13.6,"dth_lung_canc_0_74_yrs_2010_14_asr_100000":23.5,"dth_resp_sys_dise_0_74_yrs_2010_14_sdr_lo_95pc_ci":121,"dth_resp_sys_dise_0_74_yrs_2010_14_asr_100000_up_95pc_ci":21.3,"dth_resp_sys_dise_0_74_yrs_2010_14_asr_100000_lo_95pc_ci":17.8,"dth_canc_0_74_yrs_2010_14_sdr":108,"dth_resp_sys_dise_0_74_yrs_2010_14_sig":"**","dth_circ_sys_dise_0_74_yrs_2010_14_asr_100000_up_95pc_ci":58.8,"dth_canc_0_74_yrs_2010_14_asr_100000_lo_95pc_ci":104.3,"dth_obs_pulm_dise_0_74_yrs_2010_14_num":301,"dth_resp_sys_dise_0_74_yrs_2010_14_num":478,"dth_obs_pulm_dise_0_74_yrs_2010_14_sdr":145,"dth_canc_0_74_yrs_2010_14_sdr_up_95pc_ci":112,"dth_lung_canc_0_74_yrs_2010_14_sig":"**","dth_circ_sys_dise_0_74_yrs_2010_14_sdr":122,"dth_lung_canc_0_74_yrs_2010_14_asr_100000_up_95pc_ci":25.4,"dth_lung_canc_0_74_yrs_2010_14_sdr_up_95pc_ci":121,"phn_code":"PHN304","dth_canc_0_74_yrs_2010_14_asr_100000_up_95pc_ci":112.6,"dth_resp_sys_dise_0_74_yrs_2010_14_sdr":133,"dth_obs_pulm_dise_0_74_yrs_2010_14_sdr_up_95pc_ci":161,"dth_lung_canc_0_74_yrs_2010_14_asr_100000_lo_95pc_ci":21.6,"dth_circ_sys_dise_0_74_yrs_2010_14_sdr_lo_95pc_ci":116,"dth_circ_sys_dise_0_74_yrs_2010_14_sig":"**","dth_obs_pulm_dise_0_74_yrs_2010_14_sdr_lo_95pc_ci":128,"dth_canc_0_74_yrs_2010_14_num":2633,"dth_canc_0_74_yrs_2010_14_sig":"**","dth_resp_sys_dise_0_74_yrs_2010_14_asr_100000":19.6,"dth_canc_0_74_yrs_2010_14_sdr_lo_95pc_ci":104,"dth_circ_sys_dise_0_74_yrs_2010_14_asr_100000_lo_95pc_ci":52.8,"dth_lung_canc_0_74_yrs_2010_14_num":580,"dth_circ_sys_dise_0_74_yrs_2010_14_sdr_up_95pc_ci":129,"dth_circ_sys_dise_0_74_yrs_2010_14_num":1353},"id":"phidu_premature_mortality_by_cause_phn_2010_14.PHN304"},{"type":"Feature","properties":{"dth_canc_0_74_yrs_2010_14_asr_100000":120.0,"dth_obs_pulm_dise_0_74_yrs_2010_14_sig":"**","dth_obs_pulm_dise_0_74_yrs_2010_14_asr_100000":23.2,"dth_lung_canc_0_74_yrs_2010_14_sdr":172,"dth_circ_sys_dise_0_74_yrs_2010_14_asr_100000":89.1,"dth_obs_pulm_dise_0_74_yrs_2010_14_asr_100000_lo_95pc_ci":17.5,"dth_resp_sys_dise_0_74_yrs_2010_14_sdr_up_95pc_ci":239,"dth_lung_canc_0_74_yrs_2010_14_sdr_lo_95pc_ci":138,"dth_obs_pulm_dise_0_74_yrs_2010_14_asr_100000_up_95pc_ci":28.9,"dth_lung_canc_0_74_yrs_2010_14_asr_100000":36.1,"dth_resp_sys_dise_0_74_yrs_2010_14_sdr_lo_95pc_ci":154,"dth_resp_sys_dise_0_74_yrs_2010_14_asr_100000_up_95pc_ci":35.3,"dth_resp_sys_dise_0_74_yrs_2010_14_asr_100000_lo_95pc_ci":22.7,"dth_canc_0_74_yrs_2010_14_sdr":119,"dth_resp_sys_dise_0_74_yrs_2010_14_sig":"**","dth_circ_sys_dise_0_74_yrs_2010_14_asr_100000_up_95pc_ci":100.0,"dth_canc_0_74_yrs_2010_14_asr_100000_lo_95pc_ci":107.4,"dth_obs_pulm_dise_0_74_yrs_2010_14_num":63,"dth_resp_sys_dise_0_74_yrs_2010_14_num":81,"dth_obs_pulm_dise_0_74_yrs_2010_14_sdr":274,"dth_canc_0_74_yrs_2010_14_sdr_up_95pc_ci":132,"dth_lung_canc_0_74_yrs_2010_14_sig":"**","dth_circ_sys_dise_0_74_yrs_2010_14_sdr":195,"dth_lung_canc_0_74_yrs_2010_14_asr_100000_up_95pc_ci":43.1,"dth_lung_canc_0_74_yrs_2010_14_sdr_up_95pc_ci":205,"phn_code":"PHN305","dth_canc_0_74_yrs_2010_14_asr_100000_up_95pc_ci":132.7,"dth_resp_sys_dise_0_74_yrs_2010_14_sdr":197,"dth_obs_pulm_dise_0_74_yrs_2010_14_sdr_up_95pc_ci":341,"dth_lung_canc_0_74_yrs_2010_14_asr_100000_lo_95pc_ci":29.1,"dth_circ_sys_dise_0_74_yrs_2010_14_sdr_lo_95pc_ci":171,"dth_circ_sys_dise_0_74_yrs_2010_14_sig":"**","dth_obs_pulm_dise_0_74_yrs_2010_14_sdr_lo_95pc_ci":206,"dth_canc_0_74_yrs_2010_14_num":345,"dth_canc_0_74_yrs_2010_14_sig":"**","dth_resp_sys_dise_0_74_yrs_2010_14_asr_100000":29.0,"dth_canc_0_74_yrs_2010_14_sdr_lo_95pc_ci":107,"dth_circ_sys_dise_0_74_yrs_2010_14_asr_100000_lo_95pc_ci":78.2,"dth_lung_canc_0_74_yrs_2010_14_num":102,"dth_circ_sys_dise_0_74_yrs_2010_14_sdr_up_95pc_ci":219,"dth_circ_sys_dise_0_74_yrs_2010_14_num":256},"id":"phidu_premature_mortality_by_cause_phn_2010_14.PHN305"},{"type":"Feature","properties":{"dth_canc_0_74_yrs_2010_14_asr_100000":104.8,"dth_obs_pulm_dise_0_74_yrs_2010_14_sig":"**","dth_obs_pulm_dise_0_74_yrs_2010_14_asr_100000":9.9,"dth_lung_canc_0_74_yrs_2010_14_sdr":115,"dth_circ_sys_dise_0_74_yrs_2010_14_asr_100000":40.6,"dth_obs_pulm_dise_0_74_yrs_2010_14_asr_100000_lo_95pc_ci":9.0,"dth_resp_sys_dise_0_74_yrs_2010_14_sdr_up_95pc_ci":109,"dth_lung_canc_0_74_yrs_2010_14_sdr_lo_95pc_ci":108,"dth_obs_pulm_dise_0_74_yrs_2010_14_asr_100000_up_95pc_ci":10.8,"dth_lung_canc_0_74_yrs_2010_14_asr_100000":24.2,"dth_resp_sys_dise_0_74_yrs_2010_14_sdr_lo_95pc_ci":94,"dth_resp_sys_dise_0_74_yrs_2010_14_asr_100000_up_95pc_ci":16.1,"dth_resp_sys_dise_0_74_yrs_2010_14_asr_100000_lo_95pc_ci":13.8,"dth_canc_0_74_yrs_2010_14_sdr":104,"dth_resp_sys_dise_0_74_yrs_2010_14_sig":null,"dth_circ_sys_dise_0_74_yrs_2010_14_asr_100000_up_95pc_ci":42.5,"dth_canc_0_74_yrs_2010_14_asr_100000_lo_95pc_ci":101.8,"dth_obs_pulm_dise_0_74_yrs_2010_14_num":456,"dth_resp_sys_dise_0_74_yrs_2010_14_num":677,"dth_obs_pulm_dise_0_74_yrs_2010_14_sdr":117,"dth_canc_0_74_yrs_2010_14_sdr_up_95pc_ci":107,"dth_lung_canc_0_74_yrs_2010_14_sig":"**","dth_circ_sys_dise_0_74_yrs_2010_14_sdr":89,"dth_lung_canc_0_74_yrs_2010_14_asr_100000_up_95pc_ci":25.6,"dth_lung_canc_0_74_yrs_2010_14_sdr_up_95pc_ci":122,"phn_code":"PHN306","dth_canc_0_74_yrs_2010_14_asr_100000_up_95pc_ci":107.8,"dth_resp_sys_dise_0_74_yrs_2010_14_sdr":101,"dth_obs_pulm_dise_0_74_yrs_2010_14_sdr_up_95pc_ci":127,"dth_lung_canc_0_74_yrs_2010_14_asr_100000_lo_95pc_ci":22.7,"dth_circ_sys_dise_0_74_yrs_2010_14_sdr_lo_95pc_ci":85,"dth_circ_sys_dise_0_74_yrs_2010_14_sig":"**","dth_obs_pulm_dise_0_74_yrs_2010_14_sdr_lo_95pc_ci":106,"dth_canc_0_74_yrs_2010_14_num":4648,"dth_canc_0_74_yrs_2010_14_sig":"**","dth_resp_sys_dise_0_74_yrs_2010_14_asr_100000":15.0,"dth_canc_0_74_yrs_2010_14_sdr_lo_95pc_ci":101,"dth_circ_sys_dise_0_74_yrs_2010_14_asr_100000_lo_95pc_ci":38.7,"dth_lung_canc_0_74_yrs_2010_14_num":1091,"dth_circ_sys_dise_0_74_yrs_2010_14_sdr_up_95pc_ci":93,"dth_circ_sys_dise_0_74_yrs_2010_14_num":1794},"id":"phidu_premature_mortality_by_cause_phn_2010_14.PHN306"},{"type":"Feature","properties":{"dth_canc_0_74_yrs_2010_14_asr_100000":114.4,"dth_obs_pulm_dise_0_74_yrs_2010_14_sig":"**","dth_obs_pulm_dise_0_74_yrs_2010_14_asr_100000":12.7,"dth_lung_canc_0_74_yrs_2010_14_sdr":131,"dth_circ_sys_dise_0_74_yrs_2010_14_asr_100000":57.1,"dth_obs_pulm_dise_0_74_yrs_2010_14_asr_100000_lo_95pc_ci":11.4,"dth_resp_sys_dise_0_74_yrs_2010_14_sdr_up_95pc_ci":146,"dth_lung_canc_0_74_yrs_2010_14_sdr_lo_95pc_ci":122,"dth_obs_pulm_dise_0_74_yrs_2010_14_asr_100000_up_95pc_ci":14.0,"dth_lung_canc_0_74_yrs_2010_14_asr_100000":27.5,"dth_resp_sys_dise_0_74_yrs_2010_14_sdr_lo_95pc_ci":124,"dth_resp_sys_dise_0_74_yrs_2010_14_asr_100000_up_95pc_ci":21.6,"dth_resp_sys_dise_0_74_yrs_2010_14_asr_100000_lo_95pc_ci":18.3,"dth_canc_0_74_yrs_2010_14_sdr":114,"dth_resp_sys_dise_0_74_yrs_2010_14_sig":"**","dth_circ_sys_dise_0_74_yrs_2010_14_asr_100000_up_95pc_ci":59.9,"dth_canc_0_74_yrs_2010_14_asr_100000_lo_95pc_ci":110.5,"dth_obs_pulm_dise_0_74_yrs_2010_14_num":362,"dth_resp_sys_dise_0_74_yrs_2010_14_num":576,"dth_obs_pulm_dise_0_74_yrs_2010_14_sdr":150,"dth_canc_0_74_yrs_2010_14_sdr_up_95pc_ci":117,"dth_lung_canc_0_74_yrs_2010_14_sig":"**","dth_circ_sys_dise_0_74_yrs_2010_14_sdr":125,"dth_lung_canc_0_74_yrs_2010_14_asr_100000_up_95pc_ci":29.4,"dth_lung_canc_0_74_yrs_2010_14_sdr_up_95pc_ci":140,"phn_code":"PHN307","dth_canc_0_74_yrs_2010_14_asr_100000_up_95pc_ci":118.3,"dth_resp_sys_dise_0_74_yrs_2010_14_sdr":135,"dth_obs_pulm_dise_0_74_yrs_2010_14_sdr_up_95pc_ci":166,"dth_lung_canc_0_74_yrs_2010_14_asr_100000_lo_95pc_ci":25.6,"dth_circ_sys_dise_0_74_yrs_2010_14_sdr_lo_95pc_ci":119,"dth_circ_sys_dise_0_74_yrs_2010_14_sig":"**","dth_obs_pulm_dise_0_74_yrs_2010_14_sdr_lo_95pc_ci":135,"dth_canc_0_74_yrs_2010_14_num":3366,"dth_canc_0_74_yrs_2010_14_sig":"**","dth_resp_sys_dise_0_74_yrs_2010_14_asr_100000":20.0,"dth_canc_0_74_yrs_2010_14_sdr_lo_95pc_ci":110,"dth_circ_sys_dise_0_74_yrs_2010_14_asr_100000_lo_95pc_ci":54.4,"dth_lung_canc_0_74_yrs_2010_14_num":801,"dth_circ_sys_dise_0_74_yrs_2010_14_sdr_up_95pc_ci":131,"dth_circ_sys_dise_0_74_yrs_2010_14_num":1680},"id":"phidu_premature_mortality_by_cause_phn_2010_14.PHN307"},{"type":"Feature","properties":{"dth_canc_0_74_yrs_2010_14_asr_100000":101.5,"dth_obs_pulm_dise_0_74_yrs_2010_14_sig":"*","dth_obs_pulm_dise_0_74_yrs_2010_14_asr_100000":7.7,"dth_lung_canc_0_74_yrs_2010_14_sdr":95,"dth_circ_sys_dise_0_74_yrs_2010_14_asr_100000":43.3,"dth_obs_pulm_dise_0_74_yrs_2010_14_asr_100000_lo_95pc_ci":7.0,"dth_resp_sys_dise_0_74_yrs_2010_14_sdr_up_95pc_ci":113,"dth_lung_canc_0_74_yrs_2010_14_sdr_lo_95pc_ci":89,"dth_obs_pulm_dise_0_74_yrs_2010_14_asr_100000_up_95pc_ci":8.4,"dth_lung_canc_0_74_yrs_2010_14_asr_100000":19.9,"dth_resp_sys_dise_0_74_yrs_2010_14_sdr_lo_95pc_ci":99,"dth_resp_sys_dise_0_74_yrs_2010_14_asr_100000_up_95pc_ci":16.6,"dth_resp_sys_dise_0_74_yrs_2010_14_asr_100000_lo_95pc_ci":14.6,"dth_canc_0_74_yrs_2010_14_sdr":101,"dth_resp_sys_dise_0_74_yrs_2010_14_sig":null,"dth_circ_sys_dise_0_74_yrs_2010_14_asr_100000_up_95pc_ci":45.0,"dth_canc_0_74_yrs_2010_14_asr_100000_lo_95pc_ci":98.9,"dth_obs_pulm_dise_0_74_yrs_2010_14_num":435,"dth_resp_sys_dise_0_74_yrs_2010_14_num":880,"dth_obs_pulm_dise_0_74_yrs_2010_14_sdr":91,"dth_canc_0_74_yrs_2010_14_sdr_up_95pc_ci":103,"dth_lung_canc_0_74_yrs_2010_14_sig":null,"dth_circ_sys_dise_0_74_yrs_2010_14_sdr":95,"dth_lung_canc_0_74_yrs_2010_14_asr_100000_up_95pc_ci":21.1,"dth_lung_canc_0_74_yrs_2010_14_sdr_up_95pc_ci":100,"phn_code":"PHN401","dth_canc_0_74_yrs_2010_14_asr_100000_up_95pc_ci":104.1,"dth_resp_sys_dise_0_74_yrs_2010_14_sdr":106,"dth_obs_pulm_dise_0_74_yrs_2010_14_sdr_up_95pc_ci":99,"dth_lung_canc_0_74_yrs_2010_14_asr_100000_lo_95pc_ci":18.8,"dth_circ_sys_dise_0_74_yrs_2010_14_sdr_lo_95pc_ci":91,"dth_circ_sys_dise_0_74_yrs_2010_14_sig":"*","dth_obs_pulm_dise_0_74_yrs_2010_14_sdr_lo_95pc_ci":82,"dth_canc_0_74_yrs_2010_14_num":5745,"dth_canc_0_74_yrs_2010_14_sig":null,"dth_resp_sys_dise_0_74_yrs_2010_14_asr_100000":15.6,"dth_canc_0_74_yrs_2010_14_sdr_lo_95pc_ci":98,"dth_circ_sys_dise_0_74_yrs_2010_14_asr_100000_lo_95pc_ci":41.6,"dth_lung_canc_0_74_yrs_2010_14_num":1132,"dth_circ_sys_dise_0_74_yrs_2010_14_sdr_up_95pc_ci":99,"dth_circ_sys_dise_0_74_yrs_2010_14_num":2451},"id":"phidu_premature_mortality_by_cause_phn_2010_14.PHN401"},{"type":"Feature","properties":{"dth_canc_0_74_yrs_2010_14_asr_100000":102.7,"dth_obs_pulm_dise_0_74_yrs_2010_14_sig":null,"dth_obs_pulm_dise_0_74_yrs_2010_14_asr_100000":8.1,"dth_lung_canc_0_74_yrs_2010_14_sdr":92,"dth_circ_sys_dise_0_74_yrs_2010_14_asr_100000":49.8,"dth_obs_pulm_dise_0_74_yrs_2010_14_asr_100000_lo_95pc_ci":7.1,"dth_resp_sys_dise_0_74_yrs_2010_14_sdr_up_95pc_ci":109,"dth_lung_canc_0_74_yrs_2010_14_sdr_lo_95pc_ci":85,"dth_obs_pulm_dise_0_74_yrs_2010_14_asr_100000_up_95pc_ci":9.2,"dth_lung_canc_0_74_yrs_2010_14_asr_100000":19.5,"dth_resp_sys_dise_0_74_yrs_2010_14_sdr_lo_95pc_ci":90,"dth_resp_sys_dise_0_74_yrs_2010_14_asr_100000_up_95pc_ci":16.2,"dth_resp_sys_dise_0_74_yrs_2010_14_asr_100000_lo_95pc_ci":13.3,"dth_canc_0_74_yrs_2010_14_sdr":102,"dth_resp_sys_dise_0_74_yrs_2010_14_sig":null,"dth_circ_sys_dise_0_74_yrs_2010_14_asr_100000_up_95pc_ci":52.5,"dth_canc_0_74_yrs_2010_14_asr_100000_lo_95pc_ci":98.9,"dth_obs_pulm_dise_0_74_yrs_2010_14_num":229,"dth_resp_sys_dise_0_74_yrs_2010_14_num":406,"dth_obs_pulm_dise_0_74_yrs_2010_14_sdr":96,"dth_canc_0_74_yrs_2010_14_sdr_up_95pc_ci":106,"dth_lung_canc_0_74_yrs_2010_14_sig":null,"dth_circ_sys_dise_0_74_yrs_2010_14_sdr":109,"dth_lung_canc_0_74_yrs_2010_14_asr_100000_up_95pc_ci":21.1,"dth_lung_canc_0_74_yrs_2010_14_sdr_up_95pc_ci":100,"phn_code":"PHN402","dth_canc_0_74_yrs_2010_14_asr_100000_up_95pc_ci":106.5,"dth_resp_sys_dise_0_74_yrs_2010_14_sdr":100,"dth_obs_pulm_dise_0_74_yrs_2010_14_sdr_up_95pc_ci":109,"dth_lung_canc_0_74_yrs_2010_14_asr_100000_lo_95pc_ci":17.8,"dth_circ_sys_dise_0_74_yrs_2010_14_sdr_lo_95pc_ci":103,"dth_circ_sys_dise_0_74_yrs_2010_14_sig":"**","dth_obs_pulm_dise_0_74_yrs_2010_14_sdr_lo_95pc_ci":84,"dth_canc_0_74_yrs_2010_14_num":2797,"dth_canc_0_74_yrs_2010_14_sig":null,"dth_resp_sys_dise_0_74_yrs_2010_14_asr_100000":14.7,"dth_canc_0_74_yrs_2010_14_sdr_lo_95pc_ci":98,"dth_circ_sys_dise_0_74_yrs_2010_14_asr_100000_lo_95pc_ci":47.1,"dth_lung_canc_0_74_yrs_2010_14_num":539,"dth_circ_sys_dise_0_74_yrs_2010_14_sdr_up_95pc_ci":115,"dth_circ_sys_dise_0_74_yrs_2010_14_num":1349},"id":"phidu_premature_mortality_by_cause_phn_2010_14.PHN402"},{"type":"Feature","properties":{"dth_canc_0_74_yrs_2010_14_asr_100000":88.6,"dth_obs_pulm_dise_0_74_yrs_2010_14_sig":"**","dth_obs_pulm_dise_0_74_yrs_2010_14_asr_100000":5.9,"dth_lung_canc_0_74_yrs_2010_14_sdr":84,"dth_circ_sys_dise_0_74_yrs_2010_14_asr_100000":36.1,"dth_obs_pulm_dise_0_74_yrs_2010_14_asr_100000_lo_95pc_ci":5.2,"dth_resp_sys_dise_0_74_yrs_2010_14_sdr_up_95pc_ci":84,"dth_lung_canc_0_74_yrs_2010_14_sdr_lo_95pc_ci":78,"dth_obs_pulm_dise_0_74_yrs_2010_14_asr_100000_up_95pc_ci":6.6,"dth_lung_canc_0_74_yrs_2010_14_asr_100000":17.7,"dth_resp_sys_dise_0_74_yrs_2010_14_sdr_lo_95pc_ci":70,"dth_resp_sys_dise_0_74_yrs_2010_14_asr_100000_up_95pc_ci":12.4,"dth_resp_sys_dise_0_74_yrs_2010_14_asr_100000_lo_95pc_ci":10.4,"dth_canc_0_74_yrs_2010_14_sdr":88,"dth_resp_sys_dise_0_74_yrs_2010_14_sig":"**","dth_circ_sys_dise_0_74_yrs_2010_14_asr_100000_up_95pc_ci":37.9,"dth_canc_0_74_yrs_2010_14_asr_100000_lo_95pc_ci":85.8,"dth_obs_pulm_dise_0_74_yrs_2010_14_num":250,"dth_resp_sys_dise_0_74_yrs_2010_14_num":489,"dth_obs_pulm_dise_0_74_yrs_2010_14_sdr":70,"dth_canc_0_74_yrs_2010_14_sdr_up_95pc_ci":91,"dth_lung_canc_0_74_yrs_2010_14_sig":"**","dth_circ_sys_dise_0_74_yrs_2010_14_sdr":79,"dth_lung_canc_0_74_yrs_2010_14_asr_100000_up_95pc_ci":18.9,"dth_lung_canc_0_74_yrs_2010_14_sdr_up_95pc_ci":90,"phn_code":"PHN501","dth_canc_0_74_yrs_2010_14_asr_100000_up_95pc_ci":91.4,"dth_resp_sys_dise_0_74_yrs_2010_14_sdr":77,"dth_obs_pulm_dise_0_74_yrs_2010_14_sdr_up_95pc_ci":78,"dth_lung_canc_0_74_yrs_2010_14_asr_100000_lo_95pc_ci":16.4,"dth_circ_sys_dise_0_74_yrs_2010_14_sdr_lo_95pc_ci":75,"dth_circ_sys_dise_0_74_yrs_2010_14_sig":"**","dth_obs_pulm_dise_0_74_yrs_2010_14_sdr_lo_95pc_ci":61,"dth_canc_0_74_yrs_2010_14_num":3853,"dth_canc_0_74_yrs_2010_14_sig":"**","dth_resp_sys_dise_0_74_yrs_2010_14_asr_100000":11.4,"dth_canc_0_74_yrs_2010_14_sdr_lo_95pc_ci":85,"dth_circ_sys_dise_0_74_yrs_2010_14_asr_100000_lo_95pc_ci":34.3,"dth_lung_canc_0_74_yrs_2010_14_num":760,"dth_circ_sys_dise_0_74_yrs_2010_14_sdr_up_95pc_ci":83,"dth_circ_sys_dise_0_74_yrs_2010_14_num":1569},"id":"phidu_premature_mortality_by_cause_phn_2010_14.PHN501"},{"type":"Feature","properties":{"dth_canc_0_74_yrs_2010_14_asr_100000":96.3,"dth_obs_pulm_dise_0_74_yrs_2010_14_sig":"**","dth_obs_pulm_dise_0_74_yrs_2010_14_asr_100000":6.4,"dth_lung_canc_0_74_yrs_2010_14_sdr":96,"dth_circ_sys_dise_0_74_yrs_2010_14_asr_100000":41.9,"dth_obs_pulm_dise_0_74_yrs_2010_14_asr_100000_lo_95pc_ci":5.6,"dth_resp_sys_dise_0_74_yrs_2010_14_sdr_up_95pc_ci":93,"dth_lung_canc_0_74_yrs_2010_14_sdr_lo_95pc_ci":90,"dth_obs_pulm_dise_0_74_yrs_2010_14_asr_100000_up_95pc_ci":7.2,"dth_lung_canc_0_74_yrs_2010_14_asr_100000":20.3,"dth_resp_sys_dise_0_74_yrs_2010_14_sdr_lo_95pc_ci":78,"dth_resp_sys_dise_0_74_yrs_2010_14_asr_100000_up_95pc_ci":13.7,"dth_resp_sys_dise_0_74_yrs_2010_14_asr_100000_lo_95pc_ci":11.5,"dth_canc_0_74_yrs_2010_14_sdr":96,"dth_resp_sys_dise_0_74_yrs_2010_14_sig":"**","dth_circ_sys_dise_0_74_yrs_2010_14_asr_100000_up_95pc_ci":43.9,"dth_canc_0_74_yrs_2010_14_asr_100000_lo_95pc_ci":93.2,"dth_obs_pulm_dise_0_74_yrs_2010_14_num":245,"dth_resp_sys_dise_0_74_yrs_2010_14_num":496,"dth_obs_pulm_dise_0_74_yrs_2010_14_sdr":75,"dth_canc_0_74_yrs_2010_14_sdr_up_95pc_ci":99,"dth_lung_canc_0_74_yrs_2010_14_sig":null,"dth_circ_sys_dise_0_74_yrs_2010_14_sdr":92,"dth_lung_canc_0_74_yrs_2010_14_asr_100000_up_95pc_ci":21.7,"dth_lung_canc_0_74_yrs_2010_14_sdr_up_95pc_ci":103,"phn_code":"PHN502","dth_canc_0_74_yrs_2010_14_asr_100000_up_95pc_ci":99.3,"dth_resp_sys_dise_0_74_yrs_2010_14_sdr":86,"dth_obs_pulm_dise_0_74_yrs_2010_14_sdr_up_95pc_ci":85,"dth_lung_canc_0_74_yrs_2010_14_asr_100000_lo_95pc_ci":18.9,"dth_circ_sys_dise_0_74_yrs_2010_14_sdr_lo_95pc_ci":87,"dth_circ_sys_dise_0_74_yrs_2010_14_sig":"**","dth_obs_pulm_dise_0_74_yrs_2010_14_sdr_lo_95pc_ci":66,"dth_canc_0_74_yrs_2010_14_num":3839,"dth_canc_0_74_yrs_2010_14_sig":"**","dth_resp_sys_dise_0_74_yrs_2010_14_asr_100000":12.6,"dth_canc_0_74_yrs_2010_14_sdr_lo_95pc_ci":93,"dth_circ_sys_dise_0_74_yrs_2010_14_asr_100000_lo_95pc_ci":39.9,"dth_lung_canc_0_74_yrs_2010_14_num":805,"dth_circ_sys_dise_0_74_yrs_2010_14_sdr_up_95pc_ci":96,"dth_circ_sys_dise_0_74_yrs_2010_14_num":1673},"id":"phidu_premature_mortality_by_cause_phn_2010_14.PHN502"},{"type":"Feature","properties":{"dth_canc_0_74_yrs_2010_14_asr_100000":100.6,"dth_obs_pulm_dise_0_74_yrs_2010_14_sig":null,"dth_obs_pulm_dise_0_74_yrs_2010_14_asr_100000":9.2,"dth_lung_canc_0_74_yrs_2010_14_sdr":108,"dth_circ_sys_dise_0_74_yrs_2010_14_asr_100000":58.0,"dth_obs_pulm_dise_0_74_yrs_2010_14_asr_100000_lo_95pc_ci":8.0,"dth_resp_sys_dise_0_74_yrs_2010_14_sdr_up_95pc_ci":124,"dth_lung_canc_0_74_yrs_2010_14_sdr_lo_95pc_ci":99,"dth_obs_pulm_dise_0_74_yrs_2010_14_asr_100000_up_95pc_ci":10.4,"dth_lung_canc_0_74_yrs_2010_14_asr_100000":22.8,"dth_resp_sys_dise_0_74_yrs_2010_14_sdr_lo_95pc_ci":102,"dth_resp_sys_dise_0_74_yrs_2010_14_asr_100000_up_95pc_ci":18.3,"dth_resp_sys_dise_0_74_yrs_2010_14_asr_100000_lo_95pc_ci":15.0,"dth_canc_0_74_yrs_2010_14_sdr":100,"dth_resp_sys_dise_0_74_yrs_2010_14_sig":"*","dth_circ_sys_dise_0_74_yrs_2010_14_asr_100000_up_95pc_ci":61.0,"dth_canc_0_74_yrs_2010_14_asr_100000_lo_95pc_ci":96.6,"dth_obs_pulm_dise_0_74_yrs_2010_14_num":212,"dth_resp_sys_dise_0_74_yrs_2010_14_num":388,"dth_obs_pulm_dise_0_74_yrs_2010_14_sdr":109,"dth_canc_0_74_yrs_2010_14_sdr_up_95pc_ci":104,"dth_lung_canc_0_74_yrs_2010_14_sig":null,"dth_circ_sys_dise_0_74_yrs_2010_14_sdr":127,"dth_lung_canc_0_74_yrs_2010_14_asr_100000_up_95pc_ci":24.7,"dth_lung_canc_0_74_yrs_2010_14_sdr_up_95pc_ci":118,"phn_code":"PHN503","dth_canc_0_74_yrs_2010_14_asr_100000_up_95pc_ci":104.6,"dth_resp_sys_dise_0_74_yrs_2010_14_sdr":113,"dth_obs_pulm_dise_0_74_yrs_2010_14_sdr_up_95pc_ci":123,"dth_lung_canc_0_74_yrs_2010_14_asr_100000_lo_95pc_ci":20.9,"dth_circ_sys_dise_0_74_yrs_2010_14_sdr_lo_95pc_ci":120,"dth_circ_sys_dise_0_74_yrs_2010_14_sig":"**","dth_obs_pulm_dise_0_74_yrs_2010_14_sdr_lo_95pc_ci":94,"dth_canc_0_74_yrs_2010_14_num":2395,"dth_canc_0_74_yrs_2010_14_sig":null,"dth_resp_sys_dise_0_74_yrs_2010_14_asr_100000":16.6,"dth_canc_0_74_yrs_2010_14_sdr_lo_95pc_ci":96,"dth_circ_sys_dise_0_74_yrs_2010_14_asr_100000_lo_95pc_ci":54.9,"dth_lung_canc_0_74_yrs_2010_14_num":538,"dth_circ_sys_dise_0_74_yrs_2010_14_sdr_up_95pc_ci":134,"dth_circ_sys_dise_0_74_yrs_2010_14_num":1378},"id":"phidu_premature_mortality_by_cause_phn_2010_14.PHN503"},{"type":"Feature","properties":{"dth_canc_0_74_yrs_2010_14_asr_100000":115.5,"dth_obs_pulm_dise_0_74_yrs_2010_14_sig":"**","dth_obs_pulm_dise_0_74_yrs_2010_14_asr_100000":13.7,"dth_lung_canc_0_74_yrs_2010_14_sdr":113,"dth_circ_sys_dise_0_74_yrs_2010_14_asr_100000":53.8,"dth_obs_pulm_dise_0_74_yrs_2010_14_asr_100000_lo_95pc_ci":12.4,"dth_resp_sys_dise_0_74_yrs_2010_14_sdr_up_95pc_ci":146,"dth_lung_canc_0_74_yrs_2010_14_sdr_lo_95pc_ci":105,"dth_obs_pulm_dise_0_74_yrs_2010_14_asr_100000_up_95pc_ci":15.1,"dth_lung_canc_0_74_yrs_2010_14_asr_100000":23.9,"dth_resp_sys_dise_0_74_yrs_2010_14_sdr_lo_95pc_ci":124,"dth_resp_sys_dise_0_74_yrs_2010_14_asr_100000_up_95pc_ci":21.6,"dth_resp_sys_dise_0_74_yrs_2010_14_asr_100000_lo_95pc_ci":18.3,"dth_canc_0_74_yrs_2010_14_sdr":115,"dth_resp_sys_dise_0_74_yrs_2010_14_sig":"**","dth_circ_sys_dise_0_74_yrs_2010_14_asr_100000_up_95pc_ci":56.5,"dth_canc_0_74_yrs_2010_14_asr_100000_lo_95pc_ci":111.5,"dth_obs_pulm_dise_0_74_yrs_2010_14_num":392,"dth_resp_sys_dise_0_74_yrs_2010_14_num":561,"dth_obs_pulm_dise_0_74_yrs_2010_14_sdr":162,"dth_canc_0_74_yrs_2010_14_sdr_up_95pc_ci":119,"dth_lung_canc_0_74_yrs_2010_14_sig":"**","dth_circ_sys_dise_0_74_yrs_2010_14_sdr":118,"dth_lung_canc_0_74_yrs_2010_14_asr_100000_up_95pc_ci":25.7,"dth_lung_canc_0_74_yrs_2010_14_sdr_up_95pc_ci":122,"phn_code":"PHN601","dth_canc_0_74_yrs_2010_14_asr_100000_up_95pc_ci":119.5,"dth_resp_sys_dise_0_74_yrs_2010_14_sdr":135,"dth_obs_pulm_dise_0_74_yrs_2010_14_sdr_up_95pc_ci":178,"dth_lung_canc_0_74_yrs_2010_14_asr_100000_lo_95pc_ci":22.0,"dth_circ_sys_dise_0_74_yrs_2010_14_sdr_lo_95pc_ci":112,"dth_circ_sys_dise_0_74_yrs_2010_14_sig":"**","dth_obs_pulm_dise_0_74_yrs_2010_14_sdr_lo_95pc_ci":146,"dth_canc_0_74_yrs_2010_14_num":3218,"dth_canc_0_74_yrs_2010_14_sig":"**","dth_resp_sys_dise_0_74_yrs_2010_14_asr_100000":20.0,"dth_canc_0_74_yrs_2010_14_sdr_lo_95pc_ci":111,"dth_circ_sys_dise_0_74_yrs_2010_14_asr_100000_lo_95pc_ci":51.1,"dth_lung_canc_0_74_yrs_2010_14_num":674,"dth_circ_sys_dise_0_74_yrs_2010_14_sdr_up_95pc_ci":124,"dth_circ_sys_dise_0_74_yrs_2010_14_num":1491},"id":"phidu_premature_mortality_by_cause_phn_2010_14.PHN601"},{"type":"Feature","properties":{"dth_canc_0_74_yrs_2010_14_asr_100000":131.3,"dth_obs_pulm_dise_0_74_yrs_2010_14_sig":"**","dth_obs_pulm_dise_0_74_yrs_2010_14_asr_100000":25.2,"dth_lung_canc_0_74_yrs_2010_14_sdr":160,"dth_circ_sys_dise_0_74_yrs_2010_14_asr_100000":100.4,"dth_obs_pulm_dise_0_74_yrs_2010_14_asr_100000_lo_95pc_ci":21.5,"dth_resp_sys_dise_0_74_yrs_2010_14_sdr_up_95pc_ci":296,"dth_lung_canc_0_74_yrs_2010_14_sdr_lo_95pc_ci":140,"dth_obs_pulm_dise_0_74_yrs_2010_14_asr_100000_up_95pc_ci":29.0,"dth_lung_canc_0_74_yrs_2010_14_asr_100000":33.6,"dth_resp_sys_dise_0_74_yrs_2010_14_sdr_lo_95pc_ci":235,"dth_resp_sys_dise_0_74_yrs_2010_14_asr_100000_up_95pc_ci":43.7,"dth_resp_sys_dise_0_74_yrs_2010_14_asr_100000_lo_95pc_ci":34.7,"dth_canc_0_74_yrs_2010_14_sdr":130,"dth_resp_sys_dise_0_74_yrs_2010_14_sig":"**","dth_circ_sys_dise_0_74_yrs_2010_14_asr_100000_up_95pc_ci":107.3,"dth_canc_0_74_yrs_2010_14_asr_100000_lo_95pc_ci":123.3,"dth_obs_pulm_dise_0_74_yrs_2010_14_num":175,"dth_resp_sys_dise_0_74_yrs_2010_14_num":290,"dth_obs_pulm_dise_0_74_yrs_2010_14_sdr":298,"dth_canc_0_74_yrs_2010_14_sdr_up_95pc_ci":138,"dth_lung_canc_0_74_yrs_2010_14_sig":"**","dth_circ_sys_dise_0_74_yrs_2010_14_sdr":220,"dth_lung_canc_0_74_yrs_2010_14_asr_100000_up_95pc_ci":37.7,"dth_lung_canc_0_74_yrs_2010_14_sdr_up_95pc_ci":179,"phn_code":"PHN701","dth_canc_0_74_yrs_2010_14_asr_100000_up_95pc_ci":139.2,"dth_resp_sys_dise_0_74_yrs_2010_14_sdr":266,"dth_obs_pulm_dise_0_74_yrs_2010_14_sdr_up_95pc_ci":342,"dth_lung_canc_0_74_yrs_2010_14_asr_100000_lo_95pc_ci":29.5,"dth_circ_sys_dise_0_74_yrs_2010_14_sdr_lo_95pc_ci":205,"dth_circ_sys_dise_0_74_yrs_2010_14_sig":"**","dth_obs_pulm_dise_0_74_yrs_2010_14_sdr_lo_95pc_ci":254,"dth_canc_0_74_yrs_2010_14_num":1045,"dth_canc_0_74_yrs_2010_14_sig":"**","dth_resp_sys_dise_0_74_yrs_2010_14_asr_100000":39.2,"dth_canc_0_74_yrs_2010_14_sdr_lo_95pc_ci":123,"dth_circ_sys_dise_0_74_yrs_2010_14_asr_100000_lo_95pc_ci":93.4,"dth_lung_canc_0_74_yrs_2010_14_num":255,"dth_circ_sys_dise_0_74_yrs_2010_14_sdr_up_95pc_ci":235,"dth_circ_sys_dise_0_74_yrs_2010_14_num":800},"id":"phidu_premature_mortality_by_cause_phn_2010_14.PHN701"},{"type":"Feature","properties":{"dth_canc_0_74_yrs_2010_14_asr_100000":84.2,"dth_obs_pulm_dise_0_74_yrs_2010_14_sig":"**","dth_obs_pulm_dise_0_74_yrs_2010_14_asr_100000":5.5,"dth_lung_canc_0_74_yrs_2010_14_sdr":65,"dth_circ_sys_dise_0_74_yrs_2010_14_asr_100000":36.8,"dth_obs_pulm_dise_0_74_yrs_2010_14_asr_100000_lo_95pc_ci":4.3,"dth_resp_sys_dise_0_74_yrs_2010_14_sdr_up_95pc_ci":90,"dth_lung_canc_0_74_yrs_2010_14_sdr_lo_95pc_ci":56,"dth_obs_pulm_dise_0_74_yrs_2010_14_asr_100000_up_95pc_ci":6.7,"dth_lung_canc_0_74_yrs_2010_14_asr_100000":13.7,"dth_resp_sys_dise_0_74_yrs_2010_14_sdr_lo_95pc_ci":67,"dth_resp_sys_dise_0_74_yrs_2010_14_asr_100000_up_95pc_ci":13.3,"dth_resp_sys_dise_0_74_yrs_2010_14_asr_100000_lo_95pc_ci":9.9,"dth_canc_0_74_yrs_2010_14_sdr":84,"dth_resp_sys_dise_0_74_yrs_2010_14_sig":"**","dth_circ_sys_dise_0_74_yrs_2010_14_asr_100000_up_95pc_ci":39.9,"dth_canc_0_74_yrs_2010_14_asr_100000_lo_95pc_ci":79.7,"dth_obs_pulm_dise_0_74_yrs_2010_14_num":81,"dth_resp_sys_dise_0_74_yrs_2010_14_num":175,"dth_obs_pulm_dise_0_74_yrs_2010_14_sdr":65,"dth_canc_0_74_yrs_2010_14_sdr_up_95pc_ci":88,"dth_lung_canc_0_74_yrs_2010_14_sig":"**","dth_circ_sys_dise_0_74_yrs_2010_14_sdr":81,"dth_lung_canc_0_74_yrs_2010_14_asr_100000_up_95pc_ci":15.5,"dth_lung_canc_0_74_yrs_2010_14_sdr_up_95pc_ci":74,"phn_code":"PHN801","dth_canc_0_74_yrs_2010_14_asr_100000_up_95pc_ci":88.8,"dth_resp_sys_dise_0_74_yrs_2010_14_sdr":78,"dth_obs_pulm_dise_0_74_yrs_2010_14_sdr_up_95pc_ci":79,"dth_lung_canc_0_74_yrs_2010_14_asr_100000_lo_95pc_ci":11.8,"dth_circ_sys_dise_0_74_yrs_2010_14_sdr_lo_95pc_ci":74,"dth_circ_sys_dise_0_74_yrs_2010_14_sig":"**","dth_obs_pulm_dise_0_74_yrs_2010_14_sdr_lo_95pc_ci":51,"dth_canc_0_74_yrs_2010_14_num":1303,"dth_canc_0_74_yrs_2010_14_sig":"**","dth_resp_sys_dise_0_74_yrs_2010_14_asr_100000":11.6,"dth_canc_0_74_yrs_2010_14_sdr_lo_95pc_ci":79,"dth_circ_sys_dise_0_74_yrs_2010_14_asr_100000_lo_95pc_ci":33.8,"dth_lung_canc_0_74_yrs_2010_14_num":208,"dth_circ_sys_dise_0_74_yrs_2010_14_sdr_up_95pc_ci":87,"dth_circ_sys_dise_0_74_yrs_2010_14_num":570},"id":"phidu_premature_mortality_by_cause_phn_2010_14.PHN801"}]}