{"type":"FeatureCollection","bbox":[0.0,0.0,-1.0,-1.0],"features":[{"type":"Feature","properties":{"admis_all_cancs_p_all_hosps_2014_15_num":35704,"admis_all_cancs_p_pub_hosps_2014_15_asr_100000":1729.8,"admis_bld_bld_frm_orgs_dise_p_pub_hosps_2014_15_sr":167,"admis_nerv_sys_dise_p_all_hosps_2014_15_sig":"**","admis_infec_parasit_dise_p_pub_hosps_2014_15_asr_100000":617.7,"admis_skin_subcutan_tis_dise_p_all_hosps_2014_15_num":9189,"admis_bld_bld_frm_orgs_dise_p_all_hosps_2014_15_asr_100000":979.8,"admis_cond_perinatl_prd_p_pub_hosps_2014_15_rt_per_100_lv_brth":20.8,"admis_genit_sys_dise_p_all_hosps_2014_15_sig":"**","admis_mental_hlth_rltd_cond_p_pub_hosps_2014_15_num":12036,"admis_eye_adnexa_dise_p_all_hosps_2014_15_asr_100000":1452.4,"admis_infec_parasit_dise_p_pub_hosps_2014_15_num":8529,"admis_circ_sys_dise_p_all_hosps_2014_15_asr_100000":2218.3,"admis_eye_adnexa_dise_p_pub_hosps_2014_15_asr_100000":558.6,"admis_infec_parasit_dise_p_all_hosps_2014_15_sig":"**","admis_inj_pois_ext_caus_p_all_hosps_2014_15_num":32851,"admis_cond_perinatl_prd_p_all_hosps_2014_15_num_lv_brth":23466,"admis_genit_sys_dise_p_pub_hosps_2014_15_asr_100000":1283.8,"admis_musco_sys_conn_tis_dise_p_all_hosps_2014_15_asr_100000":2185.5,"admis_skin_subcutan_tis_dise_p_pub_hosps_2014_15_asr_100000":496.2,"admis_endo_meta_dise_p_all_hosps_2014_15_sig":"**","admis_congen_defrm_chrmo_abnrm_p_pub_hosps_2014_15_sig":"**","admis_ear_mastoid_prcs_dise_p_all_hosps_2014_15_sr":88,"admis_congen_defrm_chrmo_abnrm_p_pub_hosps_2014_15_asr_100000":133.3,"admis_congen_defrm_chrmo_abnrm_p_all_hosps_2014_15_num":2525,"admis_bld_bld_frm_orgs_dise_p_pub_hosps_2014_15_sig":"**","admis_digst_sys_dise_p_pub_hosps_2014_15_asr_100000":2117.2,"admis_eye_adnexa_dise_p_all_hosps_2014_15_sig":"**","admis_resp_sys_dise_p_pub_hosps_2014_15_sig":null,"admis_mental_hlth_rltd_cond_p_all_hosps_2014_15_sr":67,"admis_infec_parasit_dise_p_all_hosps_2014_15_num":9618,"admis_circ_sys_dise_p_all_hosps_2014_15_sr":101,"admis_congen_defrm_chrmo_abnrm_p_all_hosps_2014_15_asr_100000":88.3,"admis_ear_mastoid_prcs_dise_p_all_hosps_2014_15_asr_100000":250.2,"admis_digst_sys_dise_p_all_hosps_2014_15_sig":"**","admis_infec_parasit_dise_p_pub_hosps_2014_15_sr":110,"admis_all_cancs_p_pub_hosps_2014_15_sig":"**","admis_inj_pois_ext_caus_p_all_hosps_2014_15_sig":"**","admis_all_cancs_p_all_hosps_2014_15_asr_100000":2921.9,"admis_all_cancs_p_pub_hosps_2014_15_sr":132,"admis_endo_meta_dise_p_pub_hosps_2014_15_asr_100000":493.7,"admis_all_cancs_p_all_hosps_2014_15_sig":"**","admis_bld_bld_frm_orgs_dise_p_all_hosps_2014_15_num":12420,"admis_resp_sys_dise_p_all_hosps_2014_15_num":24377,"admis_genit_sys_dise_p_all_hosps_2014_15_num":29236,"admis_skin_subcutan_tis_dise_p_pub_hosps_2014_15_sig":"**","admis_bld_bld_frm_orgs_dise_p_all_hosps_2014_15_sig":"**","admis_inj_pois_ext_caus_p_all_hosps_2014_15_asr_100000":2389.1,"admis_endo_meta_dise_p_all_hosps_2014_15_sr":104,"admis_ear_mastoid_prcs_dise_p_all_hosps_2014_15_num":3440,"admis_cond_perinatl_prd_p_pub_hosps_2014_15_num_lv_brth":18169,"admis_eye_adnexa_dise_p_pub_hosps_2014_15_num":6638,"admis_circ_sys_dise_p_all_hosps_2014_15_num":26527,"admis_nerv_sys_dise_p_pub_hosps_2014_15_num":13028,"admis_resp_sys_dise_p_all_hosps_2014_15_asr_100000":1830.9,"admis_musco_sys_conn_tis_dise_p_all_hosps_2014_15_sig":"**","admis_digst_sys_dise_p_pub_hosps_2014_15_sr":102,"admis_ear_mastoid_prcs_dise_p_pub_hosps_2014_15_sr":102,"admis_ear_mastoid_prcs_dise_p_pub_hosps_2014_15_num":2054,"admis_mental_hlth_rltd_cond_p_pub_hosps_2014_15_sr":89,"admis_congen_defrm_chrmo_abnrm_p_all_hosps_2014_15_sr":101,"admis_genit_sys_dise_p_all_hosps_2014_15_asr_100000":2143.7,"admis_bld_bld_frm_orgs_dise_p_all_hosps_2014_15_sr":136,"admis_eye_adnexa_dise_p_all_hosps_2014_15_num":16976,"admis_nerv_sys_dise_p_pub_hosps_2014_15_sr":137,"admis_cond_perinatl_prd_p_all_hosps_2014_15_rt_per_100_lv_brth":18.9,"admis_endo_meta_dise_p_pub_hosps_2014_15_sig":"**","admis_musco_sys_conn_tis_dise_p_all_hosps_2014_15_sr":91,"admis_skin_subcutan_tis_dise_p_all_hosps_2014_15_sr":92,"admis_nerv_sys_dise_p_all_hosps_2014_15_sr":118,"admis_nerv_sys_dise_p_pub_hosps_2014_15_asr_100000":959.5,"admis_inj_pois_ext_caus_p_pub_hosps_2014_15_num":27879,"admis_all_cancs_p_all_hosps_2014_15_sr":102,"admis_genit_sys_dise_p_all_hosps_2014_15_sr":102,"admis_genit_sys_dise_p_pub_hosps_2014_15_sig":"**","admis_digst_sys_dise_p_all_hosps_2014_15_sr":109,"admis_cond_perinatl_prd_p_all_hosps_2014_15_num":4430,"admis_eye_adnexa_dise_p_pub_hosps_2014_15_sig":"**","admis_skin_subcutan_tis_dise_p_all_hosps_2014_15_asr_100000":675.2,"admis_all_cancs_p_pub_hosps_2014_15_num":21405,"admis_circ_sys_dise_p_pub_hosps_2014_15_asr_100000":1650.0,"admis_digst_sys_dise_p_pub_hosps_2014_15_sig":"**","admis_musco_sys_conn_tis_dise_p_pub_hosps_2014_15_sig":"**","admis_endo_meta_dise_p_all_hosps_2014_15_asr_100000":727.6,"admis_bld_bld_frm_orgs_dise_p_pub_hosps_2014_15_asr_100000":763.8,"admis_musco_sys_conn_tis_dise_p_pub_hosps_2014_15_asr_100000":1005.3,"admis_mental_hlth_rltd_cond_p_all_hosps_2014_15_num":17398,"admis_digst_sys_dise_p_pub_hosps_2014_15_num":29041,"admis_infec_parasit_dise_p_all_hosps_2014_15_asr_100000":702.1,"admis_inj_pois_ext_caus_p_all_hosps_2014_15_sr":82,"admis_inj_pois_ext_caus_p_pub_hosps_2014_15_sr":90,"admis_congen_defrm_chrmo_abnrm_p_pub_hosps_2014_15_num":1950,"admis_circ_sys_dise_p_pub_hosps_2014_15_sig":"**","admis_musco_sys_conn_tis_dise_p_all_hosps_2014_15_num":28256,"phn_code":"PHN201","admis_inj_pois_ext_caus_p_pub_hosps_2014_15_asr_100000":2151.6,"phn_name":"North Western Melbourne","admis_bld_bld_frm_orgs_dise_p_pub_hosps_2014_15_num":9849,"first_ste1":"Victoria","admis_mental_hlth_rltd_cond_p_all_hosps_2014_15_asr_100000":1194.0,"admis_musco_sys_conn_tis_dise_p_pub_hosps_2014_15_sr":108,"admis_cond_perinatl_prd_p_pub_hosps_2014_15_num":3772,"admis_skin_subcutan_tis_dise_p_pub_hosps_2014_15_num":6863,"admis_congen_defrm_chrmo_abnrm_p_pub_hosps_2014_15_sr":110,"admis_mental_hlth_rltd_cond_p_pub_hosps_2014_15_asr_100000":817.5,"admis_ear_mastoid_prcs_dise_p_pub_hosps_2014_15_sig":null,"admis_infec_parasit_dise_p_pub_hosps_2014_15_sig":"**","admis_resp_sys_dise_p_pub_hosps_2014_15_asr_100000":1505.8,"admis_digst_sys_dise_p_all_hosps_2014_15_num":66339,"admis_circ_sys_dise_p_pub_hosps_2014_15_sr":109,"admis_digst_sys_dise_p_all_hosps_2014_15_asr_100000":4913.1,"admis_resp_sys_dise_p_pub_hosps_2014_15_num":19928,"admis_mental_hlth_rltd_cond_p_pub_hosps_2014_15_sig":"**","admis_ear_mastoid_prcs_dise_p_all_hosps_2014_15_sig":"**","admis_endo_meta_dise_p_pub_hosps_2014_15_num":6516,"admis_nerv_sys_dise_p_all_hosps_2014_15_asr_100000":1452.0,"admis_nerv_sys_dise_p_all_hosps_2014_15_num":19335,"admis_genit_sys_dise_p_pub_hosps_2014_15_sr":106,"admis_circ_sys_dise_p_pub_hosps_2014_15_num":19876,"admis_infec_parasit_dise_p_all_hosps_2014_15_sr":104,"admis_skin_subcutan_tis_dise_p_all_hosps_2014_15_sig":"**","admis_congen_defrm_chrmo_abnrm_p_all_hosps_2014_15_sig":null,"admis_mental_hlth_rltd_cond_p_all_hosps_2014_15_sig":"**","admis_musco_sys_conn_tis_dise_p_pub_hosps_2014_15_num":13044,"admis_circ_sys_dise_p_all_hosps_2014_15_sig":null,"admis_eye_adnexa_dise_p_all_hosps_2014_15_sr":85,"admis_eye_adnexa_dise_p_pub_hosps_2014_15_sr":121,"admis_resp_sys_dise_p_pub_hosps_2014_15_sr":99,"admis_inj_pois_ext_caus_p_pub_hosps_2014_15_sig":"**","admis_resp_sys_dise_p_all_hosps_2014_15_sig":"**","admis_skin_subcutan_tis_dise_p_pub_hosps_2014_15_sr":94,"admis_ear_mastoid_prcs_dise_p_pub_hosps_2014_15_asr_100000":151.5,"admis_genit_sys_dise_p_pub_hosps_2014_15_num":17885,"admis_nerv_sys_dise_p_pub_hosps_2014_15_sig":"**","admis_resp_sys_dise_p_all_hosps_2014_15_sr":93,"admis_endo_meta_dise_p_pub_hosps_2014_15_sr":113,"admis_endo_meta_dise_p_all_hosps_2014_15_num":9670},"id":"phidu_admissions_principal_diagnosis_persons_phn_2014_15.PHN201"},{"type":"Feature","properties":{"admis_all_cancs_p_all_hosps_2014_15_num":43858,"admis_all_cancs_p_pub_hosps_2014_15_asr_100000":1238.8,"admis_bld_bld_frm_orgs_dise_p_pub_hosps_2014_15_sr":114,"admis_nerv_sys_dise_p_all_hosps_2014_15_sig":"**","admis_infec_parasit_dise_p_pub_hosps_2014_15_asr_100000":443.3,"admis_skin_subcutan_tis_dise_p_all_hosps_2014_15_num":9686,"admis_bld_bld_frm_orgs_dise_p_all_hosps_2014_15_asr_100000":832.9,"admis_cond_perinatl_prd_p_pub_hosps_2014_15_rt_per_100_lv_brth":22.9,"admis_genit_sys_dise_p_all_hosps_2014_15_sig":"**","admis_mental_hlth_rltd_cond_p_pub_hosps_2014_15_num":8708,"admis_eye_adnexa_dise_p_all_hosps_2014_15_asr_100000":1698.6,"admis_infec_parasit_dise_p_pub_hosps_2014_15_num":6143,"admis_circ_sys_dise_p_all_hosps_2014_15_asr_100000":1927.5,"admis_eye_adnexa_dise_p_pub_hosps_2014_15_asr_100000":344.1,"admis_infec_parasit_dise_p_all_hosps_2014_15_sig":"**","admis_inj_pois_ext_caus_p_all_hosps_2014_15_num":34854,"admis_cond_perinatl_prd_p_all_hosps_2014_15_num_lv_brth":16673,"admis_genit_sys_dise_p_pub_hosps_2014_15_asr_100000":1026.4,"admis_musco_sys_conn_tis_dise_p_all_hosps_2014_15_asr_100000":2353.1,"admis_skin_subcutan_tis_dise_p_pub_hosps_2014_15_asr_100000":392.2,"admis_endo_meta_dise_p_all_hosps_2014_15_sig":null,"admis_congen_defrm_chrmo_abnrm_p_pub_hosps_2014_15_sig":"**","admis_ear_mastoid_prcs_dise_p_all_hosps_2014_15_sr":94,"admis_congen_defrm_chrmo_abnrm_p_pub_hosps_2014_15_asr_100000":105.6,"admis_congen_defrm_chrmo_abnrm_p_all_hosps_2014_15_num":2141,"admis_bld_bld_frm_orgs_dise_p_pub_hosps_2014_15_sig":"**","admis_digst_sys_dise_p_pub_hosps_2014_15_asr_100000":1640.0,"admis_eye_adnexa_dise_p_all_hosps_2014_15_sig":null,"admis_resp_sys_dise_p_pub_hosps_2014_15_sig":"**","admis_mental_hlth_rltd_cond_p_all_hosps_2014_15_sr":114,"admis_infec_parasit_dise_p_all_hosps_2014_15_num":8235,"admis_circ_sys_dise_p_all_hosps_2014_15_sr":88,"admis_congen_defrm_chrmo_abnrm_p_all_hosps_2014_15_asr_100000":162.8,"admis_ear_mastoid_prcs_dise_p_all_hosps_2014_15_asr_100000":268.7,"admis_digst_sys_dise_p_all_hosps_2014_15_sig":"**","admis_infec_parasit_dise_p_pub_hosps_2014_15_sr":79,"admis_all_cancs_p_pub_hosps_2014_15_sig":"**","admis_inj_pois_ext_caus_p_all_hosps_2014_15_sig":"**","admis_all_cancs_p_all_hosps_2014_15_asr_100000":3079.1,"admis_all_cancs_p_pub_hosps_2014_15_sr":95,"admis_endo_meta_dise_p_pub_hosps_2014_15_asr_100000":390.4,"admis_all_cancs_p_all_hosps_2014_15_sig":"**","admis_bld_bld_frm_orgs_dise_p_all_hosps_2014_15_num":11832,"admis_resp_sys_dise_p_all_hosps_2014_15_num":22940,"admis_genit_sys_dise_p_all_hosps_2014_15_num":30573,"admis_skin_subcutan_tis_dise_p_pub_hosps_2014_15_sig":"**","admis_bld_bld_frm_orgs_dise_p_all_hosps_2014_15_sig":"**","admis_inj_pois_ext_caus_p_all_hosps_2014_15_asr_100000":2479.8,"admis_endo_meta_dise_p_all_hosps_2014_15_sr":98,"admis_ear_mastoid_prcs_dise_p_all_hosps_2014_15_num":3624,"admis_cond_perinatl_prd_p_pub_hosps_2014_15_num_lv_brth":10903,"admis_eye_adnexa_dise_p_pub_hosps_2014_15_num":4933,"admis_circ_sys_dise_p_all_hosps_2014_15_num":27667,"admis_nerv_sys_dise_p_pub_hosps_2014_15_num":11574,"admis_resp_sys_dise_p_all_hosps_2014_15_asr_100000":1651.8,"admis_musco_sys_conn_tis_dise_p_all_hosps_2014_15_sig":"**","admis_digst_sys_dise_p_pub_hosps_2014_15_sr":79,"admis_ear_mastoid_prcs_dise_p_pub_hosps_2014_15_sr":80,"admis_ear_mastoid_prcs_dise_p_pub_hosps_2014_15_num":1615,"admis_mental_hlth_rltd_cond_p_pub_hosps_2014_15_sr":68,"admis_congen_defrm_chrmo_abnrm_p_all_hosps_2014_15_sr":94,"admis_genit_sys_dise_p_all_hosps_2014_15_asr_100000":2173.7,"admis_bld_bld_frm_orgs_dise_p_all_hosps_2014_15_sr":115,"admis_eye_adnexa_dise_p_all_hosps_2014_15_num":24450,"admis_nerv_sys_dise_p_pub_hosps_2014_15_sr":118,"admis_cond_perinatl_prd_p_all_hosps_2014_15_rt_per_100_lv_brth":21.2,"admis_endo_meta_dise_p_pub_hosps_2014_15_sig":"**","admis_musco_sys_conn_tis_dise_p_all_hosps_2014_15_sr":98,"admis_skin_subcutan_tis_dise_p_all_hosps_2014_15_sr":94,"admis_nerv_sys_dise_p_all_hosps_2014_15_sr":120,"admis_nerv_sys_dise_p_pub_hosps_2014_15_asr_100000":829.1,"admis_inj_pois_ext_caus_p_pub_hosps_2014_15_num":25426,"admis_all_cancs_p_all_hosps_2014_15_sr":107,"admis_genit_sys_dise_p_all_hosps_2014_15_sr":103,"admis_genit_sys_dise_p_pub_hosps_2014_15_sig":"**","admis_digst_sys_dise_p_all_hosps_2014_15_sr":116,"admis_cond_perinatl_prd_p_all_hosps_2014_15_num":3537,"admis_eye_adnexa_dise_p_pub_hosps_2014_15_sig":"**","admis_skin_subcutan_tis_dise_p_all_hosps_2014_15_asr_100000":689.2,"admis_all_cancs_p_pub_hosps_2014_15_num":17608,"admis_circ_sys_dise_p_pub_hosps_2014_15_asr_100000":1130.7,"admis_digst_sys_dise_p_pub_hosps_2014_15_sig":"**","admis_musco_sys_conn_tis_dise_p_pub_hosps_2014_15_sig":"**","admis_endo_meta_dise_p_all_hosps_2014_15_asr_100000":690.9,"admis_bld_bld_frm_orgs_dise_p_pub_hosps_2014_15_asr_100000":524.5,"admis_musco_sys_conn_tis_dise_p_pub_hosps_2014_15_asr_100000":746.3,"admis_mental_hlth_rltd_cond_p_all_hosps_2014_15_num":28158,"admis_digst_sys_dise_p_pub_hosps_2014_15_num":23037,"admis_infec_parasit_dise_p_all_hosps_2014_15_asr_100000":592.2,"admis_inj_pois_ext_caus_p_all_hosps_2014_15_sr":85,"admis_inj_pois_ext_caus_p_pub_hosps_2014_15_sr":78,"admis_congen_defrm_chrmo_abnrm_p_pub_hosps_2014_15_num":1374,"admis_circ_sys_dise_p_pub_hosps_2014_15_sig":"**","admis_musco_sys_conn_tis_dise_p_all_hosps_2014_15_num":33284,"phn_code":"PHN202","admis_inj_pois_ext_caus_p_pub_hosps_2014_15_asr_100000":1860.9,"phn_name":"Eastern Melbourne","admis_bld_bld_frm_orgs_dise_p_pub_hosps_2014_15_num":7421,"first_ste1":"Victoria","admis_mental_hlth_rltd_cond_p_all_hosps_2014_15_asr_100000":2011.1,"admis_musco_sys_conn_tis_dise_p_pub_hosps_2014_15_sr":80,"admis_cond_perinatl_prd_p_pub_hosps_2014_15_num":2500,"admis_skin_subcutan_tis_dise_p_pub_hosps_2014_15_num":5491,"admis_congen_defrm_chrmo_abnrm_p_pub_hosps_2014_15_sr":87,"admis_mental_hlth_rltd_cond_p_pub_hosps_2014_15_asr_100000":621.9,"admis_ear_mastoid_prcs_dise_p_pub_hosps_2014_15_sig":"**","admis_infec_parasit_dise_p_pub_hosps_2014_15_sig":"**","admis_resp_sys_dise_p_pub_hosps_2014_15_asr_100000":1082.6,"admis_digst_sys_dise_p_all_hosps_2014_15_num":73917,"admis_circ_sys_dise_p_pub_hosps_2014_15_sr":74,"admis_digst_sys_dise_p_all_hosps_2014_15_asr_100000":5252.9,"admis_resp_sys_dise_p_pub_hosps_2014_15_num":15031,"admis_mental_hlth_rltd_cond_p_pub_hosps_2014_15_sig":"**","admis_ear_mastoid_prcs_dise_p_all_hosps_2014_15_sig":"**","admis_endo_meta_dise_p_pub_hosps_2014_15_num":5502,"admis_nerv_sys_dise_p_all_hosps_2014_15_asr_100000":1486.2,"admis_nerv_sys_dise_p_all_hosps_2014_15_num":20793,"admis_genit_sys_dise_p_pub_hosps_2014_15_sr":84,"admis_circ_sys_dise_p_pub_hosps_2014_15_num":16219,"admis_infec_parasit_dise_p_all_hosps_2014_15_sr":88,"admis_skin_subcutan_tis_dise_p_all_hosps_2014_15_sig":"**","admis_congen_defrm_chrmo_abnrm_p_all_hosps_2014_15_sig":"**","admis_mental_hlth_rltd_cond_p_all_hosps_2014_15_sig":"**","admis_musco_sys_conn_tis_dise_p_pub_hosps_2014_15_num":10556,"admis_circ_sys_dise_p_all_hosps_2014_15_sig":"**","admis_eye_adnexa_dise_p_all_hosps_2014_15_sr":99,"admis_eye_adnexa_dise_p_pub_hosps_2014_15_sr":74,"admis_resp_sys_dise_p_pub_hosps_2014_15_sr":71,"admis_inj_pois_ext_caus_p_pub_hosps_2014_15_sig":"**","admis_resp_sys_dise_p_all_hosps_2014_15_sig":"**","admis_skin_subcutan_tis_dise_p_pub_hosps_2014_15_sr":75,"admis_ear_mastoid_prcs_dise_p_pub_hosps_2014_15_asr_100000":118.0,"admis_genit_sys_dise_p_pub_hosps_2014_15_num":14410,"admis_nerv_sys_dise_p_pub_hosps_2014_15_sig":"**","admis_resp_sys_dise_p_all_hosps_2014_15_sr":84,"admis_endo_meta_dise_p_pub_hosps_2014_15_sr":89,"admis_endo_meta_dise_p_all_hosps_2014_15_num":9740},"id":"phidu_admissions_principal_diagnosis_persons_phn_2014_15.PHN202"},{"type":"Feature","properties":{"admis_all_cancs_p_all_hosps_2014_15_num":41222,"admis_all_cancs_p_pub_hosps_2014_15_asr_100000":1196.1,"admis_bld_bld_frm_orgs_dise_p_pub_hosps_2014_15_sr":126,"admis_nerv_sys_dise_p_all_hosps_2014_15_sig":"**","admis_infec_parasit_dise_p_pub_hosps_2014_15_asr_100000":566.5,"admis_skin_subcutan_tis_dise_p_all_hosps_2014_15_num":10209,"admis_bld_bld_frm_orgs_dise_p_all_hosps_2014_15_asr_100000":966.1,"admis_cond_perinatl_prd_p_pub_hosps_2014_15_rt_per_100_lv_brth":28.2,"admis_genit_sys_dise_p_all_hosps_2014_15_sig":"**","admis_mental_hlth_rltd_cond_p_pub_hosps_2014_15_num":12697,"admis_eye_adnexa_dise_p_all_hosps_2014_15_asr_100000":1407.4,"admis_infec_parasit_dise_p_pub_hosps_2014_15_num":7637,"admis_circ_sys_dise_p_all_hosps_2014_15_asr_100000":2203.5,"admis_eye_adnexa_dise_p_pub_hosps_2014_15_asr_100000":522.6,"admis_infec_parasit_dise_p_all_hosps_2014_15_sig":"**","admis_inj_pois_ext_caus_p_all_hosps_2014_15_num":42511,"admis_cond_perinatl_prd_p_all_hosps_2014_15_num_lv_brth":18409,"admis_genit_sys_dise_p_pub_hosps_2014_15_asr_100000":1245.1,"admis_musco_sys_conn_tis_dise_p_all_hosps_2014_15_asr_100000":2665.6,"admis_skin_subcutan_tis_dise_p_pub_hosps_2014_15_asr_100000":460.0,"admis_endo_meta_dise_p_all_hosps_2014_15_sig":"**","admis_congen_defrm_chrmo_abnrm_p_pub_hosps_2014_15_sig":"**","admis_ear_mastoid_prcs_dise_p_all_hosps_2014_15_sr":118,"admis_congen_defrm_chrmo_abnrm_p_pub_hosps_2014_15_asr_100000":110.6,"admis_congen_defrm_chrmo_abnrm_p_all_hosps_2014_15_num":2193,"admis_bld_bld_frm_orgs_dise_p_pub_hosps_2014_15_sig":"**","admis_digst_sys_dise_p_pub_hosps_2014_15_asr_100000":1795.9,"admis_eye_adnexa_dise_p_all_hosps_2014_15_sig":"**","admis_resp_sys_dise_p_pub_hosps_2014_15_sig":"**","admis_mental_hlth_rltd_cond_p_all_hosps_2014_15_sr":124,"admis_infec_parasit_dise_p_all_hosps_2014_15_num":9682,"admis_circ_sys_dise_p_all_hosps_2014_15_sr":100,"admis_congen_defrm_chrmo_abnrm_p_all_hosps_2014_15_asr_100000":165.1,"admis_ear_mastoid_prcs_dise_p_all_hosps_2014_15_asr_100000":337.1,"admis_digst_sys_dise_p_all_hosps_2014_15_sig":"**","admis_infec_parasit_dise_p_pub_hosps_2014_15_sr":100,"admis_all_cancs_p_pub_hosps_2014_15_sig":"**","admis_inj_pois_ext_caus_p_all_hosps_2014_15_sig":"**","admis_all_cancs_p_all_hosps_2014_15_asr_100000":3088.9,"admis_all_cancs_p_pub_hosps_2014_15_sr":91,"admis_endo_meta_dise_p_pub_hosps_2014_15_asr_100000":461.4,"admis_all_cancs_p_all_hosps_2014_15_sig":"**","admis_bld_bld_frm_orgs_dise_p_all_hosps_2014_15_num":12994,"admis_resp_sys_dise_p_all_hosps_2014_15_num":26102,"admis_genit_sys_dise_p_all_hosps_2014_15_num":32095,"admis_skin_subcutan_tis_dise_p_pub_hosps_2014_15_sig":"**","admis_bld_bld_frm_orgs_dise_p_all_hosps_2014_15_sig":"**","admis_inj_pois_ext_caus_p_all_hosps_2014_15_asr_100000":3148.9,"admis_endo_meta_dise_p_all_hosps_2014_15_sr":113,"admis_ear_mastoid_prcs_dise_p_all_hosps_2014_15_num":4485,"admis_cond_perinatl_prd_p_pub_hosps_2014_15_num_lv_brth":12482,"admis_eye_adnexa_dise_p_pub_hosps_2014_15_num":7017,"admis_circ_sys_dise_p_all_hosps_2014_15_num":29610,"admis_nerv_sys_dise_p_pub_hosps_2014_15_num":12696,"admis_resp_sys_dise_p_all_hosps_2014_15_asr_100000":1943.4,"admis_musco_sys_conn_tis_dise_p_all_hosps_2014_15_sig":"**","admis_digst_sys_dise_p_pub_hosps_2014_15_sr":86,"admis_ear_mastoid_prcs_dise_p_pub_hosps_2014_15_sr":109,"admis_ear_mastoid_prcs_dise_p_pub_hosps_2014_15_num":2153,"admis_mental_hlth_rltd_cond_p_pub_hosps_2014_15_sr":102,"admis_congen_defrm_chrmo_abnrm_p_all_hosps_2014_15_sr":96,"admis_genit_sys_dise_p_all_hosps_2014_15_asr_100000":2374.8,"admis_bld_bld_frm_orgs_dise_p_all_hosps_2014_15_sr":134,"admis_eye_adnexa_dise_p_all_hosps_2014_15_num":18917,"admis_nerv_sys_dise_p_pub_hosps_2014_15_sr":134,"admis_cond_perinatl_prd_p_all_hosps_2014_15_rt_per_100_lv_brth":25.0,"admis_endo_meta_dise_p_pub_hosps_2014_15_sig":"**","admis_musco_sys_conn_tis_dise_p_all_hosps_2014_15_sr":111,"admis_skin_subcutan_tis_dise_p_all_hosps_2014_15_sr":103,"admis_nerv_sys_dise_p_all_hosps_2014_15_sr":122,"admis_nerv_sys_dise_p_pub_hosps_2014_15_asr_100000":943.8,"admis_inj_pois_ext_caus_p_pub_hosps_2014_15_num":34086,"admis_all_cancs_p_all_hosps_2014_15_sr":108,"admis_genit_sys_dise_p_all_hosps_2014_15_sr":113,"admis_genit_sys_dise_p_pub_hosps_2014_15_sig":"**","admis_digst_sys_dise_p_all_hosps_2014_15_sr":117,"admis_cond_perinatl_prd_p_all_hosps_2014_15_num":4601,"admis_eye_adnexa_dise_p_pub_hosps_2014_15_sig":"**","admis_skin_subcutan_tis_dise_p_all_hosps_2014_15_asr_100000":758.7,"admis_all_cancs_p_pub_hosps_2014_15_num":15984,"admis_circ_sys_dise_p_pub_hosps_2014_15_asr_100000":1399.6,"admis_digst_sys_dise_p_pub_hosps_2014_15_sig":"**","admis_musco_sys_conn_tis_dise_p_pub_hosps_2014_15_sig":"**","admis_endo_meta_dise_p_all_hosps_2014_15_asr_100000":794.6,"admis_bld_bld_frm_orgs_dise_p_pub_hosps_2014_15_asr_100000":575.4,"admis_musco_sys_conn_tis_dise_p_pub_hosps_2014_15_asr_100000":965.6,"admis_mental_hlth_rltd_cond_p_all_hosps_2014_15_num":29783,"admis_digst_sys_dise_p_pub_hosps_2014_15_num":24231,"admis_infec_parasit_dise_p_all_hosps_2014_15_asr_100000":718.2,"admis_inj_pois_ext_caus_p_all_hosps_2014_15_sr":108,"admis_inj_pois_ext_caus_p_pub_hosps_2014_15_sr":109,"admis_congen_defrm_chrmo_abnrm_p_pub_hosps_2014_15_num":1467,"admis_circ_sys_dise_p_pub_hosps_2014_15_sig":"**","admis_musco_sys_conn_tis_dise_p_all_hosps_2014_15_num":35603,"phn_code":"PHN203","admis_inj_pois_ext_caus_p_pub_hosps_2014_15_asr_100000":2606.8,"phn_name":"South Eastern Melbourne","admis_bld_bld_frm_orgs_dise_p_pub_hosps_2014_15_num":7741,"first_ste1":"Victoria","admis_mental_hlth_rltd_cond_p_all_hosps_2014_15_asr_100000":2191.3,"admis_musco_sys_conn_tis_dise_p_pub_hosps_2014_15_sr":104,"admis_cond_perinatl_prd_p_pub_hosps_2014_15_num":3514,"admis_skin_subcutan_tis_dise_p_pub_hosps_2014_15_num":6200,"admis_congen_defrm_chrmo_abnrm_p_pub_hosps_2014_15_sr":91,"admis_mental_hlth_rltd_cond_p_pub_hosps_2014_15_asr_100000":930.4,"admis_ear_mastoid_prcs_dise_p_pub_hosps_2014_15_sig":"**","admis_infec_parasit_dise_p_pub_hosps_2014_15_sig":null,"admis_resp_sys_dise_p_pub_hosps_2014_15_asr_100000":1412.6,"admis_digst_sys_dise_p_all_hosps_2014_15_num":70492,"admis_circ_sys_dise_p_pub_hosps_2014_15_sr":92,"admis_digst_sys_dise_p_all_hosps_2014_15_asr_100000":5263.1,"admis_resp_sys_dise_p_pub_hosps_2014_15_num":18978,"admis_mental_hlth_rltd_cond_p_pub_hosps_2014_15_sig":null,"admis_ear_mastoid_prcs_dise_p_all_hosps_2014_15_sig":"**","admis_endo_meta_dise_p_pub_hosps_2014_15_num":6186,"admis_nerv_sys_dise_p_all_hosps_2014_15_asr_100000":1511.9,"admis_nerv_sys_dise_p_all_hosps_2014_15_num":20267,"admis_genit_sys_dise_p_pub_hosps_2014_15_sr":102,"admis_circ_sys_dise_p_pub_hosps_2014_15_num":18828,"admis_infec_parasit_dise_p_all_hosps_2014_15_sr":107,"admis_skin_subcutan_tis_dise_p_all_hosps_2014_15_sig":"**","admis_congen_defrm_chrmo_abnrm_p_all_hosps_2014_15_sig":"*","admis_mental_hlth_rltd_cond_p_all_hosps_2014_15_sig":"**","admis_musco_sys_conn_tis_dise_p_pub_hosps_2014_15_num":12950,"admis_circ_sys_dise_p_all_hosps_2014_15_sig":null,"admis_eye_adnexa_dise_p_all_hosps_2014_15_sr":82,"admis_eye_adnexa_dise_p_pub_hosps_2014_15_sr":113,"admis_resp_sys_dise_p_pub_hosps_2014_15_sr":93,"admis_inj_pois_ext_caus_p_pub_hosps_2014_15_sig":"**","admis_resp_sys_dise_p_all_hosps_2014_15_sig":null,"admis_skin_subcutan_tis_dise_p_pub_hosps_2014_15_sr":88,"admis_ear_mastoid_prcs_dise_p_pub_hosps_2014_15_asr_100000":161.4,"admis_genit_sys_dise_p_pub_hosps_2014_15_num":16891,"admis_nerv_sys_dise_p_pub_hosps_2014_15_sig":"**","admis_resp_sys_dise_p_all_hosps_2014_15_sr":99,"admis_endo_meta_dise_p_pub_hosps_2014_15_sr":105,"admis_endo_meta_dise_p_all_hosps_2014_15_num":10683},"id":"phidu_admissions_principal_diagnosis_persons_phn_2014_15.PHN203"},{"type":"Feature","properties":{"admis_all_cancs_p_all_hosps_2014_15_num":8679,"admis_all_cancs_p_pub_hosps_2014_15_asr_100000":2023.8,"admis_bld_bld_frm_orgs_dise_p_pub_hosps_2014_15_sr":155,"admis_nerv_sys_dise_p_all_hosps_2014_15_sig":null,"admis_infec_parasit_dise_p_pub_hosps_2014_15_asr_100000":539.9,"admis_skin_subcutan_tis_dise_p_all_hosps_2014_15_num":2355,"admis_bld_bld_frm_orgs_dise_p_all_hosps_2014_15_asr_100000":774.6,"admis_cond_perinatl_prd_p_pub_hosps_2014_15_rt_per_100_lv_brth":25.0,"admis_genit_sys_dise_p_all_hosps_2014_15_sig":null,"admis_mental_hlth_rltd_cond_p_pub_hosps_2014_15_num":2452,"admis_eye_adnexa_dise_p_all_hosps_2014_15_asr_100000":1633.8,"admis_infec_parasit_dise_p_pub_hosps_2014_15_num":1498,"admis_circ_sys_dise_p_all_hosps_2014_15_asr_100000":2218.4,"admis_eye_adnexa_dise_p_pub_hosps_2014_15_asr_100000":790.8,"admis_infec_parasit_dise_p_all_hosps_2014_15_sig":"**","admis_inj_pois_ext_caus_p_all_hosps_2014_15_num":7477,"admis_cond_perinatl_prd_p_all_hosps_2014_15_num_lv_brth":2956,"admis_genit_sys_dise_p_pub_hosps_2014_15_asr_100000":1605.2,"admis_musco_sys_conn_tis_dise_p_all_hosps_2014_15_asr_100000":2757.3,"admis_skin_subcutan_tis_dise_p_pub_hosps_2014_15_asr_100000":725.1,"admis_endo_meta_dise_p_all_hosps_2014_15_sig":"**","admis_congen_defrm_chrmo_abnrm_p_pub_hosps_2014_15_sig":"*","admis_ear_mastoid_prcs_dise_p_all_hosps_2014_15_sr":104,"admis_congen_defrm_chrmo_abnrm_p_pub_hosps_2014_15_asr_100000":135.9,"admis_congen_defrm_chrmo_abnrm_p_all_hosps_2014_15_num":395,"admis_bld_bld_frm_orgs_dise_p_pub_hosps_2014_15_sig":"**","admis_digst_sys_dise_p_pub_hosps_2014_15_asr_100000":3183.7,"admis_eye_adnexa_dise_p_all_hosps_2014_15_sig":"**","admis_resp_sys_dise_p_pub_hosps_2014_15_sig":"**","admis_mental_hlth_rltd_cond_p_all_hosps_2014_15_sr":77,"admis_infec_parasit_dise_p_all_hosps_2014_15_num":1647,"admis_circ_sys_dise_p_all_hosps_2014_15_sr":101,"admis_congen_defrm_chrmo_abnrm_p_all_hosps_2014_15_asr_100000":157.3,"admis_ear_mastoid_prcs_dise_p_all_hosps_2014_15_asr_100000":298.6,"admis_digst_sys_dise_p_all_hosps_2014_15_sig":null,"admis_infec_parasit_dise_p_pub_hosps_2014_15_sr":96,"admis_all_cancs_p_pub_hosps_2014_15_sig":"**","admis_inj_pois_ext_caus_p_all_hosps_2014_15_sig":"**","admis_all_cancs_p_all_hosps_2014_15_asr_100000":2752.4,"admis_all_cancs_p_pub_hosps_2014_15_sr":155,"admis_endo_meta_dise_p_pub_hosps_2014_15_asr_100000":497.9,"admis_all_cancs_p_all_hosps_2014_15_sig":"**","admis_bld_bld_frm_orgs_dise_p_all_hosps_2014_15_num":2354,"admis_resp_sys_dise_p_all_hosps_2014_15_num":5694,"admis_genit_sys_dise_p_all_hosps_2014_15_num":5821,"admis_skin_subcutan_tis_dise_p_pub_hosps_2014_15_sig":"**","admis_bld_bld_frm_orgs_dise_p_all_hosps_2014_15_sig":"**","admis_inj_pois_ext_caus_p_all_hosps_2014_15_asr_100000":2691.0,"admis_endo_meta_dise_p_all_hosps_2014_15_sr":90,"admis_ear_mastoid_prcs_dise_p_all_hosps_2014_15_num":810,"admis_cond_perinatl_prd_p_pub_hosps_2014_15_num_lv_brth":2861,"admis_eye_adnexa_dise_p_pub_hosps_2014_15_num":2573,"admis_circ_sys_dise_p_all_hosps_2014_15_num":7141,"admis_nerv_sys_dise_p_pub_hosps_2014_15_num":2817,"admis_resp_sys_dise_p_all_hosps_2014_15_asr_100000":1983.3,"admis_musco_sys_conn_tis_dise_p_all_hosps_2014_15_sig":"**","admis_digst_sys_dise_p_pub_hosps_2014_15_sr":153,"admis_ear_mastoid_prcs_dise_p_pub_hosps_2014_15_sr":151,"admis_ear_mastoid_prcs_dise_p_pub_hosps_2014_15_num":622,"admis_mental_hlth_rltd_cond_p_pub_hosps_2014_15_sr":104,"admis_congen_defrm_chrmo_abnrm_p_all_hosps_2014_15_sr":91,"admis_genit_sys_dise_p_all_hosps_2014_15_asr_100000":2071.0,"admis_bld_bld_frm_orgs_dise_p_all_hosps_2014_15_sr":107,"admis_eye_adnexa_dise_p_all_hosps_2014_15_num":5402,"admis_nerv_sys_dise_p_pub_hosps_2014_15_sr":143,"admis_cond_perinatl_prd_p_all_hosps_2014_15_rt_per_100_lv_brth":25.1,"admis_endo_meta_dise_p_pub_hosps_2014_15_sig":"**","admis_musco_sys_conn_tis_dise_p_all_hosps_2014_15_sr":115,"admis_skin_subcutan_tis_dise_p_all_hosps_2014_15_sr":114,"admis_nerv_sys_dise_p_all_hosps_2014_15_sr":103,"admis_nerv_sys_dise_p_pub_hosps_2014_15_asr_100000":1003.9,"admis_inj_pois_ext_caus_p_pub_hosps_2014_15_num":6483,"admis_all_cancs_p_all_hosps_2014_15_sr":96,"admis_genit_sys_dise_p_all_hosps_2014_15_sr":98,"admis_genit_sys_dise_p_pub_hosps_2014_15_sig":"**","admis_digst_sys_dise_p_all_hosps_2014_15_sr":98,"admis_cond_perinatl_prd_p_all_hosps_2014_15_num":743,"admis_eye_adnexa_dise_p_pub_hosps_2014_15_sig":"**","admis_skin_subcutan_tis_dise_p_all_hosps_2014_15_asr_100000":837.2,"admis_all_cancs_p_pub_hosps_2014_15_num":6301,"admis_circ_sys_dise_p_pub_hosps_2014_15_asr_100000":1815.5,"admis_digst_sys_dise_p_pub_hosps_2014_15_sig":"**","admis_musco_sys_conn_tis_dise_p_pub_hosps_2014_15_sig":"**","admis_endo_meta_dise_p_all_hosps_2014_15_asr_100000":629.0,"admis_bld_bld_frm_orgs_dise_p_pub_hosps_2014_15_asr_100000":708.5,"admis_musco_sys_conn_tis_dise_p_pub_hosps_2014_15_asr_100000":1385.9,"admis_mental_hlth_rltd_cond_p_all_hosps_2014_15_num":3570,"admis_digst_sys_dise_p_pub_hosps_2014_15_num":8864,"admis_infec_parasit_dise_p_all_hosps_2014_15_asr_100000":587.8,"admis_inj_pois_ext_caus_p_all_hosps_2014_15_sr":92,"admis_inj_pois_ext_caus_p_pub_hosps_2014_15_sr":97,"admis_congen_defrm_chrmo_abnrm_p_pub_hosps_2014_15_num":340,"admis_circ_sys_dise_p_pub_hosps_2014_15_sig":"**","admis_musco_sys_conn_tis_dise_p_all_hosps_2014_15_num":8198,"phn_code":"PHN204","admis_inj_pois_ext_caus_p_pub_hosps_2014_15_asr_100000":2317.6,"phn_name":"Gippsland","admis_bld_bld_frm_orgs_dise_p_pub_hosps_2014_15_num":2112,"first_ste1":"Victoria","admis_mental_hlth_rltd_cond_p_all_hosps_2014_15_asr_100000":1372.0,"admis_musco_sys_conn_tis_dise_p_pub_hosps_2014_15_sr":149,"admis_cond_perinatl_prd_p_pub_hosps_2014_15_num":716,"admis_skin_subcutan_tis_dise_p_pub_hosps_2014_15_num":2002,"admis_congen_defrm_chrmo_abnrm_p_pub_hosps_2014_15_sr":112,"admis_mental_hlth_rltd_cond_p_pub_hosps_2014_15_asr_100000":952.9,"admis_ear_mastoid_prcs_dise_p_pub_hosps_2014_15_sig":"**","admis_infec_parasit_dise_p_pub_hosps_2014_15_sig":null,"admis_resp_sys_dise_p_pub_hosps_2014_15_asr_100000":1753.7,"admis_digst_sys_dise_p_all_hosps_2014_15_num":12600,"admis_circ_sys_dise_p_pub_hosps_2014_15_sr":120,"admis_digst_sys_dise_p_all_hosps_2014_15_asr_100000":4443.5,"admis_resp_sys_dise_p_pub_hosps_2014_15_num":5078,"admis_mental_hlth_rltd_cond_p_pub_hosps_2014_15_sig":null,"admis_ear_mastoid_prcs_dise_p_all_hosps_2014_15_sig":null,"admis_endo_meta_dise_p_pub_hosps_2014_15_num":1442,"admis_nerv_sys_dise_p_all_hosps_2014_15_asr_100000":1267.9,"admis_nerv_sys_dise_p_all_hosps_2014_15_num":3633,"admis_genit_sys_dise_p_pub_hosps_2014_15_sr":132,"admis_circ_sys_dise_p_pub_hosps_2014_15_num":5798,"admis_infec_parasit_dise_p_all_hosps_2014_15_sr":87,"admis_skin_subcutan_tis_dise_p_all_hosps_2014_15_sig":"**","admis_congen_defrm_chrmo_abnrm_p_all_hosps_2014_15_sig":null,"admis_mental_hlth_rltd_cond_p_all_hosps_2014_15_sig":"**","admis_musco_sys_conn_tis_dise_p_pub_hosps_2014_15_num":4103,"admis_circ_sys_dise_p_all_hosps_2014_15_sig":null,"admis_eye_adnexa_dise_p_all_hosps_2014_15_sr":95,"admis_eye_adnexa_dise_p_pub_hosps_2014_15_sr":171,"admis_resp_sys_dise_p_pub_hosps_2014_15_sr":116,"admis_inj_pois_ext_caus_p_pub_hosps_2014_15_sig":"*","admis_resp_sys_dise_p_all_hosps_2014_15_sig":null,"admis_skin_subcutan_tis_dise_p_pub_hosps_2014_15_sr":138,"admis_ear_mastoid_prcs_dise_p_pub_hosps_2014_15_asr_100000":224.8,"admis_genit_sys_dise_p_pub_hosps_2014_15_num":4403,"admis_nerv_sys_dise_p_pub_hosps_2014_15_sig":"**","admis_resp_sys_dise_p_all_hosps_2014_15_sr":101,"admis_endo_meta_dise_p_pub_hosps_2014_15_sr":114,"admis_endo_meta_dise_p_all_hosps_2014_15_num":1811},"id":"phidu_admissions_principal_diagnosis_persons_phn_2014_15.PHN204"},{"type":"Feature","properties":{"admis_all_cancs_p_all_hosps_2014_15_num":20009,"admis_all_cancs_p_pub_hosps_2014_15_asr_100000":1977.4,"admis_bld_bld_frm_orgs_dise_p_pub_hosps_2014_15_sr":150,"admis_nerv_sys_dise_p_all_hosps_2014_15_sig":"**","admis_infec_parasit_dise_p_pub_hosps_2014_15_asr_100000":571.0,"admis_skin_subcutan_tis_dise_p_all_hosps_2014_15_num":4653,"admis_bld_bld_frm_orgs_dise_p_all_hosps_2014_15_asr_100000":835.7,"admis_cond_perinatl_prd_p_pub_hosps_2014_15_rt_per_100_lv_brth":24.9,"admis_genit_sys_dise_p_all_hosps_2014_15_sig":null,"admis_mental_hlth_rltd_cond_p_pub_hosps_2014_15_num":5080,"admis_eye_adnexa_dise_p_all_hosps_2014_15_asr_100000":1457.5,"admis_infec_parasit_dise_p_pub_hosps_2014_15_num":3421,"admis_circ_sys_dise_p_all_hosps_2014_15_asr_100000":2287.0,"admis_eye_adnexa_dise_p_pub_hosps_2014_15_asr_100000":569.8,"admis_infec_parasit_dise_p_all_hosps_2014_15_sig":"**","admis_inj_pois_ext_caus_p_all_hosps_2014_15_num":16082,"admis_cond_perinatl_prd_p_all_hosps_2014_15_num_lv_brth":6875,"admis_genit_sys_dise_p_pub_hosps_2014_15_asr_100000":1461.1,"admis_musco_sys_conn_tis_dise_p_all_hosps_2014_15_asr_100000":2756.1,"admis_skin_subcutan_tis_dise_p_pub_hosps_2014_15_asr_100000":609.3,"admis_endo_meta_dise_p_all_hosps_2014_15_sig":"**","admis_congen_defrm_chrmo_abnrm_p_pub_hosps_2014_15_sig":"**","admis_ear_mastoid_prcs_dise_p_all_hosps_2014_15_sr":100,"admis_congen_defrm_chrmo_abnrm_p_pub_hosps_2014_15_asr_100000":152.0,"admis_congen_defrm_chrmo_abnrm_p_all_hosps_2014_15_num":1097,"admis_bld_bld_frm_orgs_dise_p_pub_hosps_2014_15_sig":"**","admis_digst_sys_dise_p_pub_hosps_2014_15_asr_100000":3166.0,"admis_eye_adnexa_dise_p_all_hosps_2014_15_sig":"**","admis_resp_sys_dise_p_pub_hosps_2014_15_sig":"**","admis_mental_hlth_rltd_cond_p_all_hosps_2014_15_sr":62,"admis_infec_parasit_dise_p_all_hosps_2014_15_num":3756,"admis_circ_sys_dise_p_all_hosps_2014_15_sr":104,"admis_congen_defrm_chrmo_abnrm_p_all_hosps_2014_15_asr_100000":194.8,"admis_ear_mastoid_prcs_dise_p_all_hosps_2014_15_asr_100000":286.1,"admis_digst_sys_dise_p_all_hosps_2014_15_sig":"**","admis_infec_parasit_dise_p_pub_hosps_2014_15_sr":101,"admis_all_cancs_p_pub_hosps_2014_15_sig":"**","admis_inj_pois_ext_caus_p_all_hosps_2014_15_sig":"**","admis_all_cancs_p_all_hosps_2014_15_asr_100000":3057.4,"admis_all_cancs_p_pub_hosps_2014_15_sr":151,"admis_endo_meta_dise_p_pub_hosps_2014_15_asr_100000":702.5,"admis_all_cancs_p_all_hosps_2014_15_sig":"**","admis_bld_bld_frm_orgs_dise_p_all_hosps_2014_15_num":5349,"admis_resp_sys_dise_p_all_hosps_2014_15_num":12748,"admis_genit_sys_dise_p_all_hosps_2014_15_num":12785,"admis_skin_subcutan_tis_dise_p_pub_hosps_2014_15_sig":"**","admis_bld_bld_frm_orgs_dise_p_all_hosps_2014_15_sig":"**","admis_inj_pois_ext_caus_p_all_hosps_2014_15_asr_100000":2678.3,"admis_endo_meta_dise_p_all_hosps_2014_15_sr":128,"admis_ear_mastoid_prcs_dise_p_all_hosps_2014_15_num":1697,"admis_cond_perinatl_prd_p_pub_hosps_2014_15_num_lv_brth":6315,"admis_eye_adnexa_dise_p_pub_hosps_2014_15_num":3848,"admis_circ_sys_dise_p_all_hosps_2014_15_num":15320,"admis_nerv_sys_dise_p_pub_hosps_2014_15_num":5375,"admis_resp_sys_dise_p_all_hosps_2014_15_asr_100000":2065.2,"admis_musco_sys_conn_tis_dise_p_all_hosps_2014_15_sig":"**","admis_digst_sys_dise_p_pub_hosps_2014_15_sr":152,"admis_ear_mastoid_prcs_dise_p_pub_hosps_2014_15_sr":108,"admis_ear_mastoid_prcs_dise_p_pub_hosps_2014_15_num":965,"admis_mental_hlth_rltd_cond_p_pub_hosps_2014_15_sr":98,"admis_congen_defrm_chrmo_abnrm_p_all_hosps_2014_15_sr":113,"admis_genit_sys_dise_p_all_hosps_2014_15_asr_100000":2130.1,"admis_bld_bld_frm_orgs_dise_p_all_hosps_2014_15_sr":116,"admis_eye_adnexa_dise_p_all_hosps_2014_15_num":9970,"admis_nerv_sys_dise_p_pub_hosps_2014_15_sr":127,"admis_cond_perinatl_prd_p_all_hosps_2014_15_rt_per_100_lv_brth":24.6,"admis_endo_meta_dise_p_pub_hosps_2014_15_sig":"**","admis_musco_sys_conn_tis_dise_p_all_hosps_2014_15_sr":115,"admis_skin_subcutan_tis_dise_p_all_hosps_2014_15_sr":105,"admis_nerv_sys_dise_p_all_hosps_2014_15_sr":106,"admis_nerv_sys_dise_p_pub_hosps_2014_15_asr_100000":893.1,"admis_inj_pois_ext_caus_p_pub_hosps_2014_15_num":13283,"admis_all_cancs_p_all_hosps_2014_15_sr":107,"admis_genit_sys_dise_p_all_hosps_2014_15_sr":101,"admis_genit_sys_dise_p_pub_hosps_2014_15_sig":"**","admis_digst_sys_dise_p_all_hosps_2014_15_sr":107,"admis_cond_perinatl_prd_p_all_hosps_2014_15_num":1691,"admis_eye_adnexa_dise_p_pub_hosps_2014_15_sig":"**","admis_skin_subcutan_tis_dise_p_all_hosps_2014_15_asr_100000":771.3,"admis_all_cancs_p_pub_hosps_2014_15_num":12834,"admis_circ_sys_dise_p_pub_hosps_2014_15_asr_100000":1650.1,"admis_digst_sys_dise_p_pub_hosps_2014_15_sig":"**","admis_musco_sys_conn_tis_dise_p_pub_hosps_2014_15_sig":"**","admis_endo_meta_dise_p_all_hosps_2014_15_asr_100000":898.7,"admis_bld_bld_frm_orgs_dise_p_pub_hosps_2014_15_asr_100000":689.3,"admis_musco_sys_conn_tis_dise_p_pub_hosps_2014_15_asr_100000":1292.2,"admis_mental_hlth_rltd_cond_p_all_hosps_2014_15_num":6241,"admis_digst_sys_dise_p_pub_hosps_2014_15_num":18936,"admis_infec_parasit_dise_p_all_hosps_2014_15_asr_100000":623.0,"admis_inj_pois_ext_caus_p_all_hosps_2014_15_sr":92,"admis_inj_pois_ext_caus_p_pub_hosps_2014_15_sr":94,"admis_congen_defrm_chrmo_abnrm_p_pub_hosps_2014_15_num":855,"admis_circ_sys_dise_p_pub_hosps_2014_15_sig":"**","admis_musco_sys_conn_tis_dise_p_all_hosps_2014_15_num":17203,"phn_code":"PHN205","admis_inj_pois_ext_caus_p_pub_hosps_2014_15_asr_100000":2228.8,"phn_name":"Murray","admis_bld_bld_frm_orgs_dise_p_pub_hosps_2014_15_num":4352,"first_ste1":"Victoria","admis_mental_hlth_rltd_cond_p_all_hosps_2014_15_asr_100000":1103.8,"admis_musco_sys_conn_tis_dise_p_pub_hosps_2014_15_sr":139,"admis_cond_perinatl_prd_p_pub_hosps_2014_15_num":1574,"admis_skin_subcutan_tis_dise_p_pub_hosps_2014_15_num":3625,"admis_congen_defrm_chrmo_abnrm_p_pub_hosps_2014_15_sr":125,"admis_mental_hlth_rltd_cond_p_pub_hosps_2014_15_asr_100000":901.1,"admis_ear_mastoid_prcs_dise_p_pub_hosps_2014_15_sig":"*","admis_infec_parasit_dise_p_pub_hosps_2014_15_sig":null,"admis_resp_sys_dise_p_pub_hosps_2014_15_asr_100000":1724.2,"admis_digst_sys_dise_p_all_hosps_2014_15_num":29153,"admis_circ_sys_dise_p_pub_hosps_2014_15_sr":109,"admis_digst_sys_dise_p_all_hosps_2014_15_asr_100000":4828.4,"admis_resp_sys_dise_p_pub_hosps_2014_15_num":10703,"admis_mental_hlth_rltd_cond_p_pub_hosps_2014_15_sig":null,"admis_ear_mastoid_prcs_dise_p_all_hosps_2014_15_sig":null,"admis_endo_meta_dise_p_pub_hosps_2014_15_num":4336,"admis_nerv_sys_dise_p_all_hosps_2014_15_asr_100000":1311.8,"admis_nerv_sys_dise_p_all_hosps_2014_15_num":8000,"admis_genit_sys_dise_p_pub_hosps_2014_15_sr":120,"admis_circ_sys_dise_p_pub_hosps_2014_15_num":10999,"admis_infec_parasit_dise_p_all_hosps_2014_15_sr":93,"admis_skin_subcutan_tis_dise_p_all_hosps_2014_15_sig":"**","admis_congen_defrm_chrmo_abnrm_p_all_hosps_2014_15_sig":"**","admis_mental_hlth_rltd_cond_p_all_hosps_2014_15_sig":"**","admis_musco_sys_conn_tis_dise_p_pub_hosps_2014_15_num":8079,"admis_circ_sys_dise_p_all_hosps_2014_15_sig":"**","admis_eye_adnexa_dise_p_all_hosps_2014_15_sr":85,"admis_eye_adnexa_dise_p_pub_hosps_2014_15_sr":123,"admis_resp_sys_dise_p_pub_hosps_2014_15_sr":114,"admis_inj_pois_ext_caus_p_pub_hosps_2014_15_sig":"**","admis_resp_sys_dise_p_all_hosps_2014_15_sig":"**","admis_skin_subcutan_tis_dise_p_pub_hosps_2014_15_sr":116,"admis_ear_mastoid_prcs_dise_p_pub_hosps_2014_15_asr_100000":160.5,"admis_genit_sys_dise_p_pub_hosps_2014_15_num":8648,"admis_nerv_sys_dise_p_pub_hosps_2014_15_sig":"**","admis_resp_sys_dise_p_all_hosps_2014_15_sr":105,"admis_endo_meta_dise_p_pub_hosps_2014_15_sr":160,"admis_endo_meta_dise_p_all_hosps_2014_15_num":5508},"id":"phidu_admissions_principal_diagnosis_persons_phn_2014_15.PHN205"},{"type":"Feature","properties":{"admis_all_cancs_p_all_hosps_2014_15_num":19847,"admis_all_cancs_p_pub_hosps_2014_15_asr_100000":1719.6,"admis_bld_bld_frm_orgs_dise_p_pub_hosps_2014_15_sr":142,"admis_nerv_sys_dise_p_all_hosps_2014_15_sig":"**","admis_infec_parasit_dise_p_pub_hosps_2014_15_asr_100000":489.9,"admis_skin_subcutan_tis_dise_p_all_hosps_2014_15_num":3665,"admis_bld_bld_frm_orgs_dise_p_all_hosps_2014_15_asr_100000":828.3,"admis_cond_perinatl_prd_p_pub_hosps_2014_15_rt_per_100_lv_brth":25.2,"admis_genit_sys_dise_p_all_hosps_2014_15_sig":"**","admis_mental_hlth_rltd_cond_p_pub_hosps_2014_15_num":4137,"admis_eye_adnexa_dise_p_all_hosps_2014_15_asr_100000":1283.7,"admis_infec_parasit_dise_p_pub_hosps_2014_15_num":3029,"admis_circ_sys_dise_p_all_hosps_2014_15_asr_100000":2050.5,"admis_eye_adnexa_dise_p_pub_hosps_2014_15_asr_100000":615.0,"admis_infec_parasit_dise_p_all_hosps_2014_15_sig":"**","admis_inj_pois_ext_caus_p_all_hosps_2014_15_num":15682,"admis_cond_perinatl_prd_p_all_hosps_2014_15_num_lv_brth":7119,"admis_genit_sys_dise_p_pub_hosps_2014_15_asr_100000":1283.6,"admis_musco_sys_conn_tis_dise_p_all_hosps_2014_15_asr_100000":2689.4,"admis_skin_subcutan_tis_dise_p_pub_hosps_2014_15_asr_100000":449.4,"admis_endo_meta_dise_p_all_hosps_2014_15_sig":"**","admis_congen_defrm_chrmo_abnrm_p_pub_hosps_2014_15_sig":null,"admis_ear_mastoid_prcs_dise_p_all_hosps_2014_15_sr":103,"admis_congen_defrm_chrmo_abnrm_p_pub_hosps_2014_15_asr_100000":49.7,"admis_congen_defrm_chrmo_abnrm_p_all_hosps_2014_15_num":976,"admis_bld_bld_frm_orgs_dise_p_pub_hosps_2014_15_sig":"**","admis_digst_sys_dise_p_pub_hosps_2014_15_asr_100000":2790.4,"admis_eye_adnexa_dise_p_all_hosps_2014_15_sig":"**","admis_resp_sys_dise_p_pub_hosps_2014_15_sig":null,"admis_mental_hlth_rltd_cond_p_all_hosps_2014_15_sr":53,"admis_infec_parasit_dise_p_all_hosps_2014_15_num":3774,"admis_circ_sys_dise_p_all_hosps_2014_15_sr":93,"admis_congen_defrm_chrmo_abnrm_p_all_hosps_2014_15_asr_100000":170.1,"admis_ear_mastoid_prcs_dise_p_all_hosps_2014_15_asr_100000":163.4,"admis_digst_sys_dise_p_all_hosps_2014_15_sig":"**","admis_infec_parasit_dise_p_pub_hosps_2014_15_sr":87,"admis_all_cancs_p_pub_hosps_2014_15_sig":"**","admis_inj_pois_ext_caus_p_all_hosps_2014_15_sig":"**","admis_all_cancs_p_all_hosps_2014_15_asr_100000":2953.4,"admis_all_cancs_p_pub_hosps_2014_15_sr":131,"admis_endo_meta_dise_p_pub_hosps_2014_15_asr_100000":566.8,"admis_all_cancs_p_all_hosps_2014_15_sig":"**","admis_bld_bld_frm_orgs_dise_p_all_hosps_2014_15_num":5462,"admis_resp_sys_dise_p_all_hosps_2014_15_num":12461,"admis_genit_sys_dise_p_all_hosps_2014_15_num":12379,"admis_skin_subcutan_tis_dise_p_pub_hosps_2014_15_sig":"**","admis_bld_bld_frm_orgs_dise_p_all_hosps_2014_15_sig":"**","admis_inj_pois_ext_caus_p_all_hosps_2014_15_asr_100000":2524.8,"admis_endo_meta_dise_p_all_hosps_2014_15_sr":115,"admis_ear_mastoid_prcs_dise_p_all_hosps_2014_15_num":1792,"admis_cond_perinatl_prd_p_pub_hosps_2014_15_num_lv_brth":5590,"admis_eye_adnexa_dise_p_pub_hosps_2014_15_num":4269,"admis_circ_sys_dise_p_all_hosps_2014_15_num":14145,"admis_nerv_sys_dise_p_pub_hosps_2014_15_num":6278,"admis_resp_sys_dise_p_all_hosps_2014_15_asr_100000":1962.0,"admis_musco_sys_conn_tis_dise_p_all_hosps_2014_15_sig":"**","admis_digst_sys_dise_p_pub_hosps_2014_15_sr":134,"admis_ear_mastoid_prcs_dise_p_pub_hosps_2014_15_sr":112,"admis_ear_mastoid_prcs_dise_p_pub_hosps_2014_15_num":1023,"admis_mental_hlth_rltd_cond_p_pub_hosps_2014_15_sr":77,"admis_congen_defrm_chrmo_abnrm_p_all_hosps_2014_15_sr":99,"admis_genit_sys_dise_p_all_hosps_2014_15_asr_100000":1993.5,"admis_bld_bld_frm_orgs_dise_p_all_hosps_2014_15_sr":115,"admis_eye_adnexa_dise_p_all_hosps_2014_15_num":9029,"admis_nerv_sys_dise_p_pub_hosps_2014_15_sr":144,"admis_cond_perinatl_prd_p_all_hosps_2014_15_rt_per_100_lv_brth":24.2,"admis_endo_meta_dise_p_pub_hosps_2014_15_sig":"**","admis_musco_sys_conn_tis_dise_p_all_hosps_2014_15_sr":112,"admis_skin_subcutan_tis_dise_p_all_hosps_2014_15_sr":80,"admis_nerv_sys_dise_p_all_hosps_2014_15_sr":126,"admis_nerv_sys_dise_p_pub_hosps_2014_15_asr_100000":1012.0,"admis_inj_pois_ext_caus_p_pub_hosps_2014_15_num":12700,"admis_all_cancs_p_all_hosps_2014_15_sr":103,"admis_genit_sys_dise_p_all_hosps_2014_15_sr":95,"admis_genit_sys_dise_p_pub_hosps_2014_15_sig":"**","admis_digst_sys_dise_p_all_hosps_2014_15_sr":106,"admis_cond_perinatl_prd_p_all_hosps_2014_15_num":1721,"admis_eye_adnexa_dise_p_pub_hosps_2014_15_sig":"**","admis_skin_subcutan_tis_dise_p_all_hosps_2014_15_asr_100000":588.3,"admis_all_cancs_p_pub_hosps_2014_15_num":11467,"admis_circ_sys_dise_p_pub_hosps_2014_15_asr_100000":1475.1,"admis_digst_sys_dise_p_pub_hosps_2014_15_sig":"**","admis_musco_sys_conn_tis_dise_p_pub_hosps_2014_15_sig":"**","admis_endo_meta_dise_p_all_hosps_2014_15_asr_100000":807.5,"admis_bld_bld_frm_orgs_dise_p_pub_hosps_2014_15_asr_100000":649.4,"admis_musco_sys_conn_tis_dise_p_pub_hosps_2014_15_asr_100000":1182.6,"admis_mental_hlth_rltd_cond_p_all_hosps_2014_15_num":5517,"admis_digst_sys_dise_p_pub_hosps_2014_15_num":17241,"admis_infec_parasit_dise_p_all_hosps_2014_15_asr_100000":606.4,"admis_inj_pois_ext_caus_p_all_hosps_2014_15_sr":87,"admis_inj_pois_ext_caus_p_pub_hosps_2014_15_sr":87,"admis_congen_defrm_chrmo_abnrm_p_pub_hosps_2014_15_num":693,"admis_circ_sys_dise_p_pub_hosps_2014_15_sig":"**","admis_musco_sys_conn_tis_dise_p_all_hosps_2014_15_num":17269,"phn_code":"PHN206","admis_inj_pois_ext_caus_p_pub_hosps_2014_15_asr_100000":2064.7,"phn_name":"Western Victoria","admis_bld_bld_frm_orgs_dise_p_pub_hosps_2014_15_num":4225,"first_ste1":"Victoria","admis_mental_hlth_rltd_cond_p_all_hosps_2014_15_asr_100000":937.3,"admis_musco_sys_conn_tis_dise_p_pub_hosps_2014_15_sr":127,"admis_cond_perinatl_prd_p_pub_hosps_2014_15_num":1409,"admis_skin_subcutan_tis_dise_p_pub_hosps_2014_15_num":2764,"admis_congen_defrm_chrmo_abnrm_p_pub_hosps_2014_15_sr":101,"admis_mental_hlth_rltd_cond_p_pub_hosps_2014_15_asr_100000":703.9,"admis_ear_mastoid_prcs_dise_p_pub_hosps_2014_15_sig":"**","admis_infec_parasit_dise_p_pub_hosps_2014_15_sig":"**","admis_resp_sys_dise_p_pub_hosps_2014_15_asr_100000":1515.6,"admis_digst_sys_dise_p_all_hosps_2014_15_num":29737,"admis_circ_sys_dise_p_pub_hosps_2014_15_sr":97,"admis_digst_sys_dise_p_all_hosps_2014_15_asr_100000":4777.0,"admis_resp_sys_dise_p_pub_hosps_2014_15_num":9677,"admis_mental_hlth_rltd_cond_p_pub_hosps_2014_15_sig":"**","admis_ear_mastoid_prcs_dise_p_all_hosps_2014_15_sig":null,"admis_endo_meta_dise_p_pub_hosps_2014_15_num":3603,"admis_nerv_sys_dise_p_all_hosps_2014_15_asr_100000":1557.5,"admis_nerv_sys_dise_p_all_hosps_2014_15_num":9776,"admis_genit_sys_dise_p_pub_hosps_2014_15_sr":106,"admis_circ_sys_dise_p_pub_hosps_2014_15_num":10132,"admis_infec_parasit_dise_p_all_hosps_2014_15_sr":90,"admis_skin_subcutan_tis_dise_p_all_hosps_2014_15_sig":"**","admis_congen_defrm_chrmo_abnrm_p_all_hosps_2014_15_sig":null,"admis_mental_hlth_rltd_cond_p_all_hosps_2014_15_sig":"**","admis_musco_sys_conn_tis_dise_p_pub_hosps_2014_15_num":7615,"admis_circ_sys_dise_p_all_hosps_2014_15_sig":"**","admis_eye_adnexa_dise_p_all_hosps_2014_15_sr":75,"admis_eye_adnexa_dise_p_pub_hosps_2014_15_sr":133,"admis_resp_sys_dise_p_pub_hosps_2014_15_sr":100,"admis_inj_pois_ext_caus_p_pub_hosps_2014_15_sig":"**","admis_resp_sys_dise_p_all_hosps_2014_15_sig":null,"admis_skin_subcutan_tis_dise_p_pub_hosps_2014_15_sr":86,"admis_ear_mastoid_prcs_dise_p_pub_hosps_2014_15_asr_100000":166.2,"admis_genit_sys_dise_p_pub_hosps_2014_15_num":7870,"admis_nerv_sys_dise_p_pub_hosps_2014_15_sig":"**","admis_resp_sys_dise_p_all_hosps_2014_15_sr":100,"admis_endo_meta_dise_p_pub_hosps_2014_15_sr":129,"admis_endo_meta_dise_p_all_hosps_2014_15_num":5104},"id":"phidu_admissions_principal_diagnosis_persons_phn_2014_15.PHN206"}]}