{"organisation":"TUA_PHIDU","name":"phidu_admissions_principal_diagnosis_persons_lga_2014_15","title":"PHIDU - Admissions - Principal Diagnosis: Persons  (LGA) 2014-2015","legal":{"copyrightYear":"2018","attributionYear":"2018","attribution":"{datasource.organisationTitle}, ({dataset.attributionYear}): {dataset.title}; accessed from SUDO on {dateOfAccess}.","clickthrough":false,"licenceType":"Creative Commons Attribution-NonCommercial-ShareAlike 3.0 Australia (CC BY-NC-SA 3.0 AU)","copyrightNotice":"&copy; {datasource.organisationTitle} {dataset.copyrightYear}","suggestedCitation":"{datasource.organisationTitle}, ({dataset.attributionYear}): {dataset.title}; accessed from SUDO on {dateOfAccess}."},"referenceSystemIdentifier":"urn:x-ogc:def:crs:EPSG:4283","geoLevel":"lga2016","key":"lga_code","keyRegex":null,"availability":"true","geomField":"wkb_geometry","keyword":"HEALTH SCIENCES,Public health","theme":"","temporalExtent":{"beginDate":"2014-07-01T00:00:00","endDate":"2015-06-30T00:00:00","selectTime":false},"type":"dataset","_id":"dataset-TUA_PHIDU-phidu_admissions_principal_diagnosis_persons_lga_2014_15-lga2016","bbox":[96.81,-43.75,159.11,-9.14],"abstract":"This dataset, released December 2017, contains data relating to hospital admissions during 2014-2015 by principal diagnosis of: Parasitic disease, cancer, Blood-organ disease, metabolic disease, nervous system disease, eye disease, ear disease, circulatory system disease, respiratory system disease, digestive system disease, skin disease, musculoskeletal disease, genitourinary system disease, perinatal condition, congenital deformations and external causes. The data is by Local Government Area (LGA) 2016 geographic boundaries.<br/><br/>\n\nFor more information please see the <a href=\"http://phidu.torrens.edu.au/data-archive/sha-aust/2015-onwards/phidu_data_sources_notes_2017.pdf\" target=\"_blank\">data source notes</a> on the data. <br/><br/>\n\nSource: Compiled by PHIDU using data from the Australian Institute of Health and Welfare, supplied on behalf of State\nand Territory health departments for 2014/15; and the average of the ABS Estimated Resident Population, 30 June 2014\nand 2015.<br/><br/> SUDO has spatially enabled the <a href= \"https://phidu.torrens.edu.au/social-health-atlases/data#social-health-atlases-of-australia-local-government-areas\" target=\"_blank\">original data</a>. Data that was not shown/not applicable/not published/not available for the specific area ('#', '..', '^', 'np, 'n.a.', 'n.y.a.' in original PHIDU data) was removed.It has been replaced by by Blank cells. For other keys and abbreviations refer to <a href=\"https://cloudstor.aarnet.edu.au/plus/s/1ryaKpnBQB6cMCp\" target=\"_blank\">PHIDU Keys</a>.","selectedAttributes":[{"name":"lga_code","type":"String","title":"LGA Code 2016","description":"lga_code","stype":"nominal","isDimension":false},{"name":"admis_all_cancs_p_all_hosps_2014_15_asr_100000","type":"Double","title":"Admissions For All Cancers, Persons - All Hospitals 2014/15 ASR per 100,000","description":"admis_all_cancs_p_all_hosps_2014_15_asr_100000","stype":"ratio","isDimension":false},{"name":"admis_all_cancs_p_all_hosps_2014_15_num","type":"Integer","title":"Admissions For All Cancers, Persons - All Hospitals 2014/15 Number","description":"admis_all_cancs_p_all_hosps_2014_15_num","stype":"ratio","isDimension":false},{"name":"admis_all_cancs_p_all_hosps_2014_15_sr","type":"Integer","title":"Admissions For All Cancers, Persons - All Hospitals 2014/15 SR","description":"admis_all_cancs_p_all_hosps_2014_15_sr","stype":"ratio","isDimension":false},{"name":"lga_name","type":"String","title":"LGA Name 2016","description":"lga_name","stype":"nominal","isDimension":false},{"name":"admis_circ_sys_dise_p_all_hosps_2014_15_asr_100000","type":"Double","title":"Admissions For Circulatory System Diseases, Persons - All Hospitals 2014/15 ASR per 100,000","description":"admis_circ_sys_dise_p_all_hosps_2014_15_asr_100000","stype":"ratio","isDimension":false},{"name":"admis_circ_sys_dise_p_all_hosps_2014_15_num","type":"Integer","title":"Admissions For Circulatory System Diseases, Persons - All Hospitals 2014/15 Number","description":"admis_circ_sys_dise_p_all_hosps_2014_15_num","stype":"ratio","isDimension":false},{"name":"admis_circ_sys_dise_p_all_hosps_2014_15_sr","type":"Integer","title":"Admissions For Circulatory System Diseases, Persons - All Hospitals 2014/15 SR","description":"admis_circ_sys_dise_p_all_hosps_2014_15_sr","stype":"ratio","isDimension":false},{"name":"admis_digst_sys_dise_p_all_hosps_2014_15_asr_100000","type":"Double","title":"Admissions For Digestive System Diseases, Persons - All Hospitals 2014/15 ASR per 100,000","description":"admis_digst_sys_dise_p_all_hosps_2014_15_asr_100000","stype":"ratio","isDimension":false},{"name":"admis_digst_sys_dise_p_all_hosps_2014_15_num","type":"Integer","title":"Admissions For Digestive System Diseases, Persons - All Hospitals 2014/15 Number","description":"admis_digst_sys_dise_p_all_hosps_2014_15_num","stype":"ratio","isDimension":false},{"name":"admis_digst_sys_dise_p_all_hosps_2014_15_sr","type":"Integer","title":"Admissions For Digestive System Diseases, Persons - All Hospitals 2014/15 SR","description":"admis_digst_sys_dise_p_all_hosps_2014_15_sr","stype":"ratio","isDimension":false},{"name":"admis_genit_sys_dise_p_all_hosps_2014_15_asr_100000","type":"Double","title":"Admissions For Genitourinary System Diseases, Persons - All Hospitals 2014/15 ASR per 100,000","description":"admis_genit_sys_dise_p_all_hosps_2014_15_asr_100000","stype":"ratio","isDimension":false},{"name":"admis_genit_sys_dise_p_all_hosps_2014_15_num","type":"Integer","title":"Admissions For Genitourinary System Diseases, Persons - All Hospitals 2014/15 Number","description":"admis_genit_sys_dise_p_all_hosps_2014_15_num","stype":"ratio","isDimension":false},{"name":"admis_genit_sys_dise_p_all_hosps_2014_15_sr","type":"Integer","title":"Admissions For Genitourinary System Diseases, Persons - All Hospitals 2014/15 SR","description":"admis_genit_sys_dise_p_all_hosps_2014_15_sr","stype":"ratio","isDimension":false},{"name":"admis_infec_parasit_dise_p_all_hosps_2014_15_asr_100000","type":"Double","title":"Admissions For Infectious And Parasitic Diseases, Persons - All Hospitals 2014/15 ASR per 100,000","description":"admis_infec_parasit_dise_p_all_hosps_2014_15_asr_100000","stype":"ratio","isDimension":false},{"name":"admis_infec_parasit_dise_p_all_hosps_2014_15_num","type":"Integer","title":"Admissions For Infectious And Parasitic Diseases, Persons - All Hospitals 2014/15 Number","description":"admis_infec_parasit_dise_p_all_hosps_2014_15_num","stype":"ratio","isDimension":false},{"name":"admis_infec_parasit_dise_p_all_hosps_2014_15_sr","type":"Integer","title":"Admissions For Infectious And Parasitic Diseases, Persons - All Hospitals 2014/15 SR","description":"admis_infec_parasit_dise_p_all_hosps_2014_15_sr","stype":"ratio","isDimension":false},{"name":"admis_mental_hlth_rltd_cond_p_all_hosps_2014_15_asr_100000","type":"Double","title":"Admissions For Mental Health Related Conditions, Persons - All Hospitals 2014/15 ASR per 100,000","description":"admis_mental_hlth_rltd_cond_p_all_hosps_2014_15_asr_100000","stype":"ratio","isDimension":false},{"name":"admis_mental_hlth_rltd_cond_p_all_hosps_2014_15_num","type":"Integer","title":"Admissions For Mental Health Related Conditions, Persons - All Hospitals 2014/15 Number","description":"admis_mental_hlth_rltd_cond_p_all_hosps_2014_15_num","stype":"ratio","isDimension":false},{"name":"admis_mental_hlth_rltd_cond_p_all_hosps_2014_15_sr","type":"Integer","title":"Admissions For Mental Health Related Conditions, Persons - All Hospitals 2014/15 SR","description":"admis_mental_hlth_rltd_cond_p_all_hosps_2014_15_sr","stype":"ratio","isDimension":false},{"name":"admis_musco_sys_conn_tis_dise_p_all_hosps_2014_15_asr_100000","type":"Double","title":"Admissions For Musculoskeletal System And Connective Tissue Diseases, Persons - All Hospitals 2014/15 ASR per 100,000","description":"admis_musco_sys_conn_tis_dise_p_all_hosps_2014_15_asr_100000","stype":"ratio","isDimension":false},{"name":"admis_musco_sys_conn_tis_dise_p_all_hosps_2014_15_num","type":"Integer","title":"Admissions For Musculoskeletal System And Connective Tissue Diseases, Persons - All Hospitals 2014/15 Number","description":"admis_musco_sys_conn_tis_dise_p_all_hosps_2014_15_num","stype":"ratio","isDimension":false},{"name":"admis_musco_sys_conn_tis_dise_p_all_hosps_2014_15_sr","type":"Integer","title":"Admissions For Musculoskeletal System And Connective Tissue Diseases, Persons - All Hospitals 2014/15 SR","description":"admis_musco_sys_conn_tis_dise_p_all_hosps_2014_15_sr","stype":"ratio","isDimension":false},{"name":"admis_resp_sys_dise_p_all_hosps_2014_15_asr_100000","type":"Double","title":"Admissions For Respiratory System Diseases, Persons - All Hospitals 2014/15 ASR per 100,000","description":"admis_resp_sys_dise_p_all_hosps_2014_15_asr_100000","stype":"ratio","isDimension":false},{"name":"admis_resp_sys_dise_p_all_hosps_2014_15_num","type":"Integer","title":"Admissions For Respiratory System Diseases, Persons - All Hospitals 2014/15 Number","description":"admis_resp_sys_dise_p_all_hosps_2014_15_num","stype":"ratio","isDimension":false},{"name":"admis_resp_sys_dise_p_all_hosps_2014_15_sr","type":"Integer","title":"Admissions For Respiratory System Diseases, Persons - All Hospitals 2014/15 SR","description":"admis_resp_sys_dise_p_all_hosps_2014_15_sr","stype":"ratio","isDimension":false},{"name":"admis_bld_bld_frm_orgs_dise_p_all_hosps_2014_15_asr_100000","type":"Double","title":"Admissions For Blood And Blood-Forming Organs Diseases And Certain Disorders Involving The Immune Mechanism, Persons - All Hospitals 2014/15 ASR per 100,000","description":"admis_bld_bld_frm_orgs_dise_p_all_hosps_2014_15_asr_100000","stype":"ratio","isDimension":false},{"name":"admis_bld_bld_frm_orgs_dise_p_all_hosps_2014_15_num","type":"Integer","title":"Admissions For Blood And Blood-Forming Organs Diseases And Certain Disorders Involving The Immune Mechanism, Persons - All Hospitals 2014/15 Number","description":"admis_bld_bld_frm_orgs_dise_p_all_hosps_2014_15_num","stype":"ratio","isDimension":false},{"name":"admis_bld_bld_frm_orgs_dise_p_all_hosps_2014_15_sr","type":"Integer","title":"Admissions For Blood And Blood-Forming Organs Diseases And Certain Disorders Involving The Immune Mechanism, Persons - All Hospitals 2014/15 SR","description":"admis_bld_bld_frm_orgs_dise_p_all_hosps_2014_15_sr","stype":"ratio","isDimension":false},{"name":"admis_congen_defrm_chrmo_abnrm_p_all_hosps_2014_15_asr_100000","type":"Double","title":"Admissions For Congenital Malformations, Deformations And Chromosomal Abnormalities, Persons - All Hospitals 2014/15 ASR per 100,000","description":"admis_congen_defrm_chrmo_abnrm_p_all_hosps_2014_15_asr_100000","stype":"ratio","isDimension":false},{"name":"admis_congen_defrm_chrmo_abnrm_p_all_hosps_2014_15_num","type":"Integer","title":"Admissions For Congenital Malformations, Deformations And Chromosomal Abnormalities, Persons - All Hospitals 2014/15 Number","description":"admis_congen_defrm_chrmo_abnrm_p_all_hosps_2014_15_num","stype":"ratio","isDimension":false},{"name":"admis_congen_defrm_chrmo_abnrm_p_all_hosps_2014_15_sr","type":"Integer","title":"Admissions For Congenital Malformations, Deformations And Chromosomal Abnormalities, Persons - All Hospitals 2014/15 SR","description":"admis_congen_defrm_chrmo_abnrm_p_all_hosps_2014_15_sr","stype":"ratio","isDimension":false},{"name":"admis_ear_mastoid_prcs_dise_p_all_hosps_2014_15_asr_100000","type":"Double","title":"Admissions For Ear And Mastoid Process Diseases, Persons - All Hospitals 2014/15 ASR per 100,000","description":"admis_ear_mastoid_prcs_dise_p_all_hosps_2014_15_asr_100000","stype":"ratio","isDimension":false},{"name":"admis_ear_mastoid_prcs_dise_p_all_hosps_2014_15_num","type":"Integer","title":"Admissions For Ear And Mastoid Process Diseases, Persons - All Hospitals 2014/15 Number","description":"admis_ear_mastoid_prcs_dise_p_all_hosps_2014_15_num","stype":"ratio","isDimension":false},{"name":"admis_ear_mastoid_prcs_dise_p_all_hosps_2014_15_sr","type":"Integer","title":"Admissions For Ear And Mastoid Process Diseases, Persons - All Hospitals 2014/15 SR","description":"admis_ear_mastoid_prcs_dise_p_all_hosps_2014_15_sr","stype":"ratio","isDimension":false},{"name":"admis_endo_meta_dise_p_all_hosps_2014_15_asr_100000","type":"Double","title":"Admissions For Endocrine, Nutritional And Metabolic Diseases, Persons - All Hospitals 2014/15 ASR per 100,000","description":"admis_endo_meta_dise_p_all_hosps_2014_15_asr_100000","stype":"ratio","isDimension":false},{"name":"admis_endo_meta_dise_p_all_hosps_2014_15_num","type":"Integer","title":"Admissions For Endocrine, Nutritional And Metabolic Diseases, Persons - All Hospitals 2014/15 Number","description":"admis_endo_meta_dise_p_all_hosps_2014_15_num","stype":"ratio","isDimension":false},{"name":"admis_endo_meta_dise_p_all_hosps_2014_15_sr","type":"Integer","title":"Admissions For Endocrine, Nutritional And Metabolic Diseases, Persons - All Hospitals 2014/15 SR","description":"admis_endo_meta_dise_p_all_hosps_2014_15_sr","stype":"ratio","isDimension":false},{"name":"admis_eye_adnexa_dise_p_all_hosps_2014_15_asr_100000","type":"Double","title":"Admissions For Eye And Adnexa Diseases, Persons - All Hospitals 2014/15 ASR per 100,000","description":"admis_eye_adnexa_dise_p_all_hosps_2014_15_asr_100000","stype":"ratio","isDimension":false},{"name":"admis_eye_adnexa_dise_p_all_hosps_2014_15_num","type":"Integer","title":"Admissions For Eye And Adnexa Diseases, Persons - All Hospitals 2014/15 Number","description":"admis_eye_adnexa_dise_p_all_hosps_2014_15_num","stype":"ratio","isDimension":false},{"name":"admis_eye_adnexa_dise_p_all_hosps_2014_15_sr","type":"Integer","title":"Admissions For Eye And Adnexa Diseases, Persons - All Hospitals 2014/15 SR","description":"admis_eye_adnexa_dise_p_all_hosps_2014_15_sr","stype":"ratio","isDimension":false},{"name":"admis_nerv_sys_dise_p_all_hosps_2014_15_asr_100000","type":"Double","title":"Admissions For Nervous System Diseases, Persons - All Hospitals 2014/15 ASR per 100,000","description":"admis_nerv_sys_dise_p_all_hosps_2014_15_asr_100000","stype":"ratio","isDimension":false},{"name":"admis_nerv_sys_dise_p_all_hosps_2014_15_num","type":"Integer","title":"Admissions For Nervous System Diseases, Persons - All Hospitals 2014/15 Number","description":"admis_nerv_sys_dise_p_all_hosps_2014_15_num","stype":"ratio","isDimension":false},{"name":"admis_nerv_sys_dise_p_all_hosps_2014_15_sr","type":"Integer","title":"Admissions For Nervous System Diseases, Persons - All Hospitals 2014/15 SR","description":"admis_nerv_sys_dise_p_all_hosps_2014_15_sr","stype":"ratio","isDimension":false},{"name":"admis_skin_subcutan_tis_dise_p_all_hosps_2014_15_asr_100000","type":"Double","title":"Admissions For Skin And Subcutaneous Tissue Diseases, Persons - All Hospitals 2014/15 ASR per 100,000","description":"admis_skin_subcutan_tis_dise_p_all_hosps_2014_15_asr_100000","stype":"ratio","isDimension":false},{"name":"admis_skin_subcutan_tis_dise_p_all_hosps_2014_15_num","type":"Integer","title":"Admissions For Skin And Subcutaneous Tissue Diseases, Persons - All Hospitals 2014/15 Number","description":"admis_skin_subcutan_tis_dise_p_all_hosps_2014_15_num","stype":"ratio","isDimension":false},{"name":"admis_skin_subcutan_tis_dise_p_all_hosps_2014_15_sr","type":"Integer","title":"Admissions For Skin And Subcutaneous Tissue Diseases, Persons - All Hospitals 2014/15 SR","description":"admis_skin_subcutan_tis_dise_p_all_hosps_2014_15_sr","stype":"ratio","isDimension":false}],"filter":{"filterType":"tabular","feature":{"key":"lga_code","geoLevel":"lga2016","geoField":"ignored","year":"2006","featureBbox":[140.961681984,-39.159189527500004,149.976679008,-33.9806475865],"featureType":"ste","featureInstance":"2","featureName":"Victoria","referenceSystemIdentifier":"urn:x-ogc:def:crs:EPSG:4283","prefix":"","keyTransform":null},"states":["2"]}}