{"organisation":"TUA_PHIDU","name":"phidu_premature_mortality_by_cause_phn_2011_15","title":"PHIDU - Premature Mortality - Cause (PHN) 2011-2015","legal":{"copyrightYear":"2021","attributionYear":"2021","attribution":"{datasource.organisationTitle}, ({dataset.attributionYear}): {dataset.title}; accessed from SUDO on {dateOfAccess}.","clickthrough":false,"licenceType":"Creative Commons Attribution-NonCommercial-ShareAlike 3.0 Australia (CC BY-NC-SA 3.0 AU)","copyrightNotice":"&copy; {datasource.organisationTitle} {dataset.copyrightYear}","suggestedCitation":"{datasource.organisationTitle}, ({dataset.attributionYear}): {dataset.title}; accessed from SUDO on {dateOfAccess}."},"referenceSystemIdentifier":"urn:x-ogc:def:crs:EPSG:4283","geoLevel":"phn2017","key":"phn_code","keyRegex":null,"availability":"true","geomField":"wkb_geometry","keyword":"HEALTH SCIENCES,Public health","theme":"","temporalExtent":{"beginDate":"2011-01-01T00:00:00","endDate":"2015-12-31T00:00:00","selectTime":false},"type":"dataset","_id":"dataset-TUA_PHIDU-phidu_premature_mortality_by_cause_phn_2011_15-phn2017","bbox":[96.81,-43.75,159.11,-9.14],"abstract":"This dataset, released July 2018, contains statistics for deaths of people aged 0-74 years during the years 2011-2015 based on the following causes: cancer, diabetes, circulatory system diseases, respiratory systems diseases and external causes. The data is by Primary Health Network (PHN) 2017 geographic boundaries based on the 2016 Australian Statistical Geography Standard (ASGS).<br/><br/>\n\nThere are 31 PHNs set up by the Australian Government. Each network is controlled by a board of medical professionals and advised by a clinical council and community advisory committee. The boundaries of the PHNs closely align with the Local Hospital Networks where possible.<br/><br/>\nFor more information please see the <a href=\"http://www.phidu.torrens.edu.au/current/data/sha-aust/notes/phidu_data_sources_notes.pdf\" target=\"_blank\">data source notes</a> on the data. <br/><br/>\n\nSource: Data compiled by PHIDU from deaths data based on the 2011 to 2015 Cause of Death Unit Record Files supplied by the Australian Coordinating Registry and the Victorian Department of Justice, on behalf of the Registries of Births, Deaths and Marriages and the National Coronial Information System. The population at the small area level is the ABS Estimated Resident Population (ERP), 30 June 2011 to 30 June 2015, Statistical Areas Level 2; the population standard is the ABS ERP for Australia, 30 June 2011 to 30 June 2015.<br/><br/> SUDO has spatially enabled the <a href= \"https://phidu.torrens.edu.au/social-health-atlases/data#social-health-atlas-of-australia-primary-health-networks\" target=\"_blank\">original data</a>. Data that was not shown/not applicable/not published/not available for the specific area ('#', '..', '^', 'np, 'n.a.', 'n.y.a.' in original PHIDU data) was removed.It has been replaced by by Blank cells. For other keys and abbreviations refer to <a href=\"https://cloudstor.aarnet.edu.au/plus/s/1ryaKpnBQB6cMCp\" target=\"_blank\">PHIDU Keys</a>.","selectedAttributes":[{"name":"phn_code","type":"String","title":"PHN Code","description":"phn_code","stype":"nominal","isDimension":false},{"name":"dth_canc_0_74_yrs_2011_15_avg_yr_asr_100k","type":"Double","title":"Deaths From Cancer, 0 To 74 Years 2011 To 2015 Average Annual Asr Per 100,000","description":"Deaths From Cancer, 0 To 74 Years 2011 To 2015 Average Annual Asr Per 100,000.","stype":"ratio","isDimension":false},{"name":"dth_canc_0_74_yrs_2011_15_avg_yr_asr_100k_lo_95pc_ci","type":"Double","title":"Deaths From Cancer, 0 To 74 Years 2011 To 2015 Average Annual Asr Per 100,000- Lower 95% C.I.","description":"Deaths From Cancer, 0 To 74 Years 2011 To 2015 Average Annual Asr Per 100,000- Lower 95% C.I..","stype":"ratio","isDimension":false},{"name":"dth_canc_0_74_yrs_2011_15_avg_yr_asr_100k_up_95pc_ci","type":"Double","title":"Deaths From Cancer, 0 To 74 Years 2011 To 2015 Average Annual Asr Per 100,000- Upper 95% C.I.","description":"Deaths From Cancer, 0 To 74 Years 2011 To 2015 Average Annual Asr Per 100,000- Upper 95% C.I..","stype":"ratio","isDimension":false},{"name":"dth_canc_0_74_yrs_2011_15_num","type":"Integer","title":"Deaths From Cancer, 0 To 74 Years 2011 To 2015 Number","description":"Deaths From Cancer, 0 To 74 Years 2011 To 2015 Number.","stype":"ratio","isDimension":false},{"name":"dth_canc_0_74_yrs_2011_15_sdr","type":"Integer","title":"Deaths From Cancer, 0 To 74 Years 2011 To 2015 Sdr","description":"Deaths From Cancer, 0 To 74 Years 2011 To 2015 Sdr.","stype":"ratio","isDimension":false},{"name":"dth_canc_0_74_yrs_2011_15_sdr_lo_95pc_ci","type":"Integer","title":"Deaths From Cancer, 0 To 74 Years 2011 To 2015 Sdr- Lower 95% C.I.","description":"Deaths From Cancer, 0 To 74 Years 2011 To 2015 Sdr- Lower 95% C.I..","stype":"ratio","isDimension":false},{"name":"dth_canc_0_74_yrs_2011_15_sdr_up_95pc_ci","type":"Integer","title":"Deaths From Cancer, 0 To 74 Years 2011 To 2015 Sdr- Upper 95% C.I.","description":"Deaths From Cancer, 0 To 74 Years 2011 To 2015 Sdr- Upper 95% C.I..","stype":"ratio","isDimension":false},{"name":"dth_canc_0_74_yrs_2011_15_sig","type":"String","title":"Deaths From Cancer, 0 To 74 Years 2011 To 2015 Sig.","description":"Deaths From Cancer, 0 To 74 Years 2011 To 2015 Sig..","stype":"ratio","isDimension":false},{"name":"dth_cereb_dise_0_74_yrs_2011_15_avg_yr_asr_100k","type":"Double","title":"Deaths From Cerebrovascular Diseases, 0 To 74 Years 2011 To 2015 Average Annual Asr Per 100,000","description":"Deaths From Cerebrovascular Diseases, 0 To 74 Years 2011 To 2015 Average Annual Asr Per 100,000.","stype":"ratio","isDimension":false},{"name":"dth_cereb_dise_0_74_yrs_2011_15_avg_yr_asr_100k_lo_95pc_ci","type":"Double","title":"Deaths From Cerebrovascular Diseases, 0 To 74 Years 2011 To 2015 Average Annual Asr Per 100,000- Lower 95% C.I.","description":"Deaths From Cerebrovascular Diseases, 0 To 74 Years 2011 To 2015 Average Annual Asr Per 100,000- Lower 95% C.I..","stype":"ratio","isDimension":false},{"name":"dth_cereb_dise_0_74_yrs_2011_15_avg_yr_asr_100k_up_95pc_ci","type":"Double","title":"Deaths From Cerebrovascular Diseases, 0 To 74 Years 2011 To 2015 Average Annual Asr Per 100,000- Upper 95% C.I.","description":"Deaths From Cerebrovascular Diseases, 0 To 74 Years 2011 To 2015 Average Annual Asr Per 100,000- Upper 95% C.I..","stype":"ratio","isDimension":false},{"name":"dth_cereb_dise_0_74_yrs_2011_15_num","type":"Integer","title":"Deaths From Cerebrovascular Diseases, 0 To 74 Years 2011 To 2015 Number","description":"Deaths From Cerebrovascular Diseases, 0 To 74 Years 2011 To 2015 Number.","stype":"ratio","isDimension":false},{"name":"dth_cereb_dise_0_74_yrs_2011_15_sdr","type":"Integer","title":"Deaths From Cerebrovascular Diseases, 0 To 74 Years 2011 To 2015 Sdr","description":"Deaths From Cerebrovascular Diseases, 0 To 74 Years 2011 To 2015 Sdr.","stype":"ratio","isDimension":false},{"name":"dth_cereb_dise_0_74_yrs_2011_15_sdr_lo_95pc_ci","type":"Integer","title":"Deaths From Cerebrovascular Diseases, 0 To 74 Years 2011 To 2015 Sdr- Lower 95% C.I.","description":"Deaths From Cerebrovascular Diseases, 0 To 74 Years 2011 To 2015 Sdr- Lower 95% C.I..","stype":"ratio","isDimension":false},{"name":"dth_cereb_dise_0_74_yrs_2011_15_sdr_up_95pc_ci","type":"Integer","title":"Deaths From Cerebrovascular Diseases, 0 To 74 Years 2011 To 2015 Sdr- Upper 95% C.I.","description":"Deaths From Cerebrovascular Diseases, 0 To 74 Years 2011 To 2015 Sdr- Upper 95% C.I..","stype":"ratio","isDimension":false},{"name":"dth_cereb_dise_0_74_yrs_2011_15_sig","type":"String","title":"Deaths From Cerebrovascular Diseases, 0 To 74 Years 2011 To 2015 Sig.","description":"Deaths From Cerebrovascular Diseases, 0 To 74 Years 2011 To 2015 Sig..","stype":"ratio","isDimension":false},{"name":"dth_circ_sys_dise_0_74_yrs_2011_15_avg_yr_asr_100k","type":"Double","title":"Deaths From Circulatory System Diseases, 0 To 74 Years 2011 To 2015 Average Annual Asr Per 100,000","description":"Deaths From Circulatory System Diseases, 0 To 74 Years 2011 To 2015 Average Annual Asr Per 100,000.","stype":"ratio","isDimension":false},{"name":"dth_circ_sys_dise_0_74_yrs_2011_15_avg_yr_asr_100k_lo_95pc_ci","type":"Double","title":"Deaths From Circulatory System Diseases, 0 To 74 Years 2011 To 2015 Average Annual Asr Per 100,000- Lower 95% C.I.","description":"Deaths From Circulatory System Diseases, 0 To 74 Years 2011 To 2015 Average Annual Asr Per 100,000- Lower 95% C.I..","stype":"ratio","isDimension":false},{"name":"dth_circ_sys_dise_0_74_yrs_2011_15_avg_yr_asr_100k_up_95pc_ci","type":"Double","title":"Deaths From Circulatory System Diseases, 0 To 74 Years 2011 To 2015 Average Annual Asr Per 100,000- Upper 95% C.I.","description":"Deaths From Circulatory System Diseases, 0 To 74 Years 2011 To 2015 Average Annual Asr Per 100,000- Upper 95% C.I..","stype":"ratio","isDimension":false},{"name":"dth_circ_sys_dise_0_74_yrs_2011_15_num","type":"Integer","title":"Deaths From Circulatory System Diseases, 0 To 74 Years 2011 To 2015 Number","description":"Deaths From Circulatory System Diseases, 0 To 74 Years 2011 To 2015 Number.","stype":"ratio","isDimension":false},{"name":"dth_circ_sys_dise_0_74_yrs_2011_15_sdr","type":"Integer","title":"Deaths From Circulatory System Diseases, 0 To 74 Years 2011 To 2015 Sdr","description":"Deaths From Circulatory System Diseases, 0 To 74 Years 2011 To 2015 Sdr.","stype":"ratio","isDimension":false},{"name":"dth_circ_sys_dise_0_74_yrs_2011_15_sdr_lo_95pc_ci","type":"Integer","title":"Deaths From Circulatory System Diseases, 0 To 74 Years 2011 To 2015 Sdr- Lower 95% C.I.","description":"Deaths From Circulatory System Diseases, 0 To 74 Years 2011 To 2015 Sdr- Lower 95% C.I..","stype":"ratio","isDimension":false},{"name":"dth_circ_sys_dise_0_74_yrs_2011_15_sdr_up_95pc_ci","type":"Integer","title":"Deaths From Circulatory System Diseases, 0 To 74 Years 2011 To 2015 Sdr- Upper 95% C.I.","description":"Deaths From Circulatory System Diseases, 0 To 74 Years 2011 To 2015 Sdr- Upper 95% C.I..","stype":"ratio","isDimension":false},{"name":"dth_circ_sys_dise_0_74_yrs_2011_15_sig","type":"String","title":"Deaths From Circulatory System Diseases, 0 To 74 Years 2011 To 2015 Sig.","description":"Deaths From Circulatory System Diseases, 0 To 74 Years 2011 To 2015 Sig..","stype":"ratio","isDimension":false},{"name":"dth_copd_0_74_yrs_2011_15_avg_yr_asr_100k","type":"Double","title":"Deaths From Chronic Obstructive Pulmonary Disease, 0 To 74 Years 2011 To 2015 Average Annual Asr Per 100,000","description":"Deaths From Chronic Obstructive Pulmonary Disease, 0 To 74 Years 2011 To 2015 Average Annual Asr Per 100,000.","stype":"ratio","isDimension":false},{"name":"dth_copd_0_74_yrs_2011_15_avg_yr_asr_100k_lo_95pc_ci","type":"Double","title":"Deaths From Chronic Obstructive Pulmonary Disease, 0 To 74 Years 2011 To 2015 Average Annual Asr Per 100,000- Lower 95% C.I.","description":"Deaths From Chronic Obstructive Pulmonary Disease, 0 To 74 Years 2011 To 2015 Average Annual Asr Per 100,000- Lower 95% C.I..","stype":"ratio","isDimension":false},{"name":"dth_copd_0_74_yrs_2011_15_avg_yr_asr_100k_up_95pc_ci","type":"Double","title":"Deaths From Chronic Obstructive Pulmonary Disease, 0 To 74 Years 2011 To 2015 Average Annual Asr Per 100,000- Upper 95% C.I.","description":"Deaths From Chronic Obstructive Pulmonary Disease, 0 To 74 Years 2011 To 2015 Average Annual Asr Per 100,000- Upper 95% C.I..","stype":"ratio","isDimension":false},{"name":"dth_copd_0_74_yrs_2011_15_num","type":"Integer","title":"Deaths From Chronic Obstructive Pulmonary Disease, 0 To 74 Years 2011 To 2015 Number","description":"Deaths From Chronic Obstructive Pulmonary Disease, 0 To 74 Years 2011 To 2015 Number.","stype":"ratio","isDimension":false},{"name":"dth_copd_0_74_yrs_2011_15_sdr","type":"Integer","title":"Deaths From Chronic Obstructive Pulmonary Disease, 0 To 74 Years 2011 To 2015 Sdr","description":"Deaths From Chronic Obstructive Pulmonary Disease, 0 To 74 Years 2011 To 2015 Sdr.","stype":"ratio","isDimension":false},{"name":"dth_copd_0_74_yrs_2011_15_sdr_lo_95pc_ci","type":"Integer","title":"Deaths From Chronic Obstructive Pulmonary Disease, 0 To 74 Years 2011 To 2015 Sdr- Lower 95% C.I.","description":"Deaths From Chronic Obstructive Pulmonary Disease, 0 To 74 Years 2011 To 2015 Sdr- Lower 95% C.I..","stype":"ratio","isDimension":false},{"name":"dth_copd_0_74_yrs_2011_15_sdr_up_95pc_ci","type":"Integer","title":"Deaths From Chronic Obstructive Pulmonary Disease, 0 To 74 Years 2011 To 2015 Sdr- Upper 95% C.I.","description":"Deaths From Chronic Obstructive Pulmonary Disease, 0 To 74 Years 2011 To 2015 Sdr- Upper 95% C.I..","stype":"ratio","isDimension":false},{"name":"dth_copd_0_74_yrs_2011_15_sig","type":"String","title":"Deaths From Chronic Obstructive Pulmonary Disease, 0 To 74 Years 2011 To 2015 Sig.","description":"Deaths From Chronic Obstructive Pulmonary Disease, 0 To 74 Years 2011 To 2015 Sig..","stype":"ratio","isDimension":false},{"name":"dth_isch_hrt_dise_0_74_yrs_2011_15_avg_yr_asr_100k","type":"Double","title":"Deaths From Ischaemic Heart Disease, 0 To 74 Years 2011 To 2015 Average Annual Asr Per 100,000","description":"Deaths From Ischaemic Heart Disease, 0 To 74 Years 2011 To 2015 Average Annual Asr Per 100,000.","stype":"ratio","isDimension":false},{"name":"dth_isch_hrt_dise_0_74_yrs_2011_15_avg_yr_asr_100k_lo_95pc_ci","type":"Double","title":"Deaths From Ischaemic Heart Disease, 0 To 74 Years 2011 To 2015 Average Annual Asr Per 100,000- Lower 95% C.I.","description":"Deaths From Ischaemic Heart Disease, 0 To 74 Years 2011 To 2015 Average Annual Asr Per 100,000- Lower 95% C.I..","stype":"ratio","isDimension":false},{"name":"dth_isch_hrt_dise_0_74_yrs_2011_15_avg_yr_asr_100k_up_95pc_ci","type":"Double","title":"Deaths From Ischaemic Heart Disease, 0 To 74 Years 2011 To 2015 Average Annual Asr Per 100,000- Upper 95% C.I.","description":"Deaths From Ischaemic Heart Disease, 0 To 74 Years 2011 To 2015 Average Annual Asr Per 100,000- Upper 95% C.I..","stype":"ratio","isDimension":false},{"name":"dth_isch_hrt_dise_0_74_yrs_2011_15_num","type":"Integer","title":"Deaths From Ischaemic Heart Disease, 0 To 74 Years 2011 To 2015 Number","description":"Deaths From Ischaemic Heart Disease, 0 To 74 Years 2011 To 2015 Number.","stype":"ratio","isDimension":false},{"name":"dth_isch_hrt_dise_0_74_yrs_2011_15_sdr","type":"Integer","title":"Deaths From Ischaemic Heart Disease, 0 To 74 Years 2011 To 2015 Sdr","description":"Deaths From Ischaemic Heart Disease, 0 To 74 Years 2011 To 2015 Sdr.","stype":"ratio","isDimension":false},{"name":"dth_isch_hrt_dise_0_74_yrs_2011_15_sdr_lo_95pc_ci","type":"Integer","title":"Deaths From Ischaemic Heart Disease, 0 To 74 Years 2011 To 2015 Sdr- Lower 95% C.I.","description":"Deaths From Ischaemic Heart Disease, 0 To 74 Years 2011 To 2015 Sdr- Lower 95% C.I..","stype":"ratio","isDimension":false},{"name":"dth_isch_hrt_dise_0_74_yrs_2011_15_sdr_up_95pc_ci","type":"Integer","title":"Deaths From Ischaemic Heart Disease, 0 To 74 Years 2011 To 2015 Sdr- Upper 95% C.I.","description":"Deaths From Ischaemic Heart Disease, 0 To 74 Years 2011 To 2015 Sdr- Upper 95% C.I..","stype":"ratio","isDimension":false},{"name":"dth_isch_hrt_dise_0_74_yrs_2011_15_sig","type":"String","title":"Deaths From Ischaemic Heart Disease, 0 To 74 Years 2011 To 2015 Sig.","description":"Deaths From Ischaemic Heart Disease, 0 To 74 Years 2011 To 2015 Sig..","stype":"ratio","isDimension":false},{"name":"dth_lung_canc_0_74_yrs_2011_15_avg_yr_asr_100k","type":"Double","title":"Deaths From Lung Cancer, 0 To 74 Years 2011 To 2015 Average Annual Asr Per 100,000","description":"Deaths From Lung Cancer, 0 To 74 Years 2011 To 2015 Average Annual Asr Per 100,000.","stype":"ratio","isDimension":false},{"name":"dth_lung_canc_0_74_yrs_2011_15_avg_yr_asr_100k_lo_95pc_ci","type":"Double","title":"Deaths From Lung Cancer, 0 To 74 Years 2011 To 2015 Average Annual Asr Per 100,000- Lower 95% C.I.","description":"Deaths From Lung Cancer, 0 To 74 Years 2011 To 2015 Average Annual Asr Per 100,000- Lower 95% C.I..","stype":"ratio","isDimension":false},{"name":"dth_lung_canc_0_74_yrs_2011_15_avg_yr_asr_100k_up_95pc_ci","type":"Double","title":"Deaths From Lung Cancer, 0 To 74 Years 2011 To 2015 Average Annual Asr Per 100,000- Upper 95% C.I.","description":"Deaths From Lung Cancer, 0 To 74 Years 2011 To 2015 Average Annual Asr Per 100,000- Upper 95% C.I..","stype":"ratio","isDimension":false},{"name":"dth_lung_canc_0_74_yrs_2011_15_num","type":"Integer","title":"Deaths From Lung Cancer, 0 To 74 Years 2011 To 2015 Number","description":"Deaths From Lung Cancer, 0 To 74 Years 2011 To 2015 Number.","stype":"ratio","isDimension":false},{"name":"dth_lung_canc_0_74_yrs_2011_15_sdr","type":"Integer","title":"Deaths From Lung Cancer, 0 To 74 Years 2011 To 2015 Sdr","description":"Deaths From Lung Cancer, 0 To 74 Years 2011 To 2015 Sdr.","stype":"ratio","isDimension":false},{"name":"dth_lung_canc_0_74_yrs_2011_15_sdr_lo_95pc_ci","type":"Integer","title":"Deaths From Lung Cancer, 0 To 74 Years 2011 To 2015 Sdr- Lower 95% C.I.","description":"Deaths From Lung Cancer, 0 To 74 Years 2011 To 2015 Sdr- Lower 95% C.I..","stype":"ratio","isDimension":false},{"name":"dth_lung_canc_0_74_yrs_2011_15_sdr_up_95pc_ci","type":"Integer","title":"Deaths From Lung Cancer, 0 To 74 Years 2011 To 2015 Sdr- Upper 95% C.I.","description":"Deaths From Lung Cancer, 0 To 74 Years 2011 To 2015 Sdr- Upper 95% C.I..","stype":"ratio","isDimension":false},{"name":"dth_lung_canc_0_74_yrs_2011_15_sig","type":"String","title":"Deaths From Lung Cancer, 0 To 74 Years 2011 To 2015 Sig.","description":"Deaths From Lung Cancer, 0 To 74 Years 2011 To 2015 Sig..","stype":"ratio","isDimension":false},{"name":"dth_resp_sys_dise_0_74_yrs_2011_15_avg_yr_asr_100k","type":"Double","title":"Deaths From Respiratory System Diseases, 0 To 74 Years 2011 To 2015 Average Annual Asr Per 100,000","description":"Deaths From Respiratory System Diseases, 0 To 74 Years 2011 To 2015 Average Annual Asr Per 100,000.","stype":"ratio","isDimension":false},{"name":"dth_resp_sys_dise_0_74_yrs_2011_15_avg_yr_asr_100k_lo_95pc_ci","type":"Double","title":"Deaths From Respiratory System Diseases, 0 To 74 Years 2011 To 2015 Average Annual Asr Per 100,000- Lower 95% C.I.","description":"Deaths From Respiratory System Diseases, 0 To 74 Years 2011 To 2015 Average Annual Asr Per 100,000- Lower 95% C.I..","stype":"ratio","isDimension":false},{"name":"dth_resp_sys_dise_0_74_yrs_2011_15_avg_yr_asr_100k_up_95pc_ci","type":"Double","title":"Deaths From Respiratory System Diseases, 0 To 74 Years 2011 To 2015 Average Annual Asr Per 100,000- Upper 95% C.I.","description":"Deaths From Respiratory System Diseases, 0 To 74 Years 2011 To 2015 Average Annual Asr Per 100,000- Upper 95% C.I..","stype":"ratio","isDimension":false},{"name":"dth_resp_sys_dise_0_74_yrs_2011_15_num","type":"Integer","title":"Deaths From Respiratory System Diseases, 0 To 74 Years 2011 To 2015 Number","description":"Deaths From Respiratory System Diseases, 0 To 74 Years 2011 To 2015 Number.","stype":"ratio","isDimension":false},{"name":"dth_resp_sys_dise_0_74_yrs_2011_15_sdr","type":"Integer","title":"Deaths From Respiratory System Diseases, 0 To 74 Years 2011 To 2015 Sdr","description":"Deaths From Respiratory System Diseases, 0 To 74 Years 2011 To 2015 Sdr.","stype":"ratio","isDimension":false},{"name":"dth_resp_sys_dise_0_74_yrs_2011_15_sdr_lo_95pc_ci","type":"Integer","title":"Deaths From Respiratory System Diseases, 0 To 74 Years 2011 To 2015 Sdr- Lower 95% C.I.","description":"Deaths From Respiratory System Diseases, 0 To 74 Years 2011 To 2015 Sdr- Lower 95% C.I..","stype":"ratio","isDimension":false},{"name":"dth_resp_sys_dise_0_74_yrs_2011_15_sdr_up_95pc_ci","type":"Integer","title":"Deaths From Respiratory System Diseases, 0 To 74 Years 2011 To 2015 Sdr- Upper 95% C.I.","description":"Deaths From Respiratory System Diseases, 0 To 74 Years 2011 To 2015 Sdr- Upper 95% C.I..","stype":"ratio","isDimension":false},{"name":"dth_resp_sys_dise_0_74_yrs_2011_15_sig","type":"String","title":"Deaths From Respiratory System Diseases, 0 To 74 Years 2011 To 2015 Sig.","description":"Deaths From Respiratory System Diseases, 0 To 74 Years 2011 To 2015 Sig..","stype":"ratio","isDimension":false},{"name":"dth_suic_slf_inj_0_74_yrs_2011_15_avg_yr_asr_100k","type":"Double","title":"Deaths From Suicide And Self-Inflicted Injuries, 0 To 74 Years 2011 To 2015 Average Annual Asr Per 100,000","description":"Deaths From Suicide And Self-Inflicted Injuries, 0 To 74 Years 2011 To 2015 Average Annual Asr Per 100,000.","stype":"ratio","isDimension":false},{"name":"dth_suic_slf_inj_0_74_yrs_2011_15_avg_yr_asr_100k_lo_95pc_ci","type":"Double","title":"Deaths From Suicide And Self-Inflicted Injuries, 0 To 74 Years 2011 To 2015 Average Annual Asr Per 100,000- Lower 95% C.I.","description":"Deaths From Suicide And Self-Inflicted Injuries, 0 To 74 Years 2011 To 2015 Average Annual Asr Per 100,000- Lower 95% C.I..","stype":"ratio","isDimension":false},{"name":"dth_suic_slf_inj_0_74_yrs_2011_15_avg_yr_asr_100k_up_95pc_ci","type":"Double","title":"Deaths From Suicide And Self-Inflicted Injuries, 0 To 74 Years 2011 To 2015 Average Annual Asr Per 100,000- Upper 95% C.I.","description":"Deaths From Suicide And Self-Inflicted Injuries, 0 To 74 Years 2011 To 2015 Average Annual Asr Per 100,000- Upper 95% C.I..","stype":"ratio","isDimension":false},{"name":"dth_suic_slf_inj_0_74_yrs_2011_15_num","type":"Integer","title":"Deaths From Suicide And Self-Inflicted Injuries, 0 To 74 Years 2011 To 2015 Number","description":"Deaths From Suicide And Self-Inflicted Injuries, 0 To 74 Years 2011 To 2015 Number.","stype":"ratio","isDimension":false},{"name":"dth_suic_slf_inj_0_74_yrs_2011_15_sdr","type":"Integer","title":"Deaths From Suicide And Self-Inflicted Injuries, 0 To 74 Years 2011 To 2015 Sdr","description":"Deaths From Suicide And Self-Inflicted Injuries, 0 To 74 Years 2011 To 2015 Sdr.","stype":"ratio","isDimension":false},{"name":"dth_suic_slf_inj_0_74_yrs_2011_15_sdr_lo_95pc_ci","type":"Integer","title":"Deaths From Suicide And Self-Inflicted Injuries, 0 To 74 Years 2011 To 2015 Sdr- Lower 95% C.I.","description":"Deaths From Suicide And Self-Inflicted Injuries, 0 To 74 Years 2011 To 2015 Sdr- Lower 95% C.I..","stype":"ratio","isDimension":false},{"name":"dth_suic_slf_inj_0_74_yrs_2011_15_sdr_up_95pc_ci","type":"Integer","title":"Deaths From Suicide And Self-Inflicted Injuries, 0 To 74 Years 2011 To 2015 Sdr- Upper 95% C.I.","description":"Deaths From Suicide And Self-Inflicted Injuries, 0 To 74 Years 2011 To 2015 Sdr- Upper 95% C.I..","stype":"ratio","isDimension":false},{"name":"dth_suic_slf_inj_0_74_yrs_2011_15_sig","type":"String","title":"Deaths From Suicide And Self-Inflicted Injuries, 0 To 74 Years 2011 To 2015 Sig.","description":"Deaths From Suicide And Self-Inflicted Injuries, 0 To 74 Years 2011 To 2015 Sig..","stype":"ratio","isDimension":false},{"name":"phn_name","type":"String","title":"PHN Name","description":"phn_name","stype":"nominal","isDimension":false}],"filter":{"filterType":"tabular","feature":{"key":"phn_code","geoLevel":"phn2017","geoField":"ignored","year":"2006","featureBbox":[140.961681984,-39.159189527500004,149.976679008,-33.9806475865],"featureType":"ste","featureInstance":"2","featureName":"Victoria","referenceSystemIdentifier":"urn:x-ogc:def:crs:EPSG:4283","prefix":"","keyTransform":null},"states":["2"]}}