dth_lung_canc_0_74_yrs_2011_15_sdr, dth_suic_slf_inj_0_74_yrs_2011_15_avg_yr_asr_100k, dth_circ_sys_dise_0_74_yrs_2011_15_avg_yr_asr_100k_lo_95pc_ci, dth_canc_0_74_yrs_2011_15_avg_yr_asr_100k, dth_lung_canc_0_74_yrs_2011_15_avg_yr_asr_100k, dth_circ_sys_dise_0_74_yrs_2011_15_sdr_lo_95pc_ci, dth_isch_hrt_dise_0_74_yrs_2011_15_sdr_up_95pc_ci, dth_suic_slf_inj_0_74_yrs_2011_15_sdr_lo_95pc_ci, dth_canc_0_74_yrs_2011_15_num, dth_isch_hrt_dise_0_74_yrs_2011_15_avg_yr_asr_100k_up_95pc_ci, dth_isch_hrt_dise_0_74_yrs_2011_15_num, dth_copd_0_74_yrs_2011_15_sdr_up_95pc_ci, dth_cereb_dise_0_74_yrs_2011_15_sdr_lo_95pc_ci, dth_resp_sys_dise_0_74_yrs_2011_15_avg_yr_asr_100k_lo_95pc_ci, dth_suic_slf_inj_0_74_yrs_2011_15_avg_yr_asr_100k_lo_95pc_ci, dth_lung_canc_0_74_yrs_2011_15_sig, dth_lung_canc_0_74_yrs_2011_15_avg_yr_asr_100k_lo_95pc_ci, dth_resp_sys_dise_0_74_yrs_2011_15_sig, dth_copd_0_74_yrs_2011_15_avg_yr_asr_100k_up_95pc_ci, dth_resp_sys_dise_0_74_yrs_2011_15_num, dth_suic_slf_inj_0_74_yrs_2011_15_avg_yr_asr_100k_up_95pc_ci, dth_cereb_dise_0_74_yrs_2011_15_sdr_up_95pc_ci, phn_code, dth_lung_canc_0_74_yrs_2011_15_sdr_lo_95pc_ci, dth_isch_hrt_dise_0_74_yrs_2011_15_avg_yr_asr_100k, phn_name, dth_resp_sys_dise_0_74_yrs_2011_15_sdr_up_95pc_ci, dth_circ_sys_dise_0_74_yrs_2011_15_avg_yr_asr_100k_up_95pc_ci, dth_copd_0_74_yrs_2011_15_sdr_lo_95pc_ci, dth_circ_sys_dise_0_74_yrs_2011_15_sig, dth_cereb_dise_0_74_yrs_2011_15_avg_yr_asr_100k, dth_cereb_dise_0_74_yrs_2011_15_avg_yr_asr_100k_up_95pc_ci, dth_lung_canc_0_74_yrs_2011_15_num, dth_lung_canc_0_74_yrs_2011_15_sdr_up_95pc_ci, dth_canc_0_74_yrs_2011_15_sig, dth_circ_sys_dise_0_74_yrs_2011_15_sdr, dth_canc_0_74_yrs_2011_15_sdr, dth_isch_hrt_dise_0_74_yrs_2011_15_sdr_lo_95pc_ci, dth_cereb_dise_0_74_yrs_2011_15_num, dth_isch_hrt_dise_0_74_yrs_2011_15_avg_yr_asr_100k_lo_95pc_ci, dth_cereb_dise_0_74_yrs_2011_15_sdr, dth_cereb_dise_0_74_yrs_2011_15_avg_yr_asr_100k_lo_95pc_ci, dth_copd_0_74_yrs_2011_15_num, dth_suic_slf_inj_0_74_yrs_2011_15_sdr_up_95pc_ci, dth_suic_slf_inj_0_74_yrs_2011_15_sig, dth_copd_0_74_yrs_2011_15_avg_yr_asr_100k, dth_canc_0_74_yrs_2011_15_avg_yr_asr_100k_lo_95pc_ci, dth_resp_sys_dise_0_74_yrs_2011_15_avg_yr_asr_100k, dth_suic_slf_inj_0_74_yrs_2011_15_sdr, dth_resp_sys_dise_0_74_yrs_2011_15_sdr_lo_95pc_ci, dth_canc_0_74_yrs_2011_15_sdr_lo_95pc_ci, dth_copd_0_74_yrs_2011_15_avg_yr_asr_100k_lo_95pc_ci, dth_suic_slf_inj_0_74_yrs_2011_15_num, dth_resp_sys_dise_0_74_yrs_2011_15_sdr, dth_circ_sys_dise_0_74_yrs_2011_15_num, dth_resp_sys_dise_0_74_yrs_2011_15_avg_yr_asr_100k_up_95pc_ci, dth_isch_hrt_dise_0_74_yrs_2011_15_sdr, dth_canc_0_74_yrs_2011_15_avg_yr_asr_100k_up_95pc_ci, dth_isch_hrt_dise_0_74_yrs_2011_15_sig, dth_lung_canc_0_74_yrs_2011_15_avg_yr_asr_100k_up_95pc_ci, dth_circ_sys_dise_0_74_yrs_2011_15_avg_yr_asr_100k, dth_copd_0_74_yrs_2011_15_sdr, dth_copd_0_74_yrs_2011_15_sig, dth_cereb_dise_0_74_yrs_2011_15_sig, dth_circ_sys_dise_0_74_yrs_2011_15_sdr_up_95pc_ci, dth_canc_0_74_yrs_2011_15_sdr_up_95pc_ci
95,8.491,44.359,95.18,19.928,99,105,68,5504,24.652,1354,94,95,12.434,7.828,null,18.763,"**",8.261,760,9.155,114,"PHN201",89,23.405,"North Western Melbourne",95,47.845,77,null,8.434,9.184,1124,101,"**",103,95,94,486,22.159,104,7.684,416,79,"**",7.537,92.665,13.386,74,83,92,6.813,629,89,2688,14.338,99,97.694,null,21.093,46.102,85,"**",null,107,97
72,7.957,30.38,83.916,15.168,68,69,63,5681,16.339,1044,61,75,8.486,7.281,"**",14.24,"**",5.415,624,8.632,90,"PHN202",68,15.405,"Eastern Melbourne",66,33.062,49,"**",6.633,7.245,1028,77,"**",71,83,62,450,14.471,82,6.02,332,75,"**",4.889,81.734,9.209,69,56,81,4.363,533,61,2149,9.931,65,86.098,"**",16.095,31.721,55,"**","**",74,86
91,9.956,37.524,93.883,19.08,84,86,80,5917,20.194,1206,85,84,11.174,9.195,"**",17.999,"**",7.498,757,10.717,101,"PHN203",86,19.116,"South Eastern Melbourne",86,40.606,70,"**",7.478,8.152,1197,96,"**",87,93,77,472,18.037,93,6.803,429,93,"**",6.849,91.491,12.031,86,74,91,6.201,657,80,2469,12.888,81,96.275,"**",20.161,39.065,78,"**",null,91,96
113,13.708,46.146,107.827,23.649,103,124,101,1696,29.16,418,123,96,12.868,11.604,"*",21.274,null,10.889,238,15.813,134,"PHN204",101,26.609,"Gippsland",111,53.131,90,"**",9.265,10.795,381,124,"**",111,107,102,141,24.058,115,7.736,156,137,"*",9.412,102.695,14.74,119,86,102,7.935,163,98,776,16.613,113,112.959,"*",26.023,49.638,107,null,null,119,112
110,12.917,45.902,107.391,22.972,103,113,100,3385,26.603,783,147,100,16.361,11.536,"*",21.312,"**",12.961,571,14.299,126,"PHN205",102,24.861,"Murray",128,50.715,120,"**",9.134,10.186,736,117,"**",108,107,98,289,23.12,113,8.081,384,124,"*",11.784,103.773,17.823,112,109,103,10.606,336,119,1548,19.285,106,111.009,null,24.632,48.308,134,"**","*",113,110
105,12.207,45.324,110.005,21.929,101,113,95,3527,26.536,785,133,97,16.312,10.894,null,20.319,"**",11.749,577,13.52,123,"PHN206",97,24.801,"Western Victoria",128,50.116,108,"*",8.888,9.918,713,112,"**",107,109,98,286,23.066,110,7.858,351,117,null,10.637,106.375,17.762,106,109,106,9.524,332,118,1524,19.211,105,113.636,null,23.539,47.72,121,"**",null,112,113
