admissions_diabetes_persons_hospitals_201718_asr_per_100000, admssns_gntrnry_systm_dsss_prsns_hsptls_201718_asr_pr_100000, admissions_cancers_persons_all_hospitals_201718_asr_per_100000, admsn_msclkt_sytm_cntve_tse_ds_prsn_hsptl_201718_nmbr, admssns_mntl_hlth_rltd_cndtns_prsns_hsptls_201718_nmbr, admissions_for_diabetes_persons_all_hospitals_201718_sr, admsn_msclkt_sytm_cntve_tse_ds_prsn_hsptl_201718_sr, admssns_gntrnry_systm_dsss_prsns_hsptls_201718_sr, admssns_rsprtry_systm_dsss_prsns_hsptls_201718_sr, admssns_infcts_prstc_dsss_prsns_hsptls_201718_asr_pr_100000, admissions_nervous_system_diseases_persons_hospitals_201718_sr, admssns_dgstve_systm_dsss_prsns_hsptls_201718_nmbr, admissions_for_asthma_persons_all_hospitals_201718_sr, admissions_for_all_cancers_persons_all_hospitals_201718_number, admssns_md_affctve_dsrdrs_prsns_hsptls_201718_nmbr, admssns_endcrne_ntrtnl_mtblc_dsss_prsns_hsptls_201718_sr, admssns_chrnc_kdny_dsse_prsns_hsptls_201718_nmbr, admssns_dgstve_systm_dsss_prsns_hsptls_201718_sr, admsn_cngtl_mlfrtns_dfrmtns_chrmsl_abnrmlts_prsn_hsptl_201718_n, admissions_for_stroke_persons_all_hospitals_201718_sr, admsn_msclkt_sytm_cntve_tse_ds_prsn_hsptl_201718_asr_pr_100000, admssns_eye_adnxa_dsss_prsns_hsptls_201718_asr_pr_100000, admssns_rsprtry_systm_dsss_prsns_hsptls_201718_asr_pr_100000, admissions_heart_failure_persons_hospitals_201718_number, admssns_chrnc_obstrctve_plmnry_dsse_cpd_prsns_hsptls_201718_sr, admssns_md_affctve_dsrdrs_prsns_hsptls_201718_asr_pr_100000, admsn_cngtl_mlfrtns_dfrmtns_chrmsl_abnrmlts_prsn_hsptl_201718_a, admissions_eye_adnexa_diseases_persons_hospitals_201718_number, lga_code, admissions_stroke_persons_hospitals_201718_asr_per_100000, admssns_dgstve_systm_dsss_prsns_hsptls_201718_asr_pr_100000, admissions_for_heart_failure_persons_all_hospitals_201718_sr, admsn_cngtl_mlfrtns_dfrmtns_chrmsl_abnrmlts_prsn_hsptl_201718_s, admssns_hrt_flre_prsns_hsptls_201718_asr_pr_100000, admssns_skn_sbctns_tsse_dsss_prsns_hsptls_201718_asr_pr_100000, admssns_rsprtry_systm_dsss_prsns_hsptls_201718_nmbr, admssns_endcrne_ntrtnl_mtblc_dsss_prsns_hsptls_201718_nmbr, admissions_mood_affective_disorders_persons_hospitals_201718_sr, admissions_for_all_cancers_persons_all_hospitals_201718_sr, admssns_skn_sbctns_tsse_dsss_prsns_hsptls_201718_nmbr, admssns_er_mstd_prcss_dsss_prsns_hsptls_201718_nmbr, admssns_ischmc_hrt_dsse_prsns_hsptls_201718_asr_pr_100000, admssns_infcts_prstc_dsss_prsns_hsptls_201718_nmbr, admsn_chrn_obstrcve_plmnry_dse_cpd_prsn_hsptl_201718_nmbr, admssns_gntrnry_systm_dsss_prsns_hsptls_201718_nmbr, admsn_endcr_ntrl_mtblc_ds_prsn_hsptl_201718_asr_pr_100000, admssns_chrnc_kdny_dsse_prsns_hsptls_201718_asr_pr_100000, admssns_skn_sbctns_tsse_dsss_prsns_hsptls_201718_sr, admssns_crcltry_systm_dsss_prsns_hsptls_201718_asr_pr_100000, admssns_er_mstd_prcss_dsss_prsns_hsptls_201718_sr, admssns_infcts_prstc_dsss_prsns_hsptls_201718_sr, admissions_for_asthma_persons_all_hospitals_201718_number, admssns_nrvs_systm_dsss_prsns_hsptls_201718_asr_pr_100000, admissions_ischaemic_heart_disease_persons_hospitals_201718_sr, admissions_chronic_kidney_disease_persons_hospitals_201718_sr, admssns_nrvs_systm_dsss_prsns_hsptls_201718_nmbr, admssns_er_mstd_prcss_dsss_prsns_hsptls_201718_asr_pr_100000, admssns_crcltry_systm_dsss_prsns_hsptls_201718_nmbr, admsn_chrn_obstrcve_plmnry_dse_cpd_prsn_pblc_hsptl_201718_sr, admssns_mntl_hlth_rltd_cndtns_prsns_hsptls_201718_sr, admssns_mntl_hlth_rltd_cndtns_prsns_hsptls_201718_asr_pr_100000, admissions_for_diabetes_persons_all_hospitals_201718_number, admissions_for_stroke_persons_all_hospitals_201718_number, admssns_ischmc_hrt_dsse_prsns_hsptls_201718_nmbr, admissions_eye_adnexa_diseases_persons_hospitals_201718_sr, admssns_crcltry_systm_dsss_prsns_hsptls_201718_sr
null,1802.32915813597,2852.46184105566,411.941710777619,148.483313132799,null,74.5741386404578,91.8482105794683,102.309773085904,731.215503527207,75.1030153125642,647.134915435422,null,497.794164826974,67.5630692834444,106.729801927776,null,103.399836351507,25.0717726555209,null,2427.63269822959,1082.39656374136,1960.91254974695,null,null,488.119348967193,233.541923513027,199.128527823388,20110,null,4376.63833031211,null,154.848164720958,null,716.85889851656,289.359433141573,125.394077284748,89.8983773592162,105.683113636268,104.219944918512,27.2998139659107,678.626634514301,105.541092035719,null,264.230943982481,831.744303341505,null,107.559936918961,2434.45183052272,76.6373049702117,102.388676470211,null,969.77138427067,108.322398633702,null,146.058631008774,210.388186912955,435.132018143529,121.355463521826,67.6635116331045,1135.8318495952,null,null,124.587492236045,64.8403898379207,106.783985388741
null,2032.83727024737,3156.09926217891,442.024080791696,122.379892776122,null,90.8409602074295,103.595097947911,107.78647924733,675.754759585866,108.824137048914,574.276527664664,null,484.986476283069,null,157.514369167188,null,101.850526665314,null,null,2957.17106973715,1473.37437306611,2065.88142534203,30.3906646011573,null,null,null,239.86262918367,20260,null,4311.0601979148,71.2155073969131,null,180.91040584365,653.334249845555,280.37256158871,167.066607803792,null,116.932816478539,86.5934093691,28.1609719457574,664.333597571411,90.0763247016191,null,270.836592447939,1227.50793951529,null,98.0284834934796,2196.65662061437,84.9759816995585,94.6227686895156,null,1405.19702955696,106.040943756055,null,190.595833607304,233.279898449816,348.8176275845,123.203907439099,59.8916883398159,1005.37033181574,null,null,106.737045077535,88.2617073326527,96.3534153926554
219.094164240603,2366.43065609977,4067.66836126899,3256.05277715793,1292.85160257945,114.416856304391,91.1394415636828,120.595297613646,119.724624605677,833.039842913485,167.968185136783,4897.44417404642,119.314095277827,4494.44011861195,455.985746230576,150.377948916573,245.972576409445,107.504488200623,232.444968179695,85.1148716054081,2966.88761643098,1383.79449139667,2294.69298798942,301.635338179026,130.486393153119,432.489788985772,214.015487103537,1564.41875876369,20570,218.763845697676,4550.37725727092,103.916446055676,141.901312198432,263.981359073728,756.157385039588,2533.52427666358,1259.39661032792,79.6529175426395,150.706260631185,816.534062767165,422.358967736605,726.574484125778,910.30717508417,437.974599922303,2524.50672920825,1171.89388624724,226.832548577987,113.456414929033,2503.14863010645,140.700920335433,116.646661006813,192.014022287621,2168.89746351209,115.975835464929,107.332769356798,2338.85036924287,386.258513890356,2798.52763248459,116.618957264307,73.2514131955422,1229.63301973598,240.639258592018,246.290992781491,811.874244932996,82.895472217304,109.797278956939
295.368208286626,2401.65607802588,3568.14403201792,3948.0,2094.0,154.249210432202,89.0458363265057,122.390414757602,100.232651539835,875.202286352137,142.215404979734,7841.0,127.872944564699,4909.0,657.0,133.839024509146,277.0,139.555611499511,237.0,98.2097184354838,2898.73390223979,1643.1421199454,1921.10155628871,469.0,78.4756236128917,500.86295994828,183.199576830178,2314.0,20660,252.420467593906,5907.01552391772,127.474443664512,121.469061413408,323.826287012316,721.970889437638,2606.0,1399.0,92.2454057065269,132.198988879993,963.0,402.0,540.397437620132,1179.0,329.0,3214.0,1043.00620997681,206.206340621306,108.326957349536,2516.75673049661,110.212826885612,122.550470156934,248.0,1836.36342133308,86.2582511227469,97.5728471798505,2465.0,302.561224354486,3519.0,62.5873516406546,95.3382835612915,1600.39371798837,400.0,357.0,751.0,98.4315538180383,110.394180146362
179.673971217916,2226.8486880823,3383.86567199964,1259.76872324545,543.581631044704,93.830572885107,79.1542909327531,113.482083063634,102.62426194684,645.726524239925,112.388096489436,2169.21109099024,null,1718.86870478485,176.326495593623,75.4066464124883,79.2809548882242,123.878256135227,60.2384113370955,null,2576.73167101498,1455.05191455669,1966.94017678163,137.700701735722,null,468.216368216062,191.720330371712,805.279406820268,20740,null,5243.43503069531,96.6780619342995,127.11868109667,245.593523938998,755.236339351875,854.798855893528,249.21841807326,86.2327868065692,125.371514246604,309.805073727088,114.35695041899,693.754548885495,272.290762736606,null,915.879449995785,587.643258535382,180.969918998239,113.318218114744,2232.76684059008,109.506144608157,90.418055771127,null,1451.21683136832,110.737116665195,85.6314611731228,618.81709369809,300.621208286133,1178.1466373559,131.112573240528,90.914554826324,1526.13490596586,83.601539021247,null,373.847266186362,87.1641102112854,97.9373420713122
899.424340485633,2179.55216251093,2955.12193901981,1578.8355814172,863.68424038002,469.70354449516,82.8427866757631,111.071812319943,96.2611668622946,574.734146574422,93.3072733270155,1987.58723245145,null,1759.02675386253,434.967011505578,172.113893638488,76.801108255723,86.1199945073816,71.9035813933212,71.541016850947,2696.80429989485,1763.82431007809,1844.98239474216,127.8921419905,84.4925955734271,836.85489109873,138.87092486516,1086.84305191659,20830,183.876068614559,3645.22887334125,82.3635782310897,92.077291841234,209.230108850808,848.569972750962,1035.83357539603,735.230600253495,154.126028714252,109.486648759122,459.76340193906,177.495671174983,520.326517270165,316.416072263133,154.895381867666,1174.1257225541,1341.28189103743,137.711389530093,127.322312562895,2043.36182961597,118.135012746111,80.4773261865089,null,1204.8347624962,83.0545303659712,65.1623627336521,666.766521085772,324.309566369197,1231.12694025492,76.9378184881496,101.76573901822,1708.28803862931,515.648032635985,111.680138753718,318.667428972085,105.660956161713,89.6293436665665
120.70487658256,2212.25053233182,3604.1037734475,3368.0,2125.0,63.0353280611321,86.4372866087228,112.738148762072,96.3928896219422,853.936577023967,118.718733700463,6107.0,87.0878773052342,4395.0,446.0,120.039002303462,201.0,128.235714585393,157.0,85.7898905798816,2813.81705699967,1420.66091160663,1847.50704908054,316.0,66.5053698386012,410.921130189131,161.341082603461,1793.0,20910,220.498792176352,5427.87458445736,94.5428569236769,106.975956005795,240.169413107656,787.124740073297,2099.0,1069.0,75.6805541611524,133.531289766594,885.0,356.0,455.404316214374,950.0,252.0,2487.0,935.462771797001,175.129541721319,118.102861755411,2134.60833990021,121.854742592076,119.572732647528,135.0,1532.96149615844,72.6916471761947,82.8679077450536,1745.0,334.521136549055,2674.0,41.3534523620539,119.292511456792,2002.50076681703,143.0,281.0,571.0,85.1039354907641,93.6317502448364
null,1737.41210239379,2971.97406593331,483.489420384744,144.953803986805,null,77.5918608964608,88.5399827903924,136.363258046099,null,96.9044898652202,792.513487779385,null,590.41988401794,28.0814488906187,199.811115005246,null,113.756409144176,21.6861169613403,null,2525.86945102895,1002.41287580176,2613.59610095564,null,null,185.681284381352,174.758427246447,216.523703874125,21010,null,4815.00433798133,null,115.872222518215,null,1010.74574220189,450.989056864228,262.384146446496,34.197468728044,110.111016530841,165.953803986805,38.290785032062,626.111488015129,null,null,283.3379504333,1557.1260664607,null,151.655714251878,2541.80475415067,93.866483653296,null,null,1251.2839982194,99.9399297707436,null,210.523703874125,257.68650548695,528.884752314023,186.910749287039,59.8400562840592,1004.50361160017,null,null,131.94213381,60.0490095985454,111.492878324883
110.249110705619,1922.32584970648,3355.90067057493,4400.0,4836.0,57.5750463323108,74.3222609555896,97.9633429605069,79.0193135578592,650.265927891682,129.844934573744,9044.0,91.6202781705276,6100.0,2168.0,94.9514223895045,226.0,117.048303165666,251.0,75.9634697051876,2419.43325382584,2063.68095008168,1514.51771374658,394.0,37.6297776187486,1184.01141852467,156.489144490724,3788.0,21110,195.242740214506,4954.34140138637,82.0782055649387,103.758915995182,208.505170045524,552.947577894539,2677.0,1347.0,218.062868282866,124.335416802331,1011.0,454.0,409.594112390557,1152.0,206.0,3485.0,739.955506711105,124.35230819697,82.9661272544766,1883.16980759644,99.9489223571463,91.0536871679251,229.0,1676.62911293321,65.3794214135761,58.8411041464888,2998.0,274.384290611435,3468.0,18.1144653249147,156.575822459732,2628.35613662293,203.0,362.0,748.0,123.623708524966,82.6027340930043
222.070807437481,2004.73954314391,2100.14287507903,3825.9637014,2176.983004,115.971339319066,60.8692137317,102.163214130156,87.7832828017958,803.910637685182,105.125957535572,9279.9340798,133.831470656344,3990.9621232,707.9928374,82.5206028093619,514.9983004,109.096661055508,311.9989074,95.9128304926922,1981.49246192478,1543.84774471404,1682.49166929041,574.994537,88.1122422904263,344.469154726365,145.711285073089,2819.9746274,21180,246.516962953363,4617.76967287864,130.244891506924,96.6127397312522,330.864119948699,557.175205817245,3302.9779052,1275.9906522,63.4418982278089,77.8098535534609,1113.9944156,432.998179,675.712123437682,1597.9917448,473.995144,4008.9723208,643.082251210769,260.418925542536,83.600454865704,2229.53382951698,77.1731810054606,112.567835058009,409.9976934,1357.44410444458,107.857184310233,123.225192533567,2696.9809402,211.859297979686,4121.9671006,87.7074420378591,62.7822044956328,1053.89190913719,430.9983004,446.9984218,1259.9904094,92.4833771382638,97.79553034891
null,2317.69758972032,2628.90988168302,223.915289387666,77.7226624320824,null,77.241264369878,118.11181954151,130.006800391915,null,83.8329092185195,378.620398419144,null,245.751656451918,null,179.846260255279,null,119.574192023273,null,null,2514.45638468538,1325.84748969104,2491.76553472461,null,null,null,null,138.050252796032,21270,null,5061.25551636359,null,null,null,740.106574572697,201.338706490728,108.811727404915,null,97.4005603744005,55.8862953678306,22.206474980595,750.305973747173,null,null,172.840396932297,1401.54014851284,null,111.048096967312,2421.01275056859,121.126840885519,null,null,1082.49656930459,119.763856370976,null,83.6443890935743,332.522867946668,242.790793121172,161.841439697414,72.0955253588286,1210.22973740831,null,null,75.1319070176796,79.4241879335249,106.194498055507
289.728874921469,2248.06353792673,3170.93787048721,1368.78120536522,426.042190606701,151.304199105542,89.274096993346,114.563209664248,126.381762435503,861.937827537854,127.23032132992,2231.40774917984,null,1541.42980367924,113.417677206096,170.829020225176,71.658638362194,125.423265279854,67.6084381213402,115.10097073427,2906.16453528019,1664.36492666063,2422.28651812991,142.297196628046,165.589714098323,289.909391415966,189.809212549691,870.431778082302,21370,295.834682311436,5308.83113267821,102.398548634274,125.851529217239,260.125409034581,783.771886159521,1073.6787744695,570.23898675304,53.3934660132575,117.482583807756,330.373512196336,163.236956339022,742.143060872752,371.072310751213,259.644593496947,937.642619093888,1331.2688850847,163.742178104584,117.59978819908,2557.67280647899,148.079763349561,120.693110219218,null,1642.86779064485,118.460892034735,77.4796277988148,705.45586299572,406.515246611595,1297.05228666583,172.256684016309,66.9583670138571,1123.99495703995,133.33735682073,154.146595905485,378.042190606701,99.7028947544079,112.188909294455
218.155158070489,2280.71005012553,2964.27033364217,2849.05943718957,2034.24211253348,113.9264820655,98.6158634480785,116.226903398317,104.305612284718,868.455731603895,138.121849902984,4852.45444744447,109.939687996753,2571.039113966,950.991757239741,123.622141590067,146.777573431827,119.304325359261,207.353978880416,93.0830889285088,3210.26965963264,1627.7718165923,1999.16565122674,190.561282762376,107.320205472219,972.856829751336,169.023581136799,1315.74315837547,21450,239.243907901583,5049.83278275525,100.452402947552,112.069777194146,255.18156999046,883.212390342075,1952.00144464235,910.519372108113,179.173906100073,109.825594863343,847.566715537887,355.087233419712,646.568055542157,847.221723444962,253.452305322133,2177.38891776829,963.386141239111,156.08092591483,132.520178221717,2514.63485370265,115.697782836553,121.605781746917,185.671663940945,1783.50518978477,103.205207538578,73.85447162338,1723.4916731126,317.618772871678,2080.33630605514,93.1821500620016,122.815548634875,2061.64014249521,197.476414795838,191.571014831148,538.328551865598,97.5108039794605,110.301106848413
249.484873459204,2235.34523769928,2779.07939902014,7275.0,6370.0,130.28770079587,83.8887927075523,113.91507438206,107.215782817105,844.612581259,114.384769351304,14210.0,141.854790359128,7152.0,2792.0,110.968001447053,634.0,112.081842804449,533.0,81.8845665178222,2730.85522547858,1489.31168280734,2054.94321525349,649.0,123.607399703181,898.996405215193,138.324144907958,3456.0,21610,210.461254735509,4744.12442668066,119.764245146722,91.7147536228044,304.239890818934,816.121262792641,6126.0,2535.0,165.570814292892,102.964309532064,2441.0,971.0,673.444594727579,2534.0,837.0,6657.0,864.772550774856,219.496517418609,122.453598226725,2495.39524905573,102.276160891233,118.267137263974,751.0,1476.99896803927,107.495241326629,103.861501475005,4407.0,280.77313082301,6051.0,99.3478476287119,120.021917651382,2014.74492570136,686.0,489.0,1634.0,89.2164233870135,109.457187229326
null,1729.84245662031,2808.68702596713,508.156444102669,151.90775338116,null,83.0383128565566,88.1542272718311,106.763148740955,633.258042738811,116.026595806038,782.219025133189,null,551.248426972033,34.6473463899915,129.535136435529,null,116.776576888927,null,null,2703.16931809697,1513.92378796805,2046.2678383702,65.0199727472949,null,242.359925455544,null,329.73689234298,21670,null,4942.83995534839,112.350806107429,null,285.407359614449,587.796988950329,344.024766145731,164.172227084473,44.6361408976197,104.061265907818,93.0362554680514,40.4464697628041,616.368682564688,102.823365244834,null,271.732485747367,1009.46605228147,null,88.1950509137637,2304.74251494953,104.403289668667,88.6721528022563,null,1498.19913300088,98.384782946056,null,243.227738730744,286.61262070315,477.834057563764,162.050267810806,66.4371524514196,1115.24560179366,null,null,129.025608993394,90.6907984421561,101.09445911211
null,1781.25344181241,2632.28570532561,625.829549597473,162.829694802124,null,73.1931519773297,90.7741743401598,106.769900177282,695.243147355443,117.80041514281,1064.8132125082,null,708.970072870434,null,121.233586050075,null,106.09489666547,30.2297238430547,null,2382.67705488797,1230.96845895964,2046.39723926536,80.7864680415713,null,null,147.591484932299,349.994505902024,21750,null,4490.71302026128,109.486137853306,97.8593916947534,278.13017638001,616.825434446984,502.407979778592,227.145872166285,null,97.5256339331423,145.70536341379,60.008095942313,508.693629491448,166.899956438605,null,418.718808249428,944.77215125956,null,92.5505771866982,2165.25238519579,96.1250018476276,97.3516361993536,null,1521.10366255282,81.1976885576191,null,367.286395439246,263.886691521676,599.945785043495,112.806334181063,44.891377375958,753.567986129529,null,null,142.767529107957,73.7405101151076,94.9759104553887
null,1675.65710262051,2861.39804461179,584.025289497933,139.841275945919,null,87.9565989082317,85.3928960343988,105.790778129723,711.495994530883,108.879954117976,848.597469677539,null,600.718497154354,48.2595948234535,141.350547433392,null,110.172047010254,null,118.309186779983,2863.27565329527,1248.0273528222,2027.63097038527,null,null,284.591669424683,null,278.861747672348,21830,304.080499602248,4663.28788214755,null,null,null,681.742571324808,381.889236696151,203.534973349168,52.4140855005299,106.014198105938,123.514474954614,36.1109750613431,512.026251166844,130.288071347866,null,300.93050996011,1101.54343471456,null,102.290964258669,2307.77260524473,77.0346500427546,99.6274461392943,null,1405.91777021039,81.7296417042503,null,260.149208902598,211.478996531373,501.422942001725,125.070055868113,51.0877348317165,857.582985940503,null,67.5397058440532,112.715675543818,74.762414069079,101.227369985002
261.264179182298,1836.76576323724,2597.83383358988,3096.0,2401.0,136.439170575798,64.4630653689457,93.6031289542307,96.2647195332156,691.694038758239,100.879819150626,7251.0,125.833773166144,3816.0,736.0,94.9955892846148,271.0,110.517408887086,181.0,80.8975686331821,2098.48411487872,1361.45260899361,1845.05048674142,602.0,93.2594417613453,455.232701097385,119.406359590446,2006.0,21890,207.924454187417,4677.9061260569,148.952831282882,79.1714624957259,378.388333439228,596.792803116458,2843.0,1160.0,83.8415466137537,96.2491993028082,942.0,330.0,428.448199327064,1087.0,409.0,2929.0,740.299698893051,175.996804886595,89.5448133373673,2102.29370292101,80.4115610745263,96.8546711730872,282.0,1302.615633414,68.3889111935823,83.2782798802419,2006.0,220.749445037057,3149.0,91.4354093973571,85.7105178224233,1438.77746865824,394.0,316.0,616.0,81.5570936476972,92.2143117563171
178.521166052752,1703.95540359888,2650.03096293379,1697.85433601875,567.913984942424,93.2285470694639,78.5384131784278,86.8350012656043,90.2266212912253,610.103457201666,93.0349443114018,2643.51406181545,null,1831.65387179392,138.725889748468,81.6231529224541,null,112.035484671111,66.8532693821836,78.0152294683963,2556.68283100463,1197.58271403317,1729.32173217384,174.597570637326,null,275.380796022994,161.881400746665,908.581382382865,22110,200.516211792166,4742.16221097077,89.248903900143,107.334209768469,226.721061407135,698.187534729812,1015.96944449355,363.212427096572,50.7176918324136,98.1830920099927,386.221443828986,132.686998759343,605.907221045419,347.232528537175,null,940.875972116847,636.088433012969,null,104.758422262102,2271.44251001511,95.6394838469166,85.4299248189483,null,1201.31830066907,96.7149242235312,null,688.406815101125,262.55382560314,1636.75964626043,104.672163485894,71.0881105564078,1193.31879396588,112.841903956205,148.586485929136,445.863823037782,71.7405548412483,99.6337987713389
276.17561256142,2302.055779856,3002.2409907556,4567.0,3412.0,144.22632153048,99.1051459378311,117.31469974806,120.281940109127,817.127819821689,138.998233177401,7636.0,118.978050300202,4247.0,1121.0,128.743115483886,252.0,127.495288353772,260.0,100.050955062849,3226.19740874847,1232.36559734028,2305.37473355411,384.0,143.761808424593,790.26305695293,178.392155143993,1724.0,22170,257.152848643709,5396.53432377198,109.187571468492,118.281537674853,277.371721265075,754.306480809395,3269.0,1423.0,145.54507346886,111.232399754755,1065.0,528.0,687.600549514452,1158.0,597.0,3268.0,1003.29384074583,177.983621802751,113.178698989879,2783.1053149068,133.08207009214,114.418575064333,253.0,1794.82153198015,109.754815147456,84.2184031700999,2557.0,365.342902496261,3911.0,125.154509152952,144.09653918191,2418.87295928018,389.0,360.0,971.0,73.8242049459054,122.077205864666
null,2350.62532744486,2694.53855208903,381.13047410559,132.30797971491,null,78.8495180397131,119.789844765025,132.015695677103,709.106236700952,85.1869590115393,644.498553515811,null,418.296394618955,52.9223244996198,183.374127040147,null,121.119329461072,null,126.006920917349,2566.81031417243,1363.05862408871,2530.26887469923,47.884280971862,null,465.946958598306,null,234.959003692645,22250,323.865360829032,5126.65704865306,103.010224954397,null,261.679264583228,752.554877680061,342.698931579224,185.193243161645,85.814822956885,99.8320888641028,95.121951609022,37.7991257863852,773.205689394949,92.6226431711458,null,294.226785984148,1429.0327798891,null,112.915882524201,2509.32935649605,119.724661107514,99.292819561889,null,1099.98080394795,123.419109496683,null,142.426647554591,328.673540764103,413.287921080201,167.28460547668,72.4793676600913,1216.67309662029,null,55.4267584022567,127.903141460172,81.65330112686,110.068388283566
146.866470322122,1920.73310407025,2905.42949495584,3375.0,4024.0,76.6976148772522,70.7713514078241,97.8821753025707,88.8344389612685,711.097720376031,117.278786118755,7539.0,100.982930154369,4251.0,1595.0,112.102814707606,202.0,118.831274035382,218.0,81.2912428588705,2303.83950666676,1579.32329105804,1702.63857454377,407.0,64.7096830452259,1049.38747365159,145.422645328008,2315.0,22310,208.936283095095,5029.8097863043,105.18284326008,96.42135938241,267.198417276108,643.567874482897,2556.0,1315.0,193.268780067774,107.645554116842,973.0,420.0,423.242328978975,1072.0,282.0,2908.0,873.616139423695,135.258014139162,96.5631034582897,1959.3154854033,102.622576721798,99.5716776778887,225.0,1514.36810208793,67.5579500517688,64.0014730084727,2265.0,281.724127188799,2896.0,40.5895556337364,155.513903999003,2610.53026888037,218.0,311.0,614.0,94.6085208533429,85.9427627780647
null,1737.27954117641,2412.69869402418,711.676652189253,149.358774870786,null,85.7589464966404,88.5332273592031,120.180012362756,null,118.100834396655,952.393755663019,null,630.814440818969,null,128.632653174218,null,99.6089289011453,null,null,2791.73486246637,1297.47118728061,2303.42114309059,null,null,null,null,355.423959756632,22410,null,4216.17936403756,null,null,null,525.658495665827,522.985078168481,229.789319067452,null,89.3899811666782,117.154777108614,null,762.610545920746,null,null,387.465381570299,1002.43300904614,null,78.8715809369647,2359.22464810408,null,null,null,1524.98284096464,121.727912457511,null,348.871618021265,null,631.728229770914,178.18973231567,43.9725063153913,738.143380000273,null,null,209.280171648495,77.7243206463532,103.484245279895
199.047587376458,2183.09595710778,3549.26259224023,661.215470322046,158.50489042922,103.947995518391,92.9995853102884,111.252407074742,120.462033778635,892.142994574898,153.31406018199,1055.04586198506,null,759.253116666248,59.9476841022588,114.532982438042,null,111.608698804435,47.1475159826993,null,3027.44139371883,1516.38545737423,2308.82648528824,46.545230418202,93.7570073802864,268.177645652671,193.853816043187,295.90282301714,22490,null,4724.09750749697,110.35756818521,128.533272257507,280.343891071821,580.907405585328,487.394031231935,195.732329758223,49.3910664250483,131.499435491786,125.807794055239,79.5130051095528,607.509271885466,187.549907619908,53.7680767544136,477.435320894923,892.554412796694,null,87.1613144927317,2323.50941841352,123.109499330248,124.922598052239,null,1979.67535327403,96.9706436145794,null,441.965663849946,337.965751352034,464.255165460805,69.4504799803112,43.5817661707411,731.584230312394,42.8910679660273,null,127.860085085686,90.8382634372378,101.917644323731
272.76534418143,2525.90504382003,2951.50937299122,3088.11849851608,1568.36916919759,142.44538780025,77.9430834257608,128.722246611415,118.250722645905,740.067445821448,123.306005021482,5798.03829200099,127.266524703779,3626.4495886052,545.002829348097,126.826546680337,224.167026917891,116.227789099414,177.045745724501,91.0965454373511,2537.30289581327,1396.3049309435,2266.44355723771,375.596721031166,114.641920194328,475.184068456781,151.319866313049,1759.59107908847,22620,234.138056414359,4919.61123701053,116.052182347567,100.331466110792,294.810051559778,700.003055155191,2743.77168830606,1165.34431871134,87.5160486704789,109.352803944575,826.224360414861,450.080817024159,730.476409003351,884.246600932161,429.720433782911,2945.98418303322,988.358038790601,188.261618556244,105.030829095348,2631.74734204088,137.520717317746,103.628172420893,222.171435069045,1592.19486302788,116.59866080147,89.08175219963,1885.78858770696,377.528077098948,3276.57675659616,105.16279604858,82.1947292846254,1379.75977209933,330.801800177557,293.817695894414,912.304069479696,83.6449034372778,115.438090084949
204.691162461037,1849.99222726846,2403.49382690668,2780.0,3450.0,106.895221984844,55.7313758280574,94.2771606914842,97.9861915072146,823.913937722785,86.2001562951072,7163.0,151.212814879353,3655.0,1424.0,77.7769021860212,374.0,106.441083541496,197.0,104.741273202841,1814.23899416136,1380.40932696944,1878.04494949933,498.0,94.0979909952247,879.185326975769,115.124250712379,2088.0,22670,269.207992644949,4505.36618417843,128.716504923279,76.3322433485607,326.981524047331,574.203792967504,3016.0,959.0,161.922149696356,89.0489427683429,921.0,399.0,533.214901162872,1336.0,420.0,2954.0,606.114638613763,236.81403591112,86.1554817524332,2217.6581879458,89.0203636832721,115.368803317033,368.0,1113.063763775,85.1117744922191,112.055815870542,1758.0,244.382718324127,3365.0,89.1848856272983,124.529695076392,2090.41461896197,318.0,408.0,798.0,82.6926857446933,97.2746211569027
230.332723873474,2088.90390488738,3055.16736650216,7241.17894810938,2768.48184538848,120.285933954357,82.9352351195381,106.452300829888,114.391040062206,834.717759837538,140.052172212985,12607.1626602905,130.024081060388,8296.22650166809,817.74467806939,123.112928122721,613.589484949581,115.532969044898,370.112639464707,88.2563355459987,2699.81379982472,1539.03955876517,2192.46724209078,579.073841184755,107.350986886346,325.093929093722,149.793796108621,4326.96369077696,22750,226.838095470973,4890.20136374028,79.2365106993187,99.3196170738547,201.286346642948,607.014072804457,5804.58821863134,2487.40424882858,59.8735058888681,113.193310888384,1571.17521452401,773.663326134336,569.125102527819,2186.76469947359,898.310386239617,5369.90611562126,959.417845664685,234.419761796718,91.0784472577216,2173.59249212853,110.502572178193,116.881611841761,482.872339034695,1808.43057168678,90.8437616401363,110.922891724915,4689.92489249701,303.356646202845,6019.82100831106,86.4723090233947,65.9958905428853,1107.83836977703,613.953690969749,636.310386239617,1573.81851925414,92.1953453190751,95.3417381319445
260.378543422942,2315.07983388368,3436.1570964763,2055.360343255,856.301501451,135.976667798659,90.6449668628237,117.978416501203,123.257370926401,918.263704497519,128.378186154687,3643.61757901732,null,2419.96337662608,307.64062769655,160.749124295099,183.418078614971,127.862714565449,128.468278855825,103.790589234343,2950.79084382137,1449.90475665114,2362.40310390928,194.797932423638,129.689039822937,471.620419455851,188.08718830805,1046.05614189247,22830,266.76452680791,5412.08649192162,104.858290715879,124.709754372654,266.373948917529,866.832524551296,1646.06691454855,846.224383789039,86.8597209437881,127.308900568703,584.970179861364,185.858172712663,860.916490729982,629.249900552881,278.490428382864,1545.16444350589,1252.71635461349,269.015241044665,130.062487684788,2683.16525891021,97.6452189052625,128.580158517708,null,1657.68965173042,137.419509574548,127.292802560842,1128.03205697905,268.060059969252,1915.07084987987,131.697447034474,79.0643704544417,1327.21208170952,180.714810723743,192.006838048846,616.2554712647,86.855772457515,117.693468488766
143.586616586499,1832.88151921268,2200.27970580725,464.891338217517,230.168573920381,74.9847871765743,65.8901131425707,93.4051846101027,100.165887292769,612.286802654475,134.948780653603,645.963094096871,null,490.316770945204,120.57641809881,102.647310155849,null,81.8275238246205,null,70.2726711688024,2144.93919837476,1116.83803446156,1919.82192438261,39.8756034424091,null,691.910743010082,null,260.665519814803,22910,180.616142659594,3463.54007783824,68.5354979425745,null,174.102315642916,621.564035934492,354.654812756853,152.01989698655,127.431238293725,81.519902153834,113.05933395358,79.846783632507,500.438073979737,110.770690848404,null,338.6380596409,799.929484861504,null,93.2615730021022,2024.07914156135,177.762135417308,85.7356484395664,null,1742.53277681901,79.8799366015348,null,331.764933436109,488.000633461202,458.428353927151,85.1751668059622,84.3283497245773,1415.57573837353,29.4164145286854,41.3606721111229,117.668791590432,66.9035878033413,88.7835342512129
null,1868.5061748932,2786.28258305484,219.531669734439,null,null,83.7285475978728,95.2206470421425,131.608406428129,null,109.367310512192,262.824405846665,null,235.212503286899,null,176.610651936461,null,91.1414149846861,null,null,2725.63872180745,2310.48841877089,2522.46259602613,null,null,null,null,217.486343618901,22980,null,3857.77216266402,null,null,null,747.083096585099,186.124676513981,97.1529904880669,null,103.231185991523,51.4740405743793,null,669.12305973817,null,null,127.151106849295,1376.32508450624,null,112.094877957435,2434.5140486296,null,null,null,1412.21078365445,106.805437814618,null,99.1983166036051,null,220.213445106285,149.520024538639,null,null,null,null,60.3371204083784,138.408578526219,106.786714503087
269.986784994517,2076.5875463381,2523.40028652595,2223.5054041,1302.6237545,140.994349575091,72.5306515399603,105.824648833859,85.5283155519204,682.445293873668,126.721004101696,4372.6705508,null,2377.099571,502.1395447,109.425912404047,164.8012801,108.541286118196,139.2790894,74.3486411476031,2361.11049369572,1526.0449140359,1639.27200956312,271.4482217,83.9771829736796,521.327821391526,141.614894862881,1420.1015638,23110,191.092277448876,4594.26213820448,112.41595725158,93.8966599093088,285.572864577629,618.143220731873,1571.8796568,818.9620191,96.0144794802295,93.4914519775025,590.1755328,245.2938832,628.102624865059,655.3150775,232.7273111,2004.8352754,852.755065933714,173.280062262006,92.7483023038288,2131.18769544571,91.2431975581843,95.5596128172757,null,1636.29120685002,100.257755079423,81.9927698802233,1576.0487891,250.484942155371,2009.17354,80.5092616113421,80.4111227292046,1349.81930516379,254.0951633,180.4630155,587.8372682,91.4169080454581,93.4817082341998
172.409712981499,1832.54099374606,2994.18043574205,703.01461,194.9225765,90.0369821535833,94.8712163115357,93.3878311457677,96.912231953331,null,105.422073926257,974.916071,null,699.225765,91.971846,167.842887974659,null,108.877289234201,35.9648075,null,3088.36911880532,1658.5686676248,1857.46098470681,null,null,458.433734648902,180.291577786986,411.7818065,23190,null,4608.4842508161,null,119.540935156352,null,756.969754184645,418.5988055,280.8240375,84.4310903857076,110.933757880144,161.8521915,77.9225765,831.042334057519,null,null,385.5847285,1307.9979856402,null,113.578305546808,2589.88230484882,133.463346483719,null,null,1361.26772192392,132.650996015931,null,293.563613,366.389599646793,630.5565745,93.2710776902345,58.6749614956502,984.94577700761,38.9788845,null,200.8662685,99.3556729430365,113.601736017982
333.945333055271,2512.95920957544,2559.13469612053,4914.05222139328,2159.94753167922,174.395220968765,85.679116832037,128.062516004241,119.826387729978,893.817888474339,145.449860745465,9976.11531025053,null,4348.79536791214,618.472495306439,137.864715149189,563.105020378994,119.244351569223,430.552720556083,96.5425496178676,2789.13614516821,1689.78115680716,2296.64342323647,630.091563649162,105.120623372734,301.731191477403,170.089180552887,2588.30057034318,23270,248.135478906385,5047.2942527386,179.355006858329,112.776314639016,455.619685470884,727.005832530151,4495.27987781287,2070.33646539999,55.5707217299936,94.8154043668224,1432.29839147398,676.208527424816,824.363363479799,1766.76652471407,468.95300101002,4916.18168736608,1074.37837779117,295.39507131521,109.082417262975,2878.75822329166,108.918623487733,125.157125587233,null,1878.12849071465,131.584898582398,139.775227397357,3681.12160217706,299.008318801735,4590.13524717658,100.269172688351,61.7343299386623,1036.30178903462,606.174030631979,377.829052567539,1322.78514511073,101.225440488677,126.272893223642
null,1502.48303545569,3050.11162051133,499.5199744,179.421865,null,76.1833539370636,76.5677998436965,107.076619059702,608.271199677377,82.6940524783917,910.0052607,null,622.2309069,66.8612476,132.410352900314,null,117.641881739807,27.8959357,null,2480.01793182064,1156.01658211433,2052.27594359282,40.9074984,null,382.52081233228,186.595455490329,237.2831126,23350,null,4979.46599375812,83.2806547382739,123.720672474195,211.559779580804,741.504190248681,362.0634213,189.5837428,70.4499840204296,113.005996558575,131.6415563,39.8265595,821.15985839098,105.7109325,null,270.2021737,1031.87258609175,null,111.257799956641,2748.45913949701,86.547863329655,85.1733623938362,null,1067.79102555561,131.073555028215,null,197.2368618,237.595098812437,555.5893506,104.452430310243,64.8304361395127,1088.27449851686,null,null,173.4449904,69.2505578401898,120.557497549903
150.973492555476,2180.45189953264,3048.2500038287,4133.0,3278.0,78.8424121809201,74.5550024346421,111.117663675708,93.857776783879,735.872198791504,119.318245590462,8537.0,113.930692244726,5242.0,1509.0,110.199827898831,324.0,121.027357020993,238.0,82.4393466052895,2427.00975199374,1320.31271215059,1798.91800006556,450.0,73.7412280638549,909.741098072085,151.245903461505,2315.0,23430,211.887160962725,5122.76410142235,97.0536274796234,100.282425614563,246.547581807978,629.201468461479,3031.0,1451.0,167.549696005124,112.937024050481,1054.0,474.0,473.256357120007,1234.0,386.0,3681.0,858.786181821008,192.325362880785,94.4075192441388,2107.26592391614,105.796681600559,103.040731661241,272.0,1540.7027229658,75.5411903462609,91.0046373192712,2593.0,290.437823094126,3691.0,56.9511501867249,117.943133070588,1979.84946020857,256.0,376.0,821.0,79.0926300319108,92.4324116042734
233.154514679804,2244.56475178558,3009.11822514688,4222.90974693597,4437.91892586729,121.759548892153,78.6953062439923,114.384908578226,102.417751139546,808.164109964434,132.454987358447,8703.77869862165,123.600212280111,4941.78838106636,1979.49515877765,115.569672119851,289.917389618161,124.93408006466,241.941866768335,86.5471156228812,2561.7902146504,1607.78860823012,1962.98210296847,396.949005937136,79.8600228133376,1195.80797493567,153.064535562291,2593.40846887078,23670,222.445026240278,5288.12523178913,98.7632489017241,101.488255552389,250.890572774643,815.64372539347,3146.3554350454,1478.64814096624,220.235474802193,111.48719984821,1331.68281692899,532.877614249127,585.04613752975,1299.70321455413,382.952065580908,3681.05457007451,900.633325355357,177.090010429641,122.381946898077,2199.76831531631,121.707671736537,113.163428826158,291.916369736903,1710.33154806857,93.3850776045099,83.7955635731992,2800.37787243306,334.11739100168,3576.21163178813,56.3887206717463,161.135916668245,2704.90404426432,381.926568549476,358.931667955763,961.765427310827,96.313720522416,96.4899057341033
275.587870240957,2366.45894532702,2604.8984825196,2613.48712187342,1305.56634847541,143.919386707011,96.3448180262604,120.596739256473,119.356597545117,782.250732276339,125.321296605729,4042.18562890247,null,2197.85867202688,505.683418892131,110.917356589357,182.321997191014,120.96739409309,118.198996488183,113.940004174818,3136.33968570762,1689.19396036574,2287.63922508944,256.55086119471,141.470548112362,660.459525038572,159.877099770382,1463.8536069323,23810,292.850744199544,5120.22603117081,115.851762419902,106.005273519862,294.300920167214,767.961130299507,1836.69271636604,684.895683058553,121.638774898057,96.5109430656497,604.081412956093,193.626452522529,634.488028071799,621.067904806064,365.610098317004,1849.47974855123,864.377875893786,227.611865309729,115.227488843567,2455.25126554697,91.2244324909127,109.534900120793,null,1618.21741486858,101.27699328261,107.701526942728,1286.0870769782,250.433427446155,2099.15925263576,144.765961282751,103.577638031112,1738.70343619619,226.280272882712,252.381753632076,548.461849818727,101.190264798501,107.696324888696
null,2022.72901334243,2519.26420727077,262.688535795325,96.1917565819647,null,74.2793794291129,103.07997266982,127.769779002246,638.46484003606,81.173772375824,381.768779794782,null,284.704013153813,53.1445775279435,96.5269891871202,null,98.7687319642973,null,null,2418.03731955529,1014.22531718112,2448.88983297351,45.5242628396866,173.26091172325,640.352888235049,null,124.189481446109,23940,null,4180.61607642926,142.133897461764,null,361.066037634692,820.267300295862,231.59711604238,70.5625520229876,117.935676410745,93.3382111075838,74.0834862453881,21.6163725056941,714.649127438547,58.3849344573464,63.8643061804573,182.587876407469,752.233883366742,null,123.07568373509,2726.70151791737,97.9802689508016,89.4012362001635,null,1048.16033385288,114.072309762835,null,98.3332060399917,268.979854469247,321.504150495798,169.575876725122,73.7484560001008,1237.9766163718,null,null,86.1911461242411,60.7566276099402,119.603128473578
139.943055616115,1889.99836156163,3157.02330356246,1353.420256,392.8061481,73.0820217906063,80.1694594837161,96.3159069606895,88.130273095753,598.972296321786,119.81364508513,2697.8495705,null,1637.2825668,125.9492724,75.3628528787793,70.945649,126.667158796093,102.9710128,75.9599630893521,2609.77873549954,1458.77172877942,1689.14223258987,98.9438373,70.7780917161104,255.709861122892,203.934827756162,736.7662907,24130,195.233727444457,5361.48181602638,82.9387628689601,135.217409044612,210.691263732318,468.506359795346,834.6575887,294.8876746,47.0948378472158,116.967052018218,230.9184735,148.963766,489.346123928832,291.909415,105.9528958,940.655777,587.301975955186,140.758739573042,70.2962809138588,2066.55416396677,105.282843805977,83.8712805826455,null,1547.0995933406,78.1094392854382,66.6043097618003,787.6430951,289.027212399875,1044.5380165,56.7661529226235,49.1732949892684,825.446289297009,70.9692011,96.9510841,255.9057916,87.3869437017144,90.6466445066962
130.313048485879,1871.44272144712,2811.30549358296,3339.11270711277,2556.56215587127,68.0529734549301,70.314714055544,95.370295925668,74.5754671968148,597.598746665814,118.872335532298,6544.18642583985,67.9961336721442,4215.32165997201,1155.34903196266,90.4528436485575,211.411115252183,114.166086066451,149.984237026528,78.4314616791581,2288.97446380018,1750.58322684906,1429.34506761821,398.615970862795,48.0516372504833,888.594908722552,133.843813480546,2824.94452733856,24210,201.586019657842,4832.34486562952,89.3428889353116,88.7441045485808,226.959813772695,562.24849290483,2014.63054435018,975.532738164476,163.655140065319,104.15827958443,772.435211517598,312.917202728275,444.549909627242,826.554691483079,232.981084431834,2549.48520246247,704.89812654799,151.266951588369,84.3616680420232,1833.83762897378,91.3275043536256,83.6789488683114,122.165964976092,1534.94488737737,70.9590665531175,71.5765921950934,2099.18442997402,250.716384973516,2899.83296233151,35.5644397488769,117.741112188355,1976.45824171009,189.262202436266,329.790013542445,690.202441931769,104.867756120983,80.4388438179172
null,1702.47500462213,3087.18257004757,330.246935798774,84.2565496026198,null,86.7456843611536,86.7595588879764,106.100667560234,null,135.34616394957,429.998942799577,null,369.954045381618,25.1801182720473,95.325064985978,null,99.5628848748018,null,null,2823.85641489921,1146.02196517935,2033.5704427836,null,null,266.508253266852,null,144.301447020579,24250,null,4214.23044363607,null,null,null,670.426411182087,207.251742700697,76.5088209035284,49.0836095152199,114.379467472735,66.824160029664,null,539.238634732977,null,null,170.450031380013,742.867299813773,null,100.593049266424,2056.88030653433,null,null,null,1747.6640082005,86.0732829798887,null,181.103158341263,null,248.895784458314,127.887135644955,56.4128654119126,946.973157544912,null,null,67.7926261170504,68.6518356342503,90.2223136418312
218.326544891441,1820.37111438808,2085.57245420241,1383.0,1152.0,114.015984865966,60.0745996299808,92.7676438525906,92.053751242934,929.825499806232,104.255089660708,2978.0,null,1413.0,297.0,101.686186109507,148.0,86.2818932849075,142.0,null,1955.62516783362,1672.16850585112,1764.34128059289,234.0,84.7066735622157,331.612906323975,157.443249584538,1020.0,24330,null,3652.08161528314,155.055843881827,104.391527992659,393.891957951661,546.539814602255,1349.0,640.0,61.0741251150501,77.2700225124039,448.0,190.0,561.833487114015,748.0,151.0,1528.0,792.439454561524,189.375944787454,82.0046847489348,2143.891780846,84.5149958309144,130.199102472764,null,1346.19898011757,89.6798738241165,89.6090297932224,1073.0,232.014379246939,1383.0,83.3409175726232,73.6328513617438,1236.03602199475,159.0,null,352.0,100.170364010864,94.0389560107848
192.267690733941,2181.25374714669,2971.11529549126,3155.84519638567,3498.36381130691,100.407351418653,82.5141909963553,111.158526504884,98.2073700627092,783.327457642834,154.096834141177,6053.96369297453,110.695026008807,3502.0856365119,1487.24968448356,103.947885271483,238.700899194418,122.066675550022,197.700899194418,76.9338586335531,2686.10743325488,1687.99762060189,1882.28415160214,285.109757057829,89.6150467794434,1271.32954590073,165.06026151209,1996.7237576746,24410,197.736852110437,5166.7556730926,93.6136051621549,109.441928793923,237.808813296565,713.238183996969,2235.90847924369,954.878308875781,234.144504837047,110.079199265871,838.464828833704,385.331708469395,514.398090628804,927.43440605265,314.946213912465,2573.29859597928,810.064854026976,202.800518213553,107.01667265017,2101.62984101792,117.396351312408,109.685668922419,194.735944154139,1989.78296057598,82.1082347724069,95.9612779705228,2351.24018771308,322.281759678449,2488.49718408437,61.7336513934352,178.087875396532,2989.4676764479,225.700899194418,235.039667138387,606.31296734158,101.118598701929,92.1851923386025
130.313679302869,1280.38270761887,2249.95051480333,1630.53127898285,1661.31913284987,68.0533028845031,49.2697786913524,65.2493802371339,60.6807026379213,536.794931800674,87.6207261704047,3793.96417563521,88.5680240964467,2016.71571992599,466.107457049253,65.9635638693335,169.036428685776,64.5123523616307,121.051076292193,61.2045059367135,1603.89282352063,1112.13587674353,1163.03211062987,83.0568416175415,52.6371582799922,281.700108122285,100.371941983319,845.309958694684,24600,157.308973628187,2730.63521265813,48.4875984447016,66.5508392317771,123.174171379914,325.843766977126,1266.38138279592,658.184291551393,51.8815381436791,83.3601952213815,456.155699602345,155.045623938416,350.55138079352,672.174149741118,112.067306237343,1747.47857746342,514.053408564822,135.334250290436,48.8907023321084,1441.82383843231,58.6473985665824,75.164875933109,150.028748740284,1131.40694225708,55.9550192707773,64.0375464789366,1321.37116386988,161.001484282109,1179.42239935183,46.0709504905657,54.6598606496886,917.546386847247,148.018403593743,119.026094800131,266.082993857526,66.6219075488667,63.2436812944602
274.460771511084,2145.56110135245,2381.71129444201,2875.98407720672,1298.06946432078,143.330785482219,78.7519118702435,109.339599239435,93.3038600909348,736.096992841417,127.106428849669,6690.95060994947,null,2537.24250888786,338.534667293561,136.510011141781,237.896679221006,119.961471458621,280.448372043917,null,2563.632913362,1573.7152284557,1788.3013975461,244.913899350838,109.943895461969,244.440924548701,153.601703877478,1425.72480225682,24650,null,5077.64801833545,126.461378523909,101.844420845976,321.252774129636,596.321554325454,2317.74221698713,1361.67288240001,45.019404626371,88.241904503846,780.707192926022,319.793293575184,750.906056906019,964.241730485928,286.05185498998,2815.84599183392,1063.8211827011,189.977290306348,89.4741055727872,2373.11850414464,72.9179948627315,103.072208517432,null,1641.26802289154,119.85964165826,89.8935748476594,2156.89745762294,200.17776901812,2287.89765222342,110.04996034115,54.6137699408664,916.772686313722,319.827668968021,null,730.224445489268,94.2725728491161,104.093680760124
null,1996.66294049885,2632.11509686491,1506.0,612.0,null,76.7860185892472,101.751623662809,104.889748853904,572.217305612982,98.4844937363053,2730.0,null,1609.0,130.0,154.370771433561,101.0,112.247546009918,81.0,null,2499.63664203816,1502.00164791087,2010.36146072503,115.0,103.219978880289,234.279071635956,143.83893823481,951.0,24780,null,4751.1381998751,69.6110509817047,95.3712946524958,176.834567984123,717.392804085424,1200.0,695.0,43.1478662623383,97.5193129254146,414.0,139.0,711.521059258831,336.0,195.0,1137.0,1203.00991309985,172.922853043326,107.640045918691,2036.57474953697,87.3586791416534,80.1249047544075,null,1271.68587602468,113.573007449776,81.8237453953289,738.0,239.820986957552,1272.0,107.456516042488,66.5291926206373,1116.79063179752,null,null,445.0,89.9766089898747,89.3316374433825
454.402933332374,2350.99041986164,3283.96065949496,1355.42505401743,456.833437197928,237.301414702622,99.6973392498346,119.808450181814,131.225506808422,840.218555144979,143.282510234665,2236.98278497709,null,1355.7649122534,148.712310280707,147.330241221259,127.760367891952,123.942235614094,70.5656820043033,null,3245.47524251366,1581.08361626142,2515.12377934294,131.736566698815,185.346386208218,348.847920239423,151.44174500163,624.614574364594,24850,null,5246.14311079912,140.881512759381,100.412276831888,357.884575716323,931.808146443886,1057.9516852967,483.250174386342,64.2483483619683,121.670054462849,392.554620262558,111.870603316788,700.728355962403,352.293684025708,216.061955851844,987.661601111354,1148.14312996322,303.16306542306,139.811650046446,2845.14102855175,90.5906695114093,117.651862401748,null,1850.14247049548,111.850275907346,143.450891781369,788.093145793021,248.693592724122,1136.65461003217,185.471716861091,64.5880573396456,1084.20581284106,189.555302591632,null,286.330053753998,94.7139721973813,124.79831977474
278.308684195327,1916.48618508324,3330.05280523563,1056.0,345.0,145.340268820996,83.3977774171066,97.6657487371611,126.792743964246,955.747557042273,119.874142112444,1664.0,null,1342.0,127.0,150.662954135631,null,115.771749301202,69.0,73.5461244955398,2714.87106801933,1425.12458457707,2430.16356460472,105.0,null,406.868347729527,247.810515306563,625.0,24900,189.029634038501,4900.30829291094,90.7453617789326,164.308844067715,230.522548078723,838.046521032966,876.0,407.0,74.9341412855327,123.377758806493,285.0,81.0,802.392292567551,334.0,null,645.0,1174.11492913397,null,125.74333822736,2368.41514419998,92.056852043833,133.828846534509,null,1547.88076418545,128.07787575022,null,538.0,252.71862315545,998.0,168.888215454557,68.39458796576,1148.10404421049,105.0,82.0,341.0,85.3713294434134,103.887374143862
149.8450229254,1925.09227793015,3103.6214536259,3944.0,5639.0,78.2530950352271,61.1892517521342,98.1043224707663,83.1441621985384,655.159029003293,111.065072874336,9155.0,110.441522537848,6187.0,2349.0,91.5594655747502,294.0,108.347085349576,226.0,76.0664687780156,1991.91074870954,1521.73730619719,1593.57631412606,570.0,70.4296715613153,1170.95697705498,126.394556194808,3186.0,24970,195.507470370942,4586.0421394336,98.5036598504453,83.8049321641141,250.231132684472,582.686562396251,3213.0,1427.0,215.65859336949,114.988524665458,1186.0,447.0,521.268564135013,1323.0,440.0,3853.0,713.522020403678,146.768292152616,87.4282652061118,2000.9287345406,88.7490729459975,91.7388451606592,304.0,1434.13322377549,83.2048999076834,69.447913666992,2804.0,243.637958753528,4160.0,45.8790575861611,163.162247618137,2738.91899819087,304.0,417.0,1046.0,91.1588630914304,87.7680724975432
169.846625043766,2047.15648313325,2692.21564695375,3026.03924348206,1844.0394478752,88.6984688011914,73.240658068374,104.324817086359,89.974896723019,782.850413207365,122.772850731903,5972.09259009048,107.798384301074,3432.0400610546,611.017986595944,104.285268808486,209.001635145086,110.820136684017,207.002043931357,84.7566424215841,2384.22353389647,1599.65878965423,1724.49707222214,442.001226358814,81.337685713932,474.306038840679,172.616467718862,2070.01839538222,25060,217.843118304021,4690.71978347114,127.571220376328,114.452012832674,324.072131138837,568.64490854746,2196.03822151638,1046.01512509204,87.3543393714563,99.7460257154764,731.008380118565,355.006744973479,620.656967488119,1002.01594266459,314.003270290172,2646.03699515757,812.694080633557,163.57683039621,85.3214079077797,2312.79189785143,105.790471739575,109.618870628169,195.0057230078,1585.31048200425,99.0692790817894,77.4013884651835,2018.04128741342,290.420775503608,3006.02841064587,70.0265101345465,84.3387605015417,1415.75049862125,217.005927400936,287.005927400936,791.006949366615,95.8267080692817,101.447534566472
272.077712704309,1935.40005208409,3219.09346975307,1012.77133081302,251.089776178107,142.086288176667,90.6464089429237,98.6296153157628,107.228430698444,739.276938184732,126.887424767656,1618.10975385133,null,1097.34567369878,58.4837776691511,147.652564805522,74.8016181906252,112.273118160377,66.996502207684,93.1323540749413,2950.83778825638,1267.1202439032,2055.1856299173,55.3376466582983,145.833673413115,173.075643284008,192.998472885545,415.850824700672,25150,239.370530108598,4752.22060056194,72.4683364837974,127.966143597371,184.092996642277,787.468651676319,679.368176060828,388.703160277084,31.8758507003594,119.266738672226,262.73611621886,136.098230074727,613.401246270152,243.2984940933,141.332817122135,651.2522960475,1150.65499450528,220.87219919932,118.154463417053,2204.80433304445,142.684496303927,103.517481345181,null,1638.44012189594,97.9111206981149,104.512447453451,559.737187230124,391.70391612335,726.369932329081,118.487296456265,45.372607981692,761.646151684348,91.8146419465723,77.0278234568075,208.882247815131,75.9061635434357,96.710803940737
253.784533577079,2003.75314288205,2585.59645308446,3615.82015423387,2604.66140828804,132.533098776093,70.3877304717849,102.112946342744,105.077911407398,812.452487404739,119.758420854297,7762.42338882802,122.633816049729,4050.12528816766,625.744867427341,122.069123335524,338.101711311263,108.285311832265,278.10817505503,94.6489596403132,2291.35138752744,1601.18613062397,2013.96786411554,673.528517317282,92.8573830134303,351.409921634148,158.380924028165,2514.46387987962,25250,243.268538290122,4583.42743177837,154.758356696393,105.013245774705,393.136244351949,637.2263547323,3438.38099026999,1627.65551407394,64.7201997005091,95.7958069187454,1105.97414502493,456.49030438435,564.797368658687,1420.54087527515,432.604943183146,3507.54619995958,951.28348515927,201.540897311176,95.6116003580895,2340.9176014616,98.5636206759933,113.763910200253,310.878897457437,1546.38650774002,90.1529686628047,95.3652497521767,2604.98593345313,270.581297941761,3742.56559119088,83.9810214644863,83.4633632969732,1401.05566529089,412.840684524505,395.10817505503,856.59847943938,95.918202616854,102.681231074943
203.878602089749,2402.83562969514,3416.77009485639,6874.0,2714.0,106.470881137781,99.3043373885759,122.450525703274,101.593891433692,670.373626961295,129.161235262295,9776.0,107.382131611652,7528.0,891.0,122.397058250123,268.0,123.304441479707,277.0,94.0291254853472,3232.68174350381,1366.86470397752,1947.19165805093,584.0,98.7188205843387,512.643264807314,184.515436254468,3283.0,25340,241.675428873665,5219.14699210206,91.0436538592926,122.34153181965,231.28030637169,719.97429604711,3851.0,1832.0,94.4150191296884,126.590616220154,1355.0,571.0,640.003290690399,1287.0,710.0,4504.0,953.839078743798,136.284215130959,108.027381715359,2621.89777588562,119.11846301135,93.8692739336157,263.0,1667.80081189991,102.157339625587,64.4870514453277,3198.0,327.009378403336,6063.0,70.869982053458,95.8949536315722,1609.73824623233,422.0,577.0,1481.0,81.8813023160835,115.006051991107
null,1701.30671331967,2790.24734550062,600.433145710809,199.452512811325,null,70.1942515900522,86.7000217800722,97.1699344902337,724.683613928332,112.071135341735,948.551619966048,null,753.7331307403,null,86.1129673483433,null,98.2165505755565,null,null,2285.05301562165,1389.86976351339,1862.40022094468,62.8883631622888,null,null,null,394.861872595327,25430,null,4157.24371611882,87.6088909218226,null,222.55489838532,649.677526845989,421.537185718221,156.230139312298,null,103.378079609544,145.369893999558,59.9265884696508,611.60205216345,161.080803386074,null,386.185293984834,671.077512954492,null,97.4798163904035,2190.38583515287,110.183375021949,101.474046613962,null,1447.12405493735,97.6239332944181,null,336.123755394719,302.480371769707,604.239795324506,87.0148146722639,58.7743183675014,986.613628657648,null,null,173.865165977949,83.2594081587283,96.0783557448524
null,1723.78154666416,3508.34808554657,574.451852456286,143.813456473867,null,92.092159798348,87.8453582001397,118.059370120395,655.153595651624,104.161497150848,793.141627068599,null,679.359337767394,null,98.1456027786695,null,104.718024740787,null,null,2997.90171838157,1418.0139578806,2262.77601348915,55.0166415489853,null,null,null,276.268625974888,25490,null,4432.43371679106,115.970616887861,null,294.602848929935,648.065827326424,403.033545498368,136.985269103632,null,129.983561590147,113.791490172935,38.5189362179689,648.858504537139,114.511390991253,null,302.755103441757,764.847723266804,null,97.2379915361464,2521.0972696638,79.3763715078439,91.7380843539155,null,1344.99046222428,103.570809058569,null,243.653555067789,217.907595938499,485.29859171542,116.066646827497,52.1905801547552,876.095871435964,null,null,129.003845407974,84.9453711371549,110.584572112716
null,2401.33560481534,2930.87486743446,491.64488979387,161.210697196478,null,80.1157276305993,122.374083173111,117.618600741219,809.898136370939,117.259311776977,797.595939385307,null,562.844569458465,62.47715526118,145.683213741939,null,113.714329516817,23.7981268541929,null,2608.02958752491,1311.87065259906,2254.32804042558,44.4665363189846,131.408512414219,398.307781133086,191.855965839722,258.83165482972,25620,null,4813.22321997842,94.5907990589047,127.208613143886,240.29120162617,710.786836540418,361.384640756068,189.584364430946,73.3575165360243,108.588299836511,114.045147526819,22.9846946573551,477.600270516522,128.11592716191,77.2386762534454,391.768554261976,1135.30786091346,null,106.648864175812,2087.79099312695,57.1539189919884,113.406236408697,null,1514.11663869055,76.2345659001165,null,253.938210117616,156.901516779174,399.745345213565,118.127079675397,65.4250249423499,1098.25554861868,null,null,95.8931949899055,78.5869129493804,91.5781697175511
145.873759981781,1915.92095576838,2582.01958920019,1726.0,776.0,76.1791948784523,82.9639024754388,97.6369441756289,76.8996173713338,553.500793900388,105.502296662045,3120.0,88.4790660762533,1616.0,321.0,90.4795036187335,108.0,113.428975923774,90.0,57.8120961552146,2700.74701624297,1348.44096661159,1473.89071665297,91.0,37.6337042729536,488.846174190177,143.186567819234,774.0,25710,148.589738129323,4801.14496611388,71.2428238908663,94.9387454979348,180.97979856706,567.704921003391,876.0,449.0,90.0322389000634,95.6632848611661,357.0,144.0,413.891147310224,330.0,64.0,1214.0,705.105887435022,170.732797683984,85.1803689932124,1775.55503779746,83.642433710051,77.5041194275816,84.0,1362.30360195098,66.0653142239051,80.7874536098839,871.0,229.618982349192,1049.0,28.9703576074256,72.7109364698706,1220.56032066722,92.0,84.0,257.0,80.7776381387427,77.8823556235075
null,2076.1363190428,3021.97633955924,429.754360006735,122.196584448647,null,86.077495858424,105.801653911177,109.720387670424,765.809150838701,113.66969860944,579.138822716553,null,478.393318898068,50.3734475671666,184.202874837772,null,102.405776000195,null,null,2802.1046885316,1386.94700528895,2102.94753527977,null,null,404.332706539108,null,235.281075848385,25810,null,4334.56241617421,null,null,null,654.582373200837,287.907502992515,195.760239041303,74.4671447834145,111.963590293484,86.8872177458922,32.4284460446185,606.839038856348,102.543993023327,null,275.09408284532,1435.49120337656,null,98.2157561487247,2148.4195136488,99.7681031087642,107.232662607561,null,1467.7655818656,96.8636610034274,null,199.235709200261,273.887897453548,352.777380696333,124.435596916876,61.2001462360935,1027.33472764115,null,null,101.368807180165,83.0843218834914,94.2375589765105
114.515697788842,2065.8469229631,3189.88641311515,2627.4903161937,2466.68241924052,59.8031726856681,81.0858845465379,105.27729762831,99.5565609285518,873.009702715665,137.393704825404,4707.07945996639,112.484016556259,3071.32930496948,646.888957776404,96.6159898342592,145.970018599629,103.241237215593,172.951141421618,74.3506161710903,2639.61137572231,1605.01948921724,1908.14331657764,209.94781015491,113.44815990087,546.625655989571,184.88791553394,1406.7157319076,25900,191.097353691432,4369.92525336837,100.855504188505,122.588501322835,256.205577425954,669.130140870779,1791.62800855095,812.822332442247,100.673656146506,118.184623342507,710.851203420382,269.95336226609,427.957574985295,877.831215820135,291.935595510315,2312.54805814997,752.927464540084,139.724304606154,100.398552478837,2106.97717985029,106.319670634341,122.243452956798,157.968908177393,1774.1029806072,68.3105977251365,66.1148351673843,1863.64133361779,291.873556183062,1923.60135841729,100.321943300357,121.862302551068,2045.6385008961,112.978901977517,168.972239444101,390.920049599011,96.147837922344,92.4197462306059
null,1786.92348798272,3061.96748857827,264.827463774724,63.8763466936965,null,80.3453853290996,91.0631246644085,118.050690033705,678.181187527778,146.55707020849,388.171207126848,null,317.341791739082,null,101.734242616743,null,105.308080430413,5.56954256466926,null,2615.50569852591,1426.75128611614,2262.60964726225,null,null,null,88.3452989643945,153.157086704872,25990,null,4457.40919489007,null,58.576666666864,null,659.647107520954,191.809484257556,69.8368818348327,null,113.445253986717,55.4724920466926,20.4735473292763,717.244482169,56.4774107996264,null,153.181857104872,792.813958452752,null,98.9756860388472,2615.00584604018,97.4283562451333,94.9625300106641,null,1892.42538743933,114.486580343166,null,167.763846669479,267.464718811425,270.980828292327,133.462981205618,50.5895204021165,849.219721850161,null,null,78.2159660818365,85.4687761329877,114.703746672641
null,1670.90747063792,2205.10389151163,104.129502989154,28.167086005586,null,59.0882665266688,85.1508507916954,75.5884125208219,587.554488444134,99.4648361836897,175.212582239472,134.455353678349,128.082615497842,null,77.6131261269423,null,100.378087963628,5.43380793021147,null,1923.51679170485,817.943820616074,1448.75960777544,null,34.19247690509,null,256.608990423603,56.334172011172,26080,null,4248.73580855191,null,170.142604891992,null,436.168883292133,67.7562580685553,26.3927813753128,null,81.6986372235411,18.2975164996917,12.3092383725199,248.645719657448,26.0600992571366,7.09721852109253,69.3087746200442,604.838333385962,null,65.4442564220073,1140.65769615211,134.011277253008,82.2724985120457,5.65559600899561,1284.34459616131,39.6888353528515,null,55.4470196960354,367.893803913234,73.0791719593746,null,51.4013163095336,862.846913592959,null,null,15.8578476330661,48.9984890666536,50.0334297981604
252.410305280223,1989.22476325019,2621.64618369917,1180.13742232239,426.752965677608,131.815439854799,95.2804611556543,101.372567890905,96.3972952348744,628.025223353163,104.830418268223,1172.06162884249,null,1025.36027945457,195.838946237118,76.0139458979558,null,82.7257677279718,39.6324941845357,null,3101.69138015861,1049.26656166214,1847.59148892854,112.80109067314,null,629.452407989726,143.854153638937,433.523921410162,26170,null,3501.56033817997,108.177655390644,95.3813831084319,274.806208019577,863.356871475692,634.195461032697,201.294335404444,115.9281028766,97.131441885803,285.117954946777,68.442843113742,718.946651461109,210.078350551846,null,657.954772185177,592.375937490429,null,129.540988926333,2460.24965660198,79.0211072022049,87.939425653393,null,1353.62793909875,114.758280643779,null,463.018277233607,216.93230833976,983.003056480825,130.685260227033,86.0167128373645,1443.91740363595,92.203769440493,null,294.880065647434,62.8557547031577,107.915572651454
null,1625.16926229182,2299.08474397322,509.559877462626,145.16902591583,null,75.8551096542789,82.8199932051463,125.591151477105,null,143.349561863807,767.978553911792,null,489.730362916725,63.5273178615955,61.1824151949179,null,99.3046661577559,null,null,2469.33250429278,1178.02058941976,2407.13333282287,null,null,373.591097178002,null,269.62808170748,26260,null,4203.30073644789,null,null,null,500.875817337427,460.391505917729,88.8341543867527,68.8053720943748,85.1806081187788,91.5542744114089,null,733.252306481592,null,null,294.498624765346,476.793963671773,null,75.153103949092,2932.47699530251,null,null,null,1851.00827795927,117.041749619255,null,344.875681751866,null,650.978968775697,122.662053436317,52.7507514310018,885.499172586507,null,null,164.095280290338,70.5686961819722,128.629195572116
103.977885066219,1855.72719337041,3172.98927155149,2774.0,2286.0,54.3000438906773,78.0974881246481,94.5694193900801,81.9228937399189,708.325998905887,118.904533863466,4824.0,73.3117627440857,3428.0,865.0,95.1167870124545,150.0,100.645454579639,159.0,73.4867238771595,2542.32927496578,1609.02068832307,1570.16896432082,237.0,62.3449509116672,726.514270457632,170.744852656748,1753.0,26350,188.876961450638,4260.05272181956,82.5261064882093,113.211052952439,209.642983153489,645.755653693551,1667.0,840.0,133.804271804938,117.55858778743,737.0,255.0,388.625669652572,783.0,201.0,2142.0,741.244191601627,133.763537131214,96.8913652604065,1817.69374399861,97.4657328321443,99.1835665239223,106.0,1535.36064991443,62.0324381130788,63.294315428978,1681.0,267.567326704243,1985.0,37.9088303493977,110.898170488036,1861.58937161225,115.0,208.0,413.0,96.3875276243736,79.7307138168663
null,2330.33107942708,3155.27560235307,397.784136146978,108.617745938254,null,79.5599161283813,118.755632808195,120.772037695045,915.642902156272,109.315380623799,649.247248771608,40.1931410226747,503.907770662626,49.9742174658294,158.657201729606,null,119.348025259819,null,null,2589.93610094317,1398.92566221,2314.76815197192,41.4715771572091,140.285326553693,427.761178760191,null,243.296202512949,26430,null,5051.68248258614,92.1283027376923,null,234.035665084442,711.363647984026,308.012214906657,162.89367237406,78.7820354779491,116.902300054543,90.3479673273638,20.1568354445044,472.951329034029,118.348061644459,73.164387823918,296.480115747196,1236.41402250519,null,106.735410918298,2241.48512159037,65.3402545239005,128.213179861326,6.11899667420684,1411.54023641287,75.4925017563303,null,186.050896198828,179.375014388329,372.803810523865,124.189555576536,58.9775029825943,990.024382128761,null,null,80.575014930979,83.8018969484112,98.3197578493852
128.773784450383,1856.32530726144,2895.30352741466,799.539687978655,321.547441174093,67.2491284389102,70.9346481025811,94.5998997772869,93.1431326538252,714.011368276275,96.954993586054,1404.4710368394,null,1007.39758904629,79.3751103855262,101.492398701143,34.3346725072617,100.304834062135,49.9717800733267,71.62407557065,2309.15534943654,1411.26915960813,1785.22082724465,41.4297284471485,41.5808669813959,245.978054149498,155.280319452741,485.627500467389,26490,184.08954769992,4245.63516696064,50.118892225219,102.957413910312,127.31818482124,452.198658784591,584.250516177241,262.550558481185,45.3025023097446,107.270389140775,146.873590216127,109.118049863374,429.662474774331,230.784690212515,42.4370592275655,610.78993127211,790.929271182049,103.090254556915,67.8494182249253,1652.82303402577,118.884859682685,99.979662124016,null,1251.93613000212,68.5827338677309,48.780312105371,420.713581166495,326.368080007028,565.514178099241,34.7361995851182,61.3737757560556,1030.24935524534,43.4059766972439,62.3035215004222,151.470374338551,84.5413275878539,72.4988798310649
null,2421.44251198574,2592.92493800801,541.954236506744,222.969357853008,null,72.411147243241,123.39874808271,115.377188372503,806.724986266378,125.514866364707,1038.88104806504,null,606.951948929128,83.9886105275472,124.717971086831,27.0018344037116,112.872314656955,26.9997107668833,null,2357.22023705201,1185.34620266149,2211.36817930572,null,null,402.680207669246,125.634906488354,288.990743511323,26610,null,4777.58298455448,null,83.3012523061011,null,594.546403849913,505.962361930048,212.99502943344,74.1627992021486,96.0673257498864,129.991753023147,51.9943992330198,981.623681361901,180.971493126396,null,521.932817083554,971.925929797738,121.710971116689,89.2077559835361,2738.49304207939,85.0546821088357,112.961915086351,null,1620.71689391527,156.686794052622,57.5912745898018,357.928963351835,233.495950363745,657.921285798627,170.590748014592,64.6124975823785,1084.61607836583,null,null,235.964951522148,71.0075331427562,120.120347967528
null,1683.07516905012,2718.30527878459,196.250402299646,66.5889854394047,null,71.5473837589789,85.7709269420404,96.9617414619471,null,74.5550533037046,295.856206092771,null,236.931854622466,25.825007816584,131.017949201848,null,97.2091104273133,null,null,2329.10190385823,1089.55204422838,1858.40990496974,null,null,391.363896576205,null,101.700456757052,26670,null,4114.60147098695,null,null,null,675.522492814019,137.27847675202,74.9423515858256,72.0786408767123,100.712641109177,47.8954445372785,14.8691407062367,638.256908636683,null,null,119.473596504536,1021.02159767771,null,101.357682613375,2347.17519557321,83.7562451452461,null,null,962.695797842511,101.878582082974,null,70.9116748126152,229.93142263542,210.986232905882,119.052926598427,64.0320050626173,1074.87165516811,null,null,58.9782736476258,65.2690350866197,102.955712101762
null,2031.39586423625,2753.86264518142,894.648083324728,276.485444441854,null,76.6380667417843,103.521642684624,98.6791816980579,758.669625856244,92.422920398861,1661.18208331807,null,1018.30706943394,61.8234236106716,127.988670613525,65.1887152771995,121.873966590324,44.1887152771995,null,2494.82032435467,973.344202751803,1891.32709372747,97.5540069437274,90.0169986099833,205.21558465738,162.009192869321,385.680229162989,26700,null,5158.59881860069,92.1748708294452,107.418941346258,234.153963088435,737.998447773051,639.794312494379,327.859840274285,37.7951583123193,102.030034085109,238.485444441854,88.5540069437274,632.723646596374,249.392604164238,107.012138887871,651.345284716139,997.414459244373,194.976670421673,110.731786482702,2357.50863980248,104.92192932523,106.232948419263,null,1193.41551175439,100.995362671899,92.2591847048388,392.680229162989,288.036413685534,909.2827916582,86.8553833705181,56.2977280727949,945.040407474879,null,null,244.572215275534,58.3076662168596,103.408974862503
null,1962.28588440267,3238.80364341098,1143.85075328391,373.870263776627,null,91.5511715810416,99.9997399554566,118.38701484642,599.090746396304,136.315962854835,1592.06269801595,null,1263.74316901069,102.872614848204,141.413147321698,null,103.236543762022,65.277351917477,97.0101176766049,2980.29077832068,1275.74527498132,2269.05579141985,103.906673989109,85.2878768323666,292.06324745279,194.261571945887,520.52468733994,26730,249.337231135173,4369.7265920404,96.4815645720154,128.803631652674,245.094357130287,718.403131253809,851.860910274896,404.46219232681,53.7901480197905,119.99699647708,263.138346017419,136.442057393789,694.637445073419,221.656173377696,103.93516848678,710.259242613211,1102.03127503233,null,107.79163882871,2336.73883856991,140.389327348891,83.8878665908732,null,1760.18658433022,110.878044574529,null,644.857227268423,385.403114766927,938.084152714246,83.5492198096836,63.827260357373,1071.4347132826,null,101.888421078224,278.008106933385,76.4228414378451,102.49793520933
209.894813174011,1719.59500083745,2370.71874457628,1292.14582844389,537.086074523517,109.612708130348,76.8871942469523,87.6320083017838,94.4499641552758,753.569325702681,103.698695204215,1998.48610112951,null,1242.34627100712,150.274137569992,104.016491373271,58.266415399341,99.2207949776672,69.1467361366972,108.323029572258,2502.93024139294,1493.80385574103,1810.26811465723,133.402445091485,null,329.416640247297,164.555201143575,803.418677910908,26810,278.413890309442,4199.7506938701,99.7042544317329,109.107052425854,253.281030956542,685.476677868067,864.030643808543,387.787600911748,60.6696323266363,87.8346328341988,321.778595906956,101.313010760726,693.516889402682,354.767500712893,null,808.124119496574,810.599500707717,120.082581495658,102.851242250716,2476.69949584162,81.1847128038132,105.518777316756,null,1339.01450929402,110.699181453214,56.8207521550242,643.593249331808,222.871936043187,1306.24049074579,116.869979610511,72.7086027163939,1220.52114517272,105.158108875193,147.413522625129,375.13621807788,89.4855246147863,108.637122928601
null,2089.36289872082,3225.96107372688,161.22390433828,null,null,96.1739973198655,106.475691541889,148.543443436415,null,121.891210705085,193.002092303748,null,172.692965505299,null,198.348330527556,null,101.723171057288,null,null,3130.77891169213,2747.49506892965,2847.04670562135,null,null,null,null,159.59545896432,26890,null,4305.66957588549,null,null,null,null,136.61744443028,71.3057270130585,null,119.521181960731,null,null,782.646393133886,null,null,93.3537690977923,1545.72660132201,null,null,2868.65032499854,null,null,null,1573.92626173456,124.9260348394,null,72.8496947870176,null,161.633745462933,177.224740205612,null,null,null,null,44.2886850817942,164.58722922344,125.829523734827
143.639732900943,1838.72383893082,3184.42247601535,3932.60580501433,5398.95220079309,75.0125259424069,67.9879741687686,93.702914139319,79.3358830071243,672.797903555331,129.485978118518,7870.78295302547,88.7220382100311,5714.6496833881,2670.89663091644,102.373584242976,358.111321305582,105.107661842239,222.771198805582,77.2385925450891,2213.23145245085,2105.74552621735,1520.58521822056,513.280141842171,55.2548869279732,1511.86995785459,136.807787391942,3945.1729466254,26980,198.520084947951,4448.92601245903,99.5603683841213,90.7093445087413,252.915513891226,553.433574683576,2741.28459875631,1423.21823012422,278.445540577023,117.982185617624,996.397168066296,415.586092430605,429.254857574289,1209.13724474735,309.420303687535,3275.44576532072,797.796341497634,200.82978026479,83.0390478586287,1884.96591564885,90.4015803513474,94.2087340116141,220.709758745861,1671.99407002544,68.5176700011107,95.0287629366649,2936.03207558692,248.174496631614,3515.24114961563,40.013228797181,178.951010085477,3003.95666536574,259.586433105582,379.300455361613,777.07693155842,126.143564561441,82.681517979225
363.686735803208,2173.95489673943,2468.86824589484,4584.3493387004,2083.76538240368,189.926980184244,76.5007085987172,110.786570946063,99.688011918306,759.253724667167,130.951727162476,9520.62392179413,104.906494184012,4438.01983898792,714.02443933295,125.20388204167,576.702127659574,111.890180953753,361.02443933295,83.86368569399,2490.34886647991,1357.35595374623,1910.66276205886,625.697814836113,88.9551757454522,344.109174971336,143.818539133299,2283.47469810236,27070,215.548024108547,4736.01189351026,154.527027412408,95.3577691861321,392.54859320434,651.619018383598,3884.98821161587,1936.79125934445,63.3755996966653,91.4710512962782,1313.77544565842,585.710753306498,580.130613305825,1557.43875790684,437.397067280046,4388.60695802185,975.71262911994,293.591674307583,97.7711243559544,2359.72054741122,93.2226188467071,106.314737035464,362.033064979873,1690.92062674806,92.6004615175526,138.921894856275,3409.22426682001,255.918938773481,4072.29039677976,82.5090655594793,58.6850444241781,985.11503383574,683.374065554917,362.021564117309,996.071880391029,81.311685696333,103.505997242166
252.742645737307,2084.27499228738,3341.27197295935,1293.0,602.0,131.988996966437,99.9794665217558,106.216407548509,106.343178067481,627.573351214898,127.066058789629,2114.0,null,1322.0,333.0,144.512856730812,null,124.12660803516,105.0,null,3254.65941014689,1420.23405695217,2038.21850213084,133.0,null,834.473284690544,237.559662897757,555.0,27170,null,5253.94710192294,137.118572264535,157.512095721843,348.325490666295,1002.77102512323,834.0,449.0,153.687401251404,123.793426620304,403.0,112.0,847.362809640582,255.0,null,828.0,1126.18728016377,null,150.459160693428,2906.72959792875,95.2972653428491,87.8761521178244,null,1640.74674250292,135.25607069483,null,661.0,261.614351927405,1138.0,151.876024216554,90.0724733873524,1511.99932690335,101.0,null,334.0,85.0783649899641,127.499820297367
290.849923613247,1998.79418456244,2360.91071748387,3926.4945959,1741.3762455,151.889640837968,71.096906247949,101.860233653756,82.4187630603856,641.095583947864,120.925161844997,9012.3294492,110.962441064589,3782.900429,685.8604553,112.558737550547,420.1987199,102.894677011435,370.7209106,101.927988084749,2314.43738401891,1190.4226154072,1579.67300625356,323.5517783,113.359046414655,311.672722528393,116.477456082766,1594.8984362,27260,261.977234260784,4355.25628747058,111.839046013818,77.2294756952973,284.107323574352,565.821974575221,3348.1203432,1768.0379809,57.4016827681932,87.4712474851518,1175.8244672,467.7061168,757.696550801938,1377.6849225,432.2726889,4170.1647246,877.169141682953,213.641031162885,84.8978453341565,2300.29310697011,62.8660499413684,89.76960692803,461.9048367,1561.45210824791,120.943540446347,101.090798770753,3264.9512109,172.582716350539,3310.82646,113.074321722456,45.4228805278223,762.490050525494,517.9048367,349.5369845,1078.1627318,71.3116329453946,100.899291760386
165.421175399399,1736.22264017483,2544.94567410144,1576.11900710753,1603.29759174638,86.3873801521769,61.0396823244741,88.479366794768,80.900275216446,678.904493907612,102.832427032975,3657.4403854799,null,1928.78962588227,392.240731151057,86.0952991785457,142.890206258246,96.2241411720882,107.887563299803,53.1061674454995,1987.04177348753,1497.39081365355,1550.56902351558,134.465604551452,70.4992534145145,390.688217418894,134.877254872921,1031.49203413589,27350,136.494471547837,4072.91035861475,81.0918203599403,89.429319864738,205.999432822311,499.764503714858,1207.57139686676,597.322736840372,71.9541990573373,94.2897040735361,447.010571833775,153.503964437666,352.934221193563,575.437816499013,141.388884779024,1615.39016926947,670.939825079932,165.819454512103,74.9863586894768,1645.39404233812,73.6718275676116,95.0638112096491,null,1327.82877886659,56.3353683089176,78.4625547682302,1139.96028164578,202.247224566916,1182.38224039413,62.8260974287485,91.3175652161725,1532.90002981858,133.156082503299,94.8875632998026,248.391527737468,89.7003994186898,72.1730170105804
250.836830024038,2406.07222889191,3007.11958476259,4603.53002054993,2818.88901225911,130.993728820598,87.896947791366,122.615465521976,105.362517943286,770.484946625555,161.46290603021,8120.35976312516,118.048912433982,4814.06332615927,1033.90601711295,126.887529008529,271.034977824464,120.270105524175,278.486138481379,83.9132887690785,2861.33381387976,1533.98082629878,2019.42275382089,360.220464385547,86.9834058249396,650.256102814936,176.735531314918,2390.32938400187,27450,215.675514866157,5090.71167229282,96.3228537757068,117.183126067607,244.691180411881,735.644740627373,3131.29000587629,1568.09553770789,119.759580591671,111.413150640676,1156.0564970785,479.557627437874,561.798797645898,1193.050261372,401.547949737809,3801.5916352191,988.833273478208,170.699557757739,110.378628291266,2217.50808079715,110.272679646781,107.887392355155,276.90862533545,2084.8977266441,89.6743366904371,80.7717251204784,3321.97773130672,302.725534854561,3470.49953906698,71.2076022147641,107.648113690974,1807.03237428831,398.534952920676,332.179632841071,900.743594931759,91.8923046441562,97.2680369068605
null,1932.2044671681,2865.75158518199,264.634001154059,null,null,86.0618403150615,98.4667656193218,136.476803245471,null,112.560613985562,316.847105752323,null,283.331186343266,null,182.093478870368,null,93.7761161497568,null,null,2801.59504926968,2380.99664487219,2615.77235645594,null,null,null,null,261.225085101825,27630,null,3969.29201138763,null,null,null,772.021820383825,223.87663388001,116.905238152891,null,106.175495872022,61.9572010613172,null,687.300820862454,null,null,153.187349076756,1419.05270121793,null,115.836768536155,2513.09942025159,null,null,null,1453.44447203405,109.706972453296,null,119.579269590152,null,264.873509284596,154.139242866702,null,null,null,null,72.5916059130377,142.632336269302,110.233757106205
null,null,3949.29116985192,24.266579226234,7.52561992764583,null,98.9992017913137,null,null,696.456283495999,null,34.2621555867419,null,28.3694491558134,null,null,null,97.4712948016023,null,null,3222.74857944973,1804.74385542044,null,null,null,null,null,11.8551827177115,29399,null,4125.69903383242,null,null,null,683.247320332431,null,null,null,146.320410488544,5.541651685086,null,917.169950284794,5.164459334235,null,null,null,null,102.516741895906,3368.10304585904,null,97.5215059617021,null,null,146.398688051358,null,null,null,22.5569741496276,null,48.7988688391531,819.1609940713,null,null,6.22789589620855,108.112219738177,147.737351763317
